[
    {
        "turn": 0,
        "cardinality conflicts": 0,
        "negation conflicts": 0,
        "subject gaps": 2,
        "object gaps": 2,
        "statement novelty": 1,
        "subject novelty": 0,
        "object novelty": 0,
        "overlaps subject-predicate": 1,
        "overlaps predicate-object": 0,
        "trust": 0.5,
        "Average degree": 10.887074829931972,
        "Sparseness": 0.006073395344532371,
        "Shortest path": 2.691560547924892,
        "Total triples": 4001.0,
        "Total classes": 24,
        "Total predicates": 12,
        "Average population": 19.529411764705884,
        "Total claims": 19.0,
        "Total perspectives": 18.0,
        "Total conflicts": 0,
        "Total sources": 1.0,
        "Ratio claims to triples": 0.0047488127968008,
        "Ratio perspectives to triples": 0.004498875281179705,
        "Ratio conflicts to triples": 0.0,
        "Ratio perspectives to claims": 0.9473684210526315,
        "Ratio conflicts to claims": 0.0
    },
    {
        "turn": 3,
        "cardinality conflicts": 0,
        "negation conflicts": 0,
        "subject gaps": 2,
        "object gaps": 2,
        "statement novelty": 0,
        "subject novelty": 0,
        "object novelty": 1,
        "overlaps subject-predicate": 0,
        "overlaps predicate-object": 0,
        "trust": 0.5,
        "Average degree": 10.877005347593583,
        "Sparseness": 0.005967785753095599,
        "Shortest path": 2.698036352182348,
        "Total triples": 4068.0,
        "Total classes": 24,
        "Total predicates": 12,
        "Average population": 20.0,
        "Total claims": 20.0,
        "Total perspectives": 19.0,
        "Total conflicts": 0,
        "Total sources": 1.0,
        "Ratio claims to triples": 0.004916420845624385,
        "Ratio perspectives to triples": 0.004670599803343166,
        "Ratio conflicts to triples": 0.0,
        "Ratio perspectives to claims": 0.95,
        "Ratio conflicts to claims": 0.0
    },
    {
        "turn": 5,
        "cardinality conflicts": 0,
        "negation conflicts": 0,
        "subject gaps": 2,
        "object gaps": 2,
        "statement novelty": 0,
        "subject novelty": 0,
        "object novelty": 0,
        "overlaps subject-predicate": 0,
        "overlaps predicate-object": 1,
        "trust": 0.5,
        "Average degree": 10.886543535620053,
        "Sparseness": 0.0058966451082908084,
        "Shortest path": 2.7043948651634873,
        "Total triples": 4126.0,
        "Total classes": 24,
        "Total predicates": 12,
        "Average population": 20.372549019607842,
        "Total claims": 21.0,
        "Total perspectives": 20.0,
        "Total conflicts": 0,
        "Total sources": 1.0,
        "Ratio claims to triples": 0.005089675230247213,
        "Ratio perspectives to triples": 0.004847309743092583,
        "Ratio conflicts to triples": 0.0,
        "Ratio perspectives to claims": 0.9523809523809523,
        "Ratio conflicts to claims": 0.0
    },
    {
        "turn": 7,
        "cardinality conflicts": 0,
        "negation conflicts": 0,
        "subject gaps": 2,
        "object gaps": 2,
        "statement novelty": 0,
        "subject novelty": 0,
        "object novelty": 1,
        "overlaps subject-predicate": 0,
        "overlaps predicate-object": 0,
        "trust": 0.5,
        "Average degree": 10.883116883116884,
        "Sparseness": 0.005807050092764379,
        "Shortest path": 2.711374191478223,
        "Total triples": 4190.0,
        "Total classes": 24,
        "Total predicates": 12,
        "Average population": 20.823529411764707,
        "Total claims": 22.0,
        "Total perspectives": 21.0,
        "Total conflicts": 0,
        "Total sources": 1.0,
        "Ratio claims to triples": 0.005250596658711217,
        "Ratio perspectives to triples": 0.005011933174224344,
        "Ratio conflicts to triples": 0.0,
        "Ratio perspectives to claims": 0.9545454545454546,
        "Ratio conflicts to claims": 0.0
    },
    {
        "turn": 9,
        "cardinality conflicts": 0,
        "negation conflicts": 0,
        "subject gaps": 2,
        "object gaps": 2,
        "statement novelty": 1,
        "subject novelty": 0,
        "object novelty": 0,
        "overlaps subject-predicate": 0,
        "overlaps predicate-object": 0,
        "trust": 0.5,
        "Average degree": 10.913548387096775,
        "Sparseness": 0.005782310093652446,
        "Shortest path": 2.7143385846461614,
        "Total triples": 4229.0,
        "Total classes": 24,
        "Total predicates": 12,
        "Average population": 21.0,
        "Total claims": 22.0,
        "Total perspectives": 21.0,
        "Total conflicts": 0,
        "Total sources": 1.0,
        "Ratio claims to triples": 0.005202175455190352,
        "Ratio perspectives to triples": 0.004965712934499882,
        "Ratio conflicts to triples": 0.0,
        "Ratio perspectives to claims": 0.9545454545454546,
        "Ratio conflicts to claims": 0.0
    },
    {
        "turn": 11,
        "cardinality conflicts": 0,
        "negation conflicts": 0,
        "subject gaps": 2,
        "object gaps": 2,
        "statement novelty": 0,
        "subject novelty": 0,
        "object novelty": 1,
        "overlaps subject-predicate": 2,
        "overlaps predicate-object": 0,
        "trust": 0.5,
        "Average degree": 10.909783989834816,
        "Sparseness": 0.005696119760595057,
        "Shortest path": 2.7210264766837704,
        "Total triples": 4293.0,
        "Total classes": 24,
        "Total predicates": 12,
        "Average population": 21.45098039215686,
        "Total claims": 23.0,
        "Total perspectives": 22.0,
        "Total conflicts": 0,
        "Total sources": 1.0,
        "Ratio claims to triples": 0.005357558816678314,
        "Ratio perspectives to triples": 0.005124621476822734,
        "Ratio conflicts to triples": 0.0,
        "Ratio perspectives to claims": 0.9565217391304348,
        "Ratio conflicts to claims": 0.0
    },
    {
        "turn": 13,
        "cardinality conflicts": 0,
        "negation conflicts": 0,
        "subject gaps": 2,
        "object gaps": 2,
        "statement novelty": 1,
        "subject novelty": 0,
        "object novelty": 0,
        "overlaps subject-predicate": 3,
        "overlaps predicate-object": 0,
        "trust": 0.5,
        "Average degree": 10.93939393939394,
        "Sparseness": 0.00567225283134374,
        "Shortest path": 2.7238727349346816,
        "Total triples": 4332.0,
        "Total classes": 24,
        "Total predicates": 12,
        "Average population": 21.627450980392158,
        "Total claims": 23.0,
        "Total perspectives": 22.0,
        "Total conflicts": 0,
        "Total sources": 1.0,
        "Ratio claims to triples": 0.00530932594644506,
        "Ratio perspectives to triples": 0.0050784856879039705,
        "Ratio conflicts to triples": 0.0,
        "Ratio perspectives to claims": 0.9565217391304348,
        "Ratio conflicts to claims": 0.0
    },
    {
        "turn": 15,
        "cardinality conflicts": 0,
        "negation conflicts": 0,
        "subject gaps": 2,
        "object gaps": 2,
        "statement novelty": 1,
        "subject novelty": 0,
        "object novelty": 0,
        "overlaps subject-predicate": 3,
        "overlaps predicate-object": 0,
        "trust": 0.5,
        "Average degree": 10.968632371392722,
        "Sparseness": 0.005648534576808578,
        "Shortest path": 2.7266854977522494,
        "Total triples": 4371.0,
        "Total classes": 24,
        "Total predicates": 12,
        "Average population": 21.80392156862745,
        "Total claims": 23.0,
        "Total perspectives": 22.0,
        "Total conflicts": 0,
        "Total sources": 1.0,
        "Ratio claims to triples": 0.00526195378631892,
        "Ratio perspectives to triples": 0.005033173186913749,
        "Ratio conflicts to triples": 0.0,
        "Ratio perspectives to claims": 0.9565217391304348,
        "Ratio conflicts to claims": 0.0
    },
    {
        "turn": 17,
        "cardinality conflicts": 0,
        "negation conflicts": 0,
        "subject gaps": 2,
        "object gaps": 2,
        "statement novelty": 1,
        "subject novelty": 0,
        "object novelty": 0,
        "overlaps subject-predicate": 3,
        "overlaps predicate-object": 0,
        "trust": 0.5,
        "Average degree": 10.997506234413965,
        "Sparseness": 0.005624965018874261,
        "Shortest path": 2.7294653503569415,
        "Total triples": 4410.0,
        "Total classes": 24,
        "Total predicates": 12,
        "Average population": 21.980392156862745,
        "Total claims": 23.0,
        "Total perspectives": 22.0,
        "Total conflicts": 0,
        "Total sources": 1.0,
        "Ratio claims to triples": 0.005215419501133787,
        "Ratio perspectives to triples": 0.004988662131519274,
        "Ratio conflicts to triples": 0.0,
        "Ratio perspectives to claims": 0.9565217391304348,
        "Ratio conflicts to claims": 0.0
    },
    {
        "turn": 19,
        "cardinality conflicts": 0,
        "negation conflicts": 0,
        "subject gaps": 2,
        "object gaps": 2,
        "statement novelty": 0,
        "subject novelty": 0,
        "object novelty": 0,
        "overlaps subject-predicate": 0,
        "overlaps predicate-object": 1,
        "trust": 0.5,
        "Average degree": 11.004926108374384,
        "Sparseness": 0.005561588487951661,
        "Shortest path": 2.7350470440312695,
        "Total triples": 4468.0,
        "Total classes": 24,
        "Total predicates": 12,
        "Average population": 22.352941176470587,
        "Total claims": 24.0,
        "Total perspectives": 23.0,
        "Total conflicts": 0,
        "Total sources": 1.0,
        "Ratio claims to triples": 0.005371530886302597,
        "Ratio perspectives to triples": 0.005147717099373322,
        "Ratio conflicts to triples": 0.0,
        "Ratio perspectives to claims": 0.9583333333333334,
        "Ratio conflicts to claims": 0.0
    }
]