[
    {
        "turn": 0,
        "cardinality conflicts": 0,
        "negation conflicts": 0,
        "subject gaps": 2,
        "object gaps": 2,
        "statement novelty": 0,
        "subject novelty": 0,
        "object novelty": 1,
        "overlaps subject-predicate": 0,
        "overlaps predicate-object": 0,
        "trust": 0.5,
        "Average degree": 11.182481751824817,
        "Sparseness": 0.006627950343651766,
        "Shortest path": 2.6575447133649206,
        "Total triples": 3830.0,
        "Total classes": 24,
        "Total predicates": 12,
        "Average population": 17.58823529411765,
        "Total claims": 13.0,
        "Total perspectives": 12.0,
        "Total conflicts": 0,
        "Total sources": 1.0,
        "Ratio claims to triples": 0.003394255874673629,
        "Ratio perspectives to triples": 0.003133159268929504,
        "Ratio conflicts to triples": 0.0,
        "Ratio perspectives to claims": 0.9230769230769231,
        "Ratio conflicts to claims": 0.0
    },
    {
        "turn": 3,
        "cardinality conflicts": 0,
        "negation conflicts": 0,
        "subject gaps": 2,
        "object gaps": 2,
        "statement novelty": 1,
        "subject novelty": 0,
        "object novelty": 0,
        "overlaps subject-predicate": 2,
        "overlaps predicate-object": 0,
        "trust": 0.5,
        "Average degree": 11.206946454413893,
        "Sparseness": 0.006582460872788656,
        "Shortest path": 2.6603032781727807,
        "Total triples": 3872.0,
        "Total classes": 24,
        "Total predicates": 12,
        "Average population": 17.784313725490197,
        "Total claims": 13.0,
        "Total perspectives": 12.0,
        "Total conflicts": 0,
        "Total sources": 1.0,
        "Ratio claims to triples": 0.0033574380165289257,
        "Ratio perspectives to triples": 0.0030991735537190084,
        "Ratio conflicts to triples": 0.0,
        "Ratio perspectives to claims": 0.9230769230769231,
        "Ratio conflicts to claims": 0.0
    },
    {
        "turn": 5,
        "cardinality conflicts": 0,
        "negation conflicts": 0,
        "subject gaps": 2,
        "object gaps": 2,
        "statement novelty": 1,
        "subject novelty": 0,
        "object novelty": 0,
        "overlaps subject-predicate": 2,
        "overlaps predicate-object": 0,
        "trust": 0.5,
        "Average degree": 11.238505747126437,
        "Sparseness": 0.0065501552384727175,
        "Shortest path": 2.663941949888365,
        "Total triples": 3911.0,
        "Total classes": 24,
        "Total predicates": 12,
        "Average population": 17.96078431372549,
        "Total claims": 13.0,
        "Total perspectives": 12.0,
        "Total conflicts": 0,
        "Total sources": 1.0,
        "Ratio claims to triples": 0.0033239580669905395,
        "Ratio perspectives to triples": 0.003068268984914344,
        "Ratio conflicts to triples": 0.0,
        "Ratio perspectives to claims": 0.9230769230769231,
        "Ratio conflicts to claims": 0.0
    },
    {
        "turn": 7,
        "cardinality conflicts": 0,
        "negation conflicts": 0,
        "subject gaps": 2,
        "object gaps": 2,
        "statement novelty": 0,
        "subject novelty": 0,
        "object novelty": 1,
        "overlaps subject-predicate": 0,
        "overlaps predicate-object": 0,
        "trust": 0.5,
        "Average degree": 11.228813559322035,
        "Sparseness": 0.006439720386862013,
        "Shortest path": 2.6721925219156297,
        "Total triples": 3975.0,
        "Total classes": 24,
        "Total predicates": 12,
        "Average population": 18.41176470588235,
        "Total claims": 14.0,
        "Total perspectives": 13.0,
        "Total conflicts": 0,
        "Total sources": 1.0,
        "Ratio claims to triples": 0.003522012578616352,
        "Ratio perspectives to triples": 0.003270440251572327,
        "Ratio conflicts to triples": 0.0,
        "Ratio perspectives to claims": 0.9285714285714286,
        "Ratio conflicts to claims": 0.0
    },
    {
        "turn": 9,
        "cardinality conflicts": 0,
        "negation conflicts": 0,
        "subject gaps": 2,
        "object gaps": 2,
        "statement novelty": 1,
        "subject novelty": 0,
        "object novelty": 0,
        "overlaps subject-predicate": 0,
        "overlaps predicate-object": 0,
        "trust": 0.5,
        "Average degree": 11.259467040673211,
        "Sparseness": 0.00640873066611064,
        "Shortest path": 2.675670138834171,
        "Total triples": 4014.0,
        "Total classes": 24,
        "Total predicates": 12,
        "Average population": 18.58823529411765,
        "Total claims": 14.0,
        "Total perspectives": 13.0,
        "Total conflicts": 0,
        "Total sources": 1.0,
        "Ratio claims to triples": 0.003487792725460887,
        "Ratio perspectives to triples": 0.0032386646736422523,
        "Ratio conflicts to triples": 0.0,
        "Ratio perspectives to claims": 0.9285714285714286,
        "Ratio conflicts to claims": 0.0
    },
    {
        "turn": 11,
        "cardinality conflicts": 0,
        "negation conflicts": 0,
        "subject gaps": 2,
        "object gaps": 2,
        "statement novelty": 0,
        "subject novelty": 0,
        "object novelty": 1,
        "overlaps subject-predicate": 1,
        "overlaps predicate-object": 0,
        "trust": 0.5,
        "Average degree": 11.249655172413792,
        "Sparseness": 0.006302972651605232,
        "Shortest path": 2.683547342350924,
        "Total triples": 4078.0,
        "Total classes": 24,
        "Total predicates": 12,
        "Average population": 19.03921568627451,
        "Total claims": 15.0,
        "Total perspectives": 14.0,
        "Total conflicts": 0,
        "Total sources": 1.0,
        "Ratio claims to triples": 0.003678273663560569,
        "Ratio perspectives to triples": 0.0034330554193231977,
        "Ratio conflicts to triples": 0.0,
        "Ratio perspectives to claims": 0.9333333333333333,
        "Ratio conflicts to claims": 0.0
    },
    {
        "turn": 13,
        "cardinality conflicts": 0,
        "negation conflicts": 0,
        "subject gaps": 2,
        "object gaps": 2,
        "statement novelty": 1,
        "subject novelty": 0,
        "object novelty": 1,
        "overlaps subject-predicate": 2,
        "overlaps predicate-object": 0,
        "trust": 0.5,
        "Average degree": 11.283173734610124,
        "Sparseness": 0.006269170092877287,
        "Shortest path": 2.6859359481288534,
        "Total triples": 4124.0,
        "Total classes": 24,
        "Total predicates": 12,
        "Average population": 19.294117647058822,
        "Total claims": 15.0,
        "Total perspectives": 14.0,
        "Total conflicts": 0,
        "Total sources": 1.0,
        "Ratio claims to triples": 0.0036372453928225023,
        "Ratio perspectives to triples": 0.0033947623666343357,
        "Ratio conflicts to triples": 0.0,
        "Ratio perspectives to claims": 0.9333333333333333,
        "Ratio conflicts to claims": 0.0
    },
    {
        "turn": 15,
        "cardinality conflicts": 0,
        "negation conflicts": 0,
        "subject gaps": 2,
        "object gaps": 2,
        "statement novelty": 0,
        "subject novelty": 1,
        "object novelty": 1,
        "overlaps subject-predicate": 0,
        "overlaps predicate-object": 0,
        "trust": 0.5,
        "Average degree": 11.259060402684563,
        "Sparseness": 0.0061456691140038735,
        "Shortest path": 2.694324168290395,
        "Total triples": 4194.0,
        "Total classes": 24,
        "Total predicates": 12,
        "Average population": 19.823529411764707,
        "Total claims": 16.0,
        "Total perspectives": 15.0,
        "Total conflicts": 0,
        "Total sources": 1.0,
        "Ratio claims to triples": 0.003814973772055317,
        "Ratio perspectives to triples": 0.00357653791130186,
        "Ratio conflicts to triples": 0.0,
        "Ratio perspectives to claims": 0.9375,
        "Ratio conflicts to claims": 0.0
    },
    {
        "turn": 17,
        "cardinality conflicts": 0,
        "negation conflicts": 0,
        "subject gaps": 2,
        "object gaps": 2,
        "statement novelty": 1,
        "subject novelty": 0,
        "object novelty": 0,
        "overlaps subject-predicate": 0,
        "overlaps predicate-object": 0,
        "trust": 0.5,
        "Average degree": 11.288,
        "Sparseness": 0.006117333333333333,
        "Shortest path": 2.6974988874054295,
        "Total triples": 4233.0,
        "Total classes": 24,
        "Total predicates": 12,
        "Average population": 20.0,
        "Total claims": 16.0,
        "Total perspectives": 15.0,
        "Total conflicts": 0,
        "Total sources": 1.0,
        "Ratio claims to triples": 0.0037798251830852823,
        "Ratio perspectives to triples": 0.003543586109142452,
        "Ratio conflicts to triples": 0.0,
        "Ratio perspectives to claims": 0.9375,
        "Ratio conflicts to claims": 0.0
    },
    {
        "turn": 19,
        "cardinality conflicts": 0,
        "negation conflicts": 0,
        "subject gaps": 2,
        "object gaps": 2,
        "statement novelty": 1,
        "subject novelty": 0,
        "object novelty": 0,
        "overlaps subject-predicate": 0,
        "overlaps predicate-object": 0,
        "trust": 0.5,
        "Average degree": 11.316556291390729,
        "Sparseness": 0.006089206613745011,
        "Shortest path": 2.700634145484568,
        "Total triples": 4272.0,
        "Total classes": 24,
        "Total predicates": 12,
        "Average population": 20.176470588235293,
        "Total claims": 16.0,
        "Total perspectives": 15.0,
        "Total conflicts": 0,
        "Total sources": 1.0,
        "Ratio claims to triples": 0.003745318352059925,
        "Ratio perspectives to triples": 0.0035112359550561797,
        "Ratio conflicts to triples": 0.0,
        "Ratio perspectives to claims": 0.9375,
        "Ratio conflicts to claims": 0.0
    }
]