[
    {
        "turn": 0,
        "cardinality conflicts": 0,
        "negation conflicts": 0,
        "subject gaps": 2,
        "object gaps": 2,
        "statement novelty": 0,
        "subject novelty": 1,
        "object novelty": 1,
        "overlaps subject-predicate": 0,
        "overlaps predicate-object": 0,
        "trust": 0.5,
        "Average degree": 10.810707456978967,
        "Sparseness": 0.008383023372293248,
        "Shortest path": 2.510838589628067,
        "Total triples": 2827.0,
        "Total classes": 24,
        "Total predicates": 12,
        "Average population": 11.823529411764707,
        "Total claims": 6.0,
        "Total perspectives": 5.0,
        "Total conflicts": 0,
        "Total sources": 1.0,
        "Ratio claims to triples": 0.0021223912274495934,
        "Ratio perspectives to triples": 0.0017686593562079944,
        "Ratio conflicts to triples": 0.0,
        "Ratio perspectives to claims": 0.8333333333333334,
        "Ratio conflicts to claims": 0.0
    },
    {
        "turn": 3,
        "cardinality conflicts": 0,
        "negation conflicts": 0,
        "subject gaps": 2,
        "object gaps": 2,
        "statement novelty": 1,
        "subject novelty": 0,
        "object novelty": 0,
        "overlaps subject-predicate": 0,
        "overlaps predicate-object": 0,
        "trust": 0.5,
        "Average degree": 10.8468809073724,
        "Sparseness": 0.00831186280780872,
        "Shortest path": 2.515917683450765,
        "Total triples": 2869.0,
        "Total classes": 24,
        "Total predicates": 12,
        "Average population": 12.019607843137255,
        "Total claims": 6.0,
        "Total perspectives": 5.0,
        "Total conflicts": 0,
        "Total sources": 1.0,
        "Ratio claims to triples": 0.0020913210177762286,
        "Ratio perspectives to triples": 0.001742767514813524,
        "Ratio conflicts to triples": 0.0,
        "Ratio perspectives to claims": 0.8333333333333334,
        "Ratio conflicts to claims": 0.0
    },
    {
        "turn": 5,
        "cardinality conflicts": 0,
        "negation conflicts": 0,
        "subject gaps": 2,
        "object gaps": 2,
        "statement novelty": 0,
        "subject novelty": 1,
        "object novelty": 1,
        "overlaps subject-predicate": 0,
        "overlaps predicate-object": 0,
        "trust": 0.5,
        "Average degree": 10.825046040515653,
        "Sparseness": 0.008095669308696995,
        "Shortest path": 2.53144686142994,
        "Total triples": 2939.0,
        "Total classes": 24,
        "Total predicates": 12,
        "Average population": 12.549019607843137,
        "Total claims": 7.0,
        "Total perspectives": 6.0,
        "Total conflicts": 0,
        "Total sources": 1.0,
        "Ratio claims to triples": 0.0023817625042531474,
        "Ratio perspectives to triples": 0.002041510717931269,
        "Ratio conflicts to triples": 0.0,
        "Ratio perspectives to claims": 0.8571428571428571,
        "Ratio conflicts to claims": 0.0
    },
    {
        "turn": 7,
        "cardinality conflicts": 0,
        "negation conflicts": 0,
        "subject gaps": 2,
        "object gaps": 2,
        "statement novelty": 1,
        "subject novelty": 0,
        "object novelty": 0,
        "overlaps subject-predicate": 0,
        "overlaps predicate-object": 0,
        "trust": 0.5,
        "Average degree": 10.86861313868613,
        "Sparseness": 0.008048510842346422,
        "Shortest path": 2.5370901666688908,
        "Total triples": 2978.0,
        "Total classes": 24,
        "Total predicates": 12,
        "Average population": 12.72549019607843,
        "Total claims": 7.0,
        "Total perspectives": 6.0,
        "Total conflicts": 0,
        "Total sources": 1.0,
        "Ratio claims to triples": 0.0023505708529214238,
        "Ratio perspectives to triples": 0.0020147750167897917,
        "Ratio conflicts to triples": 0.0,
        "Ratio perspectives to claims": 0.8571428571428571,
        "Ratio conflicts to claims": 0.0
    },
    {
        "turn": 9,
        "cardinality conflicts": 0,
        "negation conflicts": 0,
        "subject gaps": 2,
        "object gaps": 2,
        "statement novelty": 1,
        "subject novelty": 0,
        "object novelty": 0,
        "overlaps subject-predicate": 0,
        "overlaps predicate-object": 0,
        "trust": 0.5,
        "Average degree": 10.91139240506329,
        "Sparseness": 0.008001726567890416,
        "Shortest path": 2.5426396205152395,
        "Total triples": 3017.0,
        "Total classes": 24,
        "Total predicates": 12,
        "Average population": 12.901960784313726,
        "Total claims": 7.0,
        "Total perspectives": 6.0,
        "Total conflicts": 0,
        "Total sources": 1.0,
        "Ratio claims to triples": 0.002320185614849188,
        "Ratio perspectives to triples": 0.0019887305270135896,
        "Ratio conflicts to triples": 0.0,
        "Ratio perspectives to claims": 0.8571428571428571,
        "Ratio conflicts to claims": 0.0
    },
    {
        "turn": 11,
        "cardinality conflicts": 0,
        "negation conflicts": 0,
        "subject gaps": 2,
        "object gaps": 2,
        "statement novelty": 0,
        "subject novelty": 1,
        "object novelty": 1,
        "overlaps subject-predicate": 0,
        "overlaps predicate-object": 0,
        "trust": 0.5,
        "Average degree": 10.88888888888889,
        "Sparseness": 0.007801200041058947,
        "Shortest path": 2.556914141130867,
        "Total triples": 3087.0,
        "Total classes": 24,
        "Total predicates": 12,
        "Average population": 13.431372549019608,
        "Total claims": 8.0,
        "Total perspectives": 7.0,
        "Total conflicts": 0,
        "Total sources": 1.0,
        "Ratio claims to triples": 0.0025915127955944283,
        "Ratio perspectives to triples": 0.0022675736961451248,
        "Ratio conflicts to triples": 0.0,
        "Ratio perspectives to claims": 0.875,
        "Ratio conflicts to claims": 0.0
    },
    {
        "turn": 13,
        "cardinality conflicts": 0,
        "negation conflicts": 0,
        "subject gaps": 2,
        "object gaps": 2,
        "statement novelty": 0,
        "subject novelty": 0,
        "object novelty": 0,
        "overlaps subject-predicate": 0,
        "overlaps predicate-object": 1,
        "trust": 0.5,
        "Average degree": 10.901213171577123,
        "Sparseness": 0.0076803162235792016,
        "Shortest path": 2.5674947044097824,
        "Total triples": 3145.0,
        "Total classes": 24,
        "Total predicates": 12,
        "Average population": 13.803921568627452,
        "Total claims": 9.0,
        "Total perspectives": 8.0,
        "Total conflicts": 0,
        "Total sources": 1.0,
        "Ratio claims to triples": 0.002861685214626391,
        "Ratio perspectives to triples": 0.0025437201907790143,
        "Ratio conflicts to triples": 0.0,
        "Ratio perspectives to claims": 0.8888888888888888,
        "Ratio conflicts to claims": 0.0
    },
    {
        "turn": 15,
        "cardinality conflicts": 0,
        "negation conflicts": 0,
        "subject gaps": 2,
        "object gaps": 2,
        "statement novelty": 1,
        "subject novelty": 1,
        "object novelty": 0,
        "overlaps subject-predicate": 0,
        "overlaps predicate-object": 2,
        "trust": 0.5,
        "Average degree": 10.946826758147512,
        "Sparseness": 0.0076319033566840935,
        "Shortest path": 2.571548985281722,
        "Total triples": 3191.0,
        "Total classes": 24,
        "Total predicates": 12,
        "Average population": 14.058823529411764,
        "Total claims": 9.0,
        "Total perspectives": 8.0,
        "Total conflicts": 0,
        "Total sources": 1.0,
        "Ratio claims to triples": 0.002820432466311501,
        "Ratio perspectives to triples": 0.0025070510811657787,
        "Ratio conflicts to triples": 0.0,
        "Ratio perspectives to claims": 0.8888888888888888,
        "Ratio conflicts to claims": 0.0
    },
    {
        "turn": 17,
        "cardinality conflicts": 0,
        "negation conflicts": 0,
        "subject gaps": 2,
        "object gaps": 2,
        "statement novelty": 1,
        "subject novelty": 0,
        "object novelty": 0,
        "overlaps subject-predicate": 0,
        "overlaps predicate-object": 2,
        "trust": 0.5,
        "Average degree": 10.986394557823129,
        "Sparseness": 0.007589430329955111,
        "Shortest path": 2.576516126041558,
        "Total triples": 3230.0,
        "Total classes": 24,
        "Total predicates": 12,
        "Average population": 14.235294117647058,
        "Total claims": 9.0,
        "Total perspectives": 8.0,
        "Total conflicts": 0,
        "Total sources": 1.0,
        "Ratio claims to triples": 0.0027863777089783283,
        "Ratio perspectives to triples": 0.002476780185758514,
        "Ratio conflicts to triples": 0.0,
        "Ratio perspectives to claims": 0.8888888888888888,
        "Ratio conflicts to claims": 0.0
    },
    {
        "turn": 19,
        "cardinality conflicts": 0,
        "negation conflicts": 0,
        "subject gaps": 2,
        "object gaps": 2,
        "statement novelty": 1,
        "subject novelty": 1,
        "object novelty": 0,
        "overlaps subject-predicate": 0,
        "overlaps predicate-object": 2,
        "trust": 0.5,
        "Average degree": 11.030303030303031,
        "Sparseness": 0.0075417474407373395,
        "Shortest path": 2.5804191436569175,
        "Total triples": 3276.0,
        "Total classes": 24,
        "Total predicates": 12,
        "Average population": 14.490196078431373,
        "Total claims": 9.0,
        "Total perspectives": 8.0,
        "Total conflicts": 0,
        "Total sources": 1.0,
        "Ratio claims to triples": 0.0027472527472527475,
        "Ratio perspectives to triples": 0.002442002442002442,
        "Ratio conflicts to triples": 0.0,
        "Ratio perspectives to claims": 0.8888888888888888,
        "Ratio conflicts to claims": 0.0
    }
]