[
    {
        "turn": 0,
        "cardinality conflicts": 0,
        "negation conflicts": 0,
        "subject gaps": 2,
        "object gaps": 2,
        "statement novelty": 0,
        "subject novelty": 1,
        "object novelty": 1,
        "overlaps subject-predicate": 0,
        "overlaps predicate-object": 0,
        "trust": 0.5,
        "Average degree": 10.721189591078067,
        "Sparseness": 0.008119014386202512,
        "Shortest path": 2.5259288488297233,
        "Total triples": 2884.0,
        "Total classes": 24,
        "Total predicates": 12,
        "Average population": 12.450980392156863,
        "Total claims": 8.0,
        "Total perspectives": 7.0,
        "Total conflicts": 0,
        "Total sources": 1.0,
        "Ratio claims to triples": 0.0027739251040221915,
        "Ratio perspectives to triples": 0.0024271844660194173,
        "Ratio conflicts to triples": 0.0,
        "Ratio perspectives to claims": 0.875,
        "Ratio conflicts to claims": 0.0
    },
    {
        "turn": 3,
        "cardinality conflicts": 0,
        "negation conflicts": 0,
        "subject gaps": 2,
        "object gaps": 2,
        "statement novelty": 0,
        "subject novelty": 0,
        "object novelty": 1,
        "overlaps subject-predicate": 0,
        "overlaps predicate-object": 0,
        "trust": 0.5,
        "Average degree": 10.711433756805807,
        "Sparseness": 0.007931462676341646,
        "Shortest path": 2.5383204091734037,
        "Total triples": 2951.0,
        "Total classes": 24,
        "Total predicates": 12,
        "Average population": 12.92156862745098,
        "Total claims": 9.0,
        "Total perspectives": 8.0,
        "Total conflicts": 0,
        "Total sources": 1.0,
        "Ratio claims to triples": 0.003049813622500847,
        "Ratio perspectives to triples": 0.0027109454422229754,
        "Ratio conflicts to triples": 0.0,
        "Ratio perspectives to claims": 0.8888888888888888,
        "Ratio conflicts to claims": 0.0
    },
    {
        "turn": 5,
        "cardinality conflicts": 0,
        "negation conflicts": 0,
        "subject gaps": 2,
        "object gaps": 2,
        "statement novelty": 0,
        "subject novelty": 0,
        "object novelty": 1,
        "overlaps subject-predicate": 0,
        "overlaps predicate-object": 0,
        "trust": 0.5,
        "Average degree": 10.710479573712256,
        "Sparseness": 0.00777047597714603,
        "Shortest path": 2.5511147070535958,
        "Total triples": 3015.0,
        "Total classes": 24,
        "Total predicates": 12,
        "Average population": 13.372549019607844,
        "Total claims": 10.0,
        "Total perspectives": 9.0,
        "Total conflicts": 0,
        "Total sources": 1.0,
        "Ratio claims to triples": 0.003316749585406302,
        "Ratio perspectives to triples": 0.0029850746268656717,
        "Ratio conflicts to triples": 0.0,
        "Ratio perspectives to claims": 0.9,
        "Ratio conflicts to claims": 0.0
    },
    {
        "turn": 7,
        "cardinality conflicts": 0,
        "negation conflicts": 0,
        "subject gaps": 2,
        "object gaps": 2,
        "statement novelty": 0,
        "subject novelty": 1,
        "object novelty": 0,
        "overlaps subject-predicate": 0,
        "overlaps predicate-object": 1,
        "trust": 0.5,
        "Average degree": 10.709565217391305,
        "Sparseness": 0.007615879017013233,
        "Shortest path": 2.5633994849265265,
        "Total triples": 3079.0,
        "Total classes": 24,
        "Total predicates": 12,
        "Average population": 13.823529411764707,
        "Total claims": 11.0,
        "Total perspectives": 10.0,
        "Total conflicts": 0,
        "Total sources": 1.0,
        "Ratio claims to triples": 0.0035725885027606367,
        "Ratio perspectives to triples": 0.003247807729782397,
        "Ratio conflicts to triples": 0.0,
        "Ratio perspectives to claims": 0.9090909090909091,
        "Ratio conflicts to claims": 0.0
    },
    {
        "turn": 9,
        "cardinality conflicts": 0,
        "negation conflicts": 0,
        "subject gaps": 2,
        "object gaps": 2,
        "statement novelty": 0,
        "subject novelty": 0,
        "object novelty": 1,
        "overlaps subject-predicate": 0,
        "overlaps predicate-object": 0,
        "trust": 0.5,
        "Average degree": 10.708688245315162,
        "Sparseness": 0.007467299728066076,
        "Shortest path": 2.575204516515399,
        "Total triples": 3143.0,
        "Total classes": 24,
        "Total predicates": 12,
        "Average population": 14.27450980392157,
        "Total claims": 12.0,
        "Total perspectives": 11.0,
        "Total conflicts": 0,
        "Total sources": 1.0,
        "Ratio claims to triples": 0.003818008272351257,
        "Ratio perspectives to triples": 0.0034998409163219855,
        "Ratio conflicts to triples": 0.0,
        "Ratio perspectives to claims": 0.9166666666666666,
        "Ratio conflicts to claims": 0.0
    },
    {
        "turn": 11,
        "cardinality conflicts": 0,
        "negation conflicts": 0,
        "subject gaps": 2,
        "object gaps": 2,
        "statement novelty": 0,
        "subject novelty": 1,
        "object novelty": 0,
        "overlaps subject-predicate": 0,
        "overlaps predicate-object": 1,
        "trust": 0.5,
        "Average degree": 10.707846410684475,
        "Sparseness": 0.007324394302134052,
        "Shortest path": 2.5865573056543516,
        "Total triples": 3207.0,
        "Total classes": 24,
        "Total predicates": 12,
        "Average population": 14.72549019607843,
        "Total claims": 13.0,
        "Total perspectives": 12.0,
        "Total conflicts": 0,
        "Total sources": 1.0,
        "Ratio claims to triples": 0.004053632678515747,
        "Ratio perspectives to triples": 0.0037418147801683817,
        "Ratio conflicts to triples": 0.0,
        "Ratio perspectives to claims": 0.9230769230769231,
        "Ratio conflicts to claims": 0.0
    },
    {
        "turn": 13,
        "cardinality conflicts": 0,
        "negation conflicts": 0,
        "subject gaps": 2,
        "object gaps": 2,
        "statement novelty": 1,
        "subject novelty": 1,
        "object novelty": 0,
        "overlaps subject-predicate": 0,
        "overlaps predicate-object": 2,
        "trust": 0.5,
        "Average degree": 10.753719008264463,
        "Sparseness": 0.007280923434191654,
        "Shortest path": 2.590290624486892,
        "Total triples": 3253.0,
        "Total classes": 24,
        "Total predicates": 12,
        "Average population": 14.980392156862745,
        "Total claims": 13.0,
        "Total perspectives": 12.0,
        "Total conflicts": 0,
        "Total sources": 1.0,
        "Ratio claims to triples": 0.003996311097448509,
        "Ratio perspectives to triples": 0.0036889025514909315,
        "Ratio conflicts to triples": 0.0,
        "Ratio perspectives to claims": 0.9230769230769231,
        "Ratio conflicts to claims": 0.0
    },
    {
        "turn": 15,
        "cardinality conflicts": 0,
        "negation conflicts": 0,
        "subject gaps": 2,
        "object gaps": 2,
        "statement novelty": 1,
        "subject novelty": 0,
        "object novelty": 0,
        "overlaps subject-predicate": 0,
        "overlaps predicate-object": 2,
        "trust": 0.5,
        "Average degree": 10.79344262295082,
        "Sparseness": 0.0072426766998118786,
        "Shortest path": 2.5949392985006328,
        "Total triples": 3292.0,
        "Total classes": 24,
        "Total predicates": 12,
        "Average population": 15.156862745098039,
        "Total claims": 13.0,
        "Total perspectives": 12.0,
        "Total conflicts": 0,
        "Total sources": 1.0,
        "Ratio claims to triples": 0.003948967193195626,
        "Ratio perspectives to triples": 0.0036452004860267314,
        "Ratio conflicts to triples": 0.0,
        "Ratio perspectives to claims": 0.9230769230769231,
        "Ratio conflicts to claims": 0.0
    },
    {
        "turn": 17,
        "cardinality conflicts": 0,
        "negation conflicts": 0,
        "subject gaps": 2,
        "object gaps": 2,
        "statement novelty": 1,
        "subject novelty": 0,
        "object novelty": 0,
        "overlaps subject-predicate": 0,
        "overlaps predicate-object": 2,
        "trust": 0.5,
        "Average degree": 10.832520325203252,
        "Sparseness": 0.007204706193403397,
        "Shortest path": 2.5995180212388442,
        "Total triples": 3331.0,
        "Total classes": 24,
        "Total predicates": 12,
        "Average population": 15.333333333333334,
        "Total claims": 13.0,
        "Total perspectives": 12.0,
        "Total conflicts": 0,
        "Total sources": 1.0,
        "Ratio claims to triples": 0.003902731912338637,
        "Ratio perspectives to triples": 0.003602521765235665,
        "Ratio conflicts to triples": 0.0,
        "Ratio perspectives to claims": 0.9230769230769231,
        "Ratio conflicts to claims": 0.0
    },
    {
        "turn": 19,
        "cardinality conflicts": 0,
        "negation conflicts": 0,
        "subject gaps": 2,
        "object gaps": 2,
        "statement novelty": 1,
        "subject novelty": 0,
        "object novelty": 0,
        "overlaps subject-predicate": 0,
        "overlaps predicate-object": 2,
        "trust": 0.5,
        "Average degree": 10.870967741935484,
        "Sparseness": 0.007167013527575442,
        "Shortest path": 2.6040283495752776,
        "Total triples": 3370.0,
        "Total classes": 24,
        "Total predicates": 12,
        "Average population": 15.509803921568627,
        "Total claims": 13.0,
        "Total perspectives": 12.0,
        "Total conflicts": 0,
        "Total sources": 1.0,
        "Ratio claims to triples": 0.003857566765578635,
        "Ratio perspectives to triples": 0.0035608308605341245,
        "Ratio conflicts to triples": 0.0,
        "Ratio perspectives to claims": 0.9230769230769231,
        "Ratio conflicts to claims": 0.0
    }
]