[
    {
        "turn": 0,
        "cardinality conflicts": 0,
        "negation conflicts": 0,
        "subject gaps": 2,
        "object gaps": 2,
        "statement novelty": 0,
        "subject novelty": 1,
        "object novelty": 1,
        "overlaps subject-predicate": 0,
        "overlaps predicate-object": 0,
        "trust": 0.5,
        "Average degree": 11.04,
        "Sparseness": 0.007458333333333333,
        "Shortest path": 2.5908347245409016,
        "Total triples": 3312.0,
        "Total classes": 24,
        "Total predicates": 12,
        "Average population": 14.529411764705882,
        "Total claims": 9.0,
        "Total perspectives": 8.0,
        "Total conflicts": 0,
        "Total sources": 1.0,
        "Ratio claims to triples": 0.002717391304347826,
        "Ratio perspectives to triples": 0.0024154589371980675,
        "Ratio conflicts to triples": 0.0,
        "Ratio perspectives to claims": 0.8888888888888888,
        "Ratio conflicts to claims": 0.0
    },
    {
        "turn": 3,
        "cardinality conflicts": 0,
        "negation conflicts": 0,
        "subject gaps": 2,
        "object gaps": 2,
        "statement novelty": 0,
        "subject novelty": 0,
        "object novelty": 1,
        "overlaps subject-predicate": 0,
        "overlaps predicate-object": 0,
        "trust": 0.5,
        "Average degree": 11.02446982055465,
        "Sparseness": 0.007299697420489716,
        "Shortest path": 2.6007634157523802,
        "Total triples": 3379.0,
        "Total classes": 24,
        "Total predicates": 12,
        "Average population": 15.0,
        "Total claims": 10.0,
        "Total perspectives": 9.0,
        "Total conflicts": 0,
        "Total sources": 1.0,
        "Ratio claims to triples": 0.002959455460195324,
        "Ratio perspectives to triples": 0.0026635099141757916,
        "Ratio conflicts to triples": 0.0,
        "Ratio perspectives to claims": 0.9,
        "Ratio conflicts to claims": 0.0
    },
    {
        "turn": 5,
        "cardinality conflicts": 0,
        "negation conflicts": 0,
        "subject gaps": 2,
        "object gaps": 2,
        "statement novelty": 1,
        "subject novelty": 0,
        "object novelty": 0,
        "overlaps subject-predicate": 0,
        "overlaps predicate-object": 0,
        "trust": 0.5,
        "Average degree": 11.06148867313916,
        "Sparseness": 0.007260606822299724,
        "Shortest path": 2.6052828961516474,
        "Total triples": 3418.0,
        "Total classes": 24,
        "Total predicates": 12,
        "Average population": 15.176470588235293,
        "Total claims": 10.0,
        "Total perspectives": 9.0,
        "Total conflicts": 0,
        "Total sources": 1.0,
        "Ratio claims to triples": 0.002925687536571094,
        "Ratio perspectives to triples": 0.0026331187829139848,
        "Ratio conflicts to triples": 0.0,
        "Ratio perspectives to claims": 0.9,
        "Ratio conflicts to claims": 0.0
    },
    {
        "turn": 7,
        "cardinality conflicts": 0,
        "negation conflicts": 0,
        "subject gaps": 2,
        "object gaps": 2,
        "statement novelty": 0,
        "subject novelty": 0,
        "object novelty": 0,
        "overlaps subject-predicate": 0,
        "overlaps predicate-object": 1,
        "trust": 0.5,
        "Average degree": 11.070063694267516,
        "Sparseness": 0.007155462696255426,
        "Shortest path": 2.614319527829417,
        "Total triples": 3476.0,
        "Total classes": 24,
        "Total predicates": 12,
        "Average population": 15.549019607843137,
        "Total claims": 11.0,
        "Total perspectives": 10.0,
        "Total conflicts": 0,
        "Total sources": 1.0,
        "Ratio claims to triples": 0.0031645569620253164,
        "Ratio perspectives to triples": 0.0028768699654775605,
        "Ratio conflicts to triples": 0.0,
        "Ratio perspectives to claims": 0.9090909090909091,
        "Ratio conflicts to claims": 0.0
    },
    {
        "turn": 9,
        "cardinality conflicts": 0,
        "negation conflicts": 0,
        "subject gaps": 2,
        "object gaps": 2,
        "statement novelty": 0,
        "subject novelty": 0,
        "object novelty": 1,
        "overlaps subject-predicate": 1,
        "overlaps predicate-object": 0,
        "trust": 0.5,
        "Average degree": 11.0625,
        "Sparseness": 0.00702392578125,
        "Shortest path": 2.624295774647887,
        "Total triples": 3540.0,
        "Total classes": 24,
        "Total predicates": 12,
        "Average population": 16.0,
        "Total claims": 12.0,
        "Total perspectives": 11.0,
        "Total conflicts": 0,
        "Total sources": 1.0,
        "Ratio claims to triples": 0.003389830508474576,
        "Ratio perspectives to triples": 0.0031073446327683617,
        "Ratio conflicts to triples": 0.0,
        "Ratio perspectives to claims": 0.9166666666666666,
        "Ratio conflicts to claims": 0.0
    },
    {
        "turn": 11,
        "cardinality conflicts": 0,
        "negation conflicts": 0,
        "subject gaps": 2,
        "object gaps": 2,
        "statement novelty": 1,
        "subject novelty": 0,
        "object novelty": 1,
        "overlaps subject-predicate": 2,
        "overlaps predicate-object": 0,
        "trust": 0.5,
        "Average degree": 11.102167182662539,
        "Sparseness": 0.006982718132062993,
        "Shortest path": 2.6274893800849592,
        "Total triples": 3586.0,
        "Total classes": 24,
        "Total predicates": 12,
        "Average population": 16.254901960784313,
        "Total claims": 12.0,
        "Total perspectives": 11.0,
        "Total conflicts": 0,
        "Total sources": 1.0,
        "Ratio claims to triples": 0.0033463469046291134,
        "Ratio perspectives to triples": 0.003067484662576687,
        "Ratio conflicts to triples": 0.0,
        "Ratio perspectives to claims": 0.9166666666666666,
        "Ratio conflicts to claims": 0.0
    },
    {
        "turn": 13,
        "cardinality conflicts": 0,
        "negation conflicts": 0,
        "subject gaps": 2,
        "object gaps": 2,
        "statement novelty": 1,
        "subject novelty": 0,
        "object novelty": 0,
        "overlaps subject-predicate": 1,
        "overlaps predicate-object": 0,
        "trust": 0.5,
        "Average degree": 11.136712749615976,
        "Sparseness": 0.0069466565675871455,
        "Shortest path": 2.631601087084958,
        "Total triples": 3625.0,
        "Total classes": 24,
        "Total predicates": 12,
        "Average population": 16.431372549019606,
        "Total claims": 12.0,
        "Total perspectives": 11.0,
        "Total conflicts": 0,
        "Total sources": 1.0,
        "Ratio claims to triples": 0.003310344827586207,
        "Ratio perspectives to triples": 0.0030344827586206895,
        "Ratio conflicts to triples": 0.0,
        "Ratio perspectives to claims": 0.9166666666666666,
        "Ratio conflicts to claims": 0.0
    },
    {
        "turn": 15,
        "cardinality conflicts": 0,
        "negation conflicts": 0,
        "subject gaps": 2,
        "object gaps": 2,
        "statement novelty": 1,
        "subject novelty": 0,
        "object novelty": 0,
        "overlaps subject-predicate": 1,
        "overlaps predicate-object": 0,
        "trust": 0.5,
        "Average degree": 11.170731707317072,
        "Sparseness": 0.006910878941106484,
        "Shortest path": 2.635654440513871,
        "Total triples": 3664.0,
        "Total classes": 24,
        "Total predicates": 12,
        "Average population": 16.607843137254903,
        "Total claims": 12.0,
        "Total perspectives": 11.0,
        "Total conflicts": 0,
        "Total sources": 1.0,
        "Ratio claims to triples": 0.0032751091703056767,
        "Ratio perspectives to triples": 0.003002183406113537,
        "Ratio conflicts to triples": 0.0,
        "Ratio perspectives to claims": 0.9166666666666666,
        "Ratio conflicts to claims": 0.0
    },
    {
        "turn": 17,
        "cardinality conflicts": 0,
        "negation conflicts": 0,
        "subject gaps": 2,
        "object gaps": 2,
        "statement novelty": 1,
        "subject novelty": 0,
        "object novelty": 0,
        "overlaps subject-predicate": 2,
        "overlaps predicate-object": 0,
        "trust": 0.5,
        "Average degree": 11.204236006051437,
        "Sparseness": 0.006875384794962934,
        "Shortest path": 2.6396506670334206,
        "Total triples": 3703.0,
        "Total classes": 24,
        "Total predicates": 12,
        "Average population": 16.784313725490197,
        "Total claims": 12.0,
        "Total perspectives": 11.0,
        "Total conflicts": 0,
        "Total sources": 1.0,
        "Ratio claims to triples": 0.0032406157169862274,
        "Ratio perspectives to triples": 0.002970564407237375,
        "Ratio conflicts to triples": 0.0,
        "Ratio perspectives to claims": 0.9166666666666666,
        "Ratio conflicts to claims": 0.0
    },
    {
        "turn": 19,
        "cardinality conflicts": 0,
        "negation conflicts": 0,
        "subject gaps": 2,
        "object gaps": 2,
        "statement novelty": 1,
        "subject novelty": 0,
        "object novelty": 1,
        "overlaps subject-predicate": 2,
        "overlaps predicate-object": 0,
        "trust": 0.5,
        "Average degree": 11.241379310344827,
        "Sparseness": 0.006835412878268512,
        "Shortest path": 2.6426246336291315,
        "Total triples": 3749.0,
        "Total classes": 24,
        "Total predicates": 12,
        "Average population": 17.03921568627451,
        "Total claims": 12.0,
        "Total perspectives": 11.0,
        "Total conflicts": 0,
        "Total sources": 1.0,
        "Ratio claims to triples": 0.0032008535609495867,
        "Ratio perspectives to triples": 0.0029341157642037877,
        "Ratio conflicts to triples": 0.0,
        "Ratio perspectives to claims": 0.9166666666666666,
        "Ratio conflicts to claims": 0.0
    }
]