[
    {
        "turn": 0,
        "cardinality conflicts": 0,
        "negation conflicts": 0,
        "subject gaps": 2,
        "object gaps": 2,
        "statement novelty": 1,
        "subject novelty": 0,
        "object novelty": 0,
        "overlaps subject-predicate": 2,
        "overlaps predicate-object": 0,
        "trust": 0.5,
        "Average degree": 10.962605548854041,
        "Sparseness": 0.0054289543260661105,
        "Shortest path": 2.74395261155108,
        "Total triples": 4544.0,
        "Total classes": 24,
        "Total predicates": 12,
        "Average population": 22.84313725490196,
        "Total claims": 25.0,
        "Total perspectives": 24.0,
        "Total conflicts": 0,
        "Total sources": 1.0,
        "Ratio claims to triples": 0.005501760563380281,
        "Ratio perspectives to triples": 0.00528169014084507,
        "Ratio conflicts to triples": 0.0,
        "Ratio perspectives to claims": 0.96,
        "Ratio conflicts to claims": 0.0
    },
    {
        "turn": 3,
        "cardinality conflicts": 0,
        "negation conflicts": 0,
        "subject gaps": 2,
        "object gaps": 2,
        "statement novelty": 0,
        "subject novelty": 0,
        "object novelty": 0,
        "overlaps subject-predicate": 0,
        "overlaps predicate-object": 1,
        "trust": 0.5,
        "Average degree": 10.964285714285714,
        "Sparseness": 0.005361394557823129,
        "Shortest path": 2.7483256711504627,
        "Total triples": 4605.0,
        "Total classes": 24,
        "Total predicates": 12,
        "Average population": 23.235294117647058,
        "Total claims": 26.0,
        "Total perspectives": 25.0,
        "Total conflicts": 0,
        "Total sources": 1.0,
        "Ratio claims to triples": 0.005646036916395223,
        "Ratio perspectives to triples": 0.0054288816503800215,
        "Ratio conflicts to triples": 0.0,
        "Ratio perspectives to claims": 0.9615384615384616,
        "Ratio conflicts to claims": 0.0
    },
    {
        "turn": 5,
        "cardinality conflicts": 0,
        "negation conflicts": 0,
        "subject gaps": 2,
        "object gaps": 2,
        "statement novelty": 0,
        "subject novelty": 0,
        "object novelty": 1,
        "overlaps subject-predicate": 0,
        "overlaps predicate-object": 0,
        "trust": 0.5,
        "Average degree": 10.960093896713616,
        "Sparseness": 0.005287200511362384,
        "Shortest path": 2.7540700529065503,
        "Total triples": 4669.0,
        "Total classes": 24,
        "Total predicates": 12,
        "Average population": 23.686274509803923,
        "Total claims": 27.0,
        "Total perspectives": 26.0,
        "Total conflicts": 0,
        "Total sources": 1.0,
        "Ratio claims to triples": 0.005782822874277147,
        "Ratio perspectives to triples": 0.00556864424930392,
        "Ratio conflicts to triples": 0.0,
        "Ratio perspectives to claims": 0.9629629629629629,
        "Ratio conflicts to claims": 0.0
    },
    {
        "turn": 7,
        "cardinality conflicts": 0,
        "negation conflicts": 0,
        "subject gaps": 2,
        "object gaps": 2,
        "statement novelty": 0,
        "subject novelty": 1,
        "object novelty": 0,
        "overlaps subject-predicate": 0,
        "overlaps predicate-object": 1,
        "trust": 0.5,
        "Average degree": 10.956018518518519,
        "Sparseness": 0.005215031292866941,
        "Shortest path": 2.7596455087764475,
        "Total triples": 4733.0,
        "Total classes": 24,
        "Total predicates": 12,
        "Average population": 24.137254901960784,
        "Total claims": 28.0,
        "Total perspectives": 27.0,
        "Total conflicts": 0,
        "Total sources": 1.0,
        "Ratio claims to triples": 0.005915909571096556,
        "Ratio perspectives to triples": 0.005704627086414536,
        "Ratio conflicts to triples": 0.0,
        "Ratio perspectives to claims": 0.9642857142857143,
        "Ratio conflicts to claims": 0.0
    },
    {
        "turn": 9,
        "cardinality conflicts": 0,
        "negation conflicts": 0,
        "subject gaps": 2,
        "object gaps": 2,
        "statement novelty": 1,
        "subject novelty": 1,
        "object novelty": 0,
        "overlaps subject-predicate": 0,
        "overlaps predicate-object": 2,
        "trust": 0.5,
        "Average degree": 10.986206896551725,
        "Sparseness": 0.005192231470471661,
        "Shortest path": 2.7611655622131397,
        "Total triples": 4779.0,
        "Total classes": 24,
        "Total predicates": 12,
        "Average population": 24.392156862745097,
        "Total claims": 28.0,
        "Total perspectives": 27.0,
        "Total conflicts": 0,
        "Total sources": 1.0,
        "Ratio claims to triples": 0.005858966310943712,
        "Ratio perspectives to triples": 0.005649717514124294,
        "Ratio conflicts to triples": 0.0,
        "Ratio perspectives to claims": 0.9642857142857143,
        "Ratio conflicts to claims": 0.0
    },
    {
        "turn": 11,
        "cardinality conflicts": 0,
        "negation conflicts": 0,
        "subject gaps": 2,
        "object gaps": 2,
        "statement novelty": 0,
        "subject novelty": 1,
        "object novelty": 0,
        "overlaps subject-predicate": 0,
        "overlaps predicate-object": 1,
        "trust": 0.5,
        "Average degree": 10.98185941043084,
        "Sparseness": 0.005122608378196327,
        "Shortest path": 2.76653771610801,
        "Total triples": 4843.0,
        "Total classes": 24,
        "Total predicates": 12,
        "Average population": 24.84313725490196,
        "Total claims": 29.0,
        "Total perspectives": 28.0,
        "Total conflicts": 0,
        "Total sources": 1.0,
        "Ratio claims to triples": 0.005988023952095809,
        "Ratio perspectives to triples": 0.005781540367540781,
        "Ratio conflicts to triples": 0.0,
        "Ratio perspectives to claims": 0.9655172413793104,
        "Ratio conflicts to claims": 0.0
    },
    {
        "turn": 13,
        "cardinality conflicts": 0,
        "negation conflicts": 0,
        "subject gaps": 2,
        "object gaps": 2,
        "statement novelty": 0,
        "subject novelty": 0,
        "object novelty": 0,
        "overlaps subject-predicate": 0,
        "overlaps predicate-object": 1,
        "trust": 0.5,
        "Average degree": 10.988789237668161,
        "Sparseness": 0.005069979287739548,
        "Shortest path": 2.771232504416361,
        "Total triples": 4901.0,
        "Total classes": 24,
        "Total predicates": 12,
        "Average population": 25.215686274509803,
        "Total claims": 30.0,
        "Total perspectives": 29.0,
        "Total conflicts": 0,
        "Total sources": 1.0,
        "Ratio claims to triples": 0.006121199755152009,
        "Ratio perspectives to triples": 0.005917159763313609,
        "Ratio conflicts to triples": 0.0,
        "Ratio perspectives to claims": 0.9666666666666667,
        "Ratio conflicts to claims": 0.0
    },
    {
        "turn": 15,
        "cardinality conflicts": 0,
        "negation conflicts": 0,
        "subject gaps": 2,
        "object gaps": 2,
        "statement novelty": 1,
        "subject novelty": 0,
        "object novelty": 0,
        "overlaps subject-predicate": 0,
        "overlaps predicate-object": 2,
        "trust": 0.5,
        "Average degree": 11.014492753623188,
        "Sparseness": 0.005050900499497271,
        "Shortest path": 2.7734934902054467,
        "Total triples": 4940.0,
        "Total classes": 24,
        "Total predicates": 12,
        "Average population": 25.392156862745097,
        "Total claims": 30.0,
        "Total perspectives": 29.0,
        "Total conflicts": 0,
        "Total sources": 1.0,
        "Ratio claims to triples": 0.006072874493927126,
        "Ratio perspectives to triples": 0.005870445344129555,
        "Ratio conflicts to triples": 0.0,
        "Ratio perspectives to claims": 0.9666666666666667,
        "Ratio conflicts to claims": 0.0
    },
    {
        "turn": 17,
        "cardinality conflicts": 0,
        "negation conflicts": 0,
        "subject gaps": 2,
        "object gaps": 2,
        "statement novelty": 1,
        "subject novelty": 0,
        "object novelty": 0,
        "overlaps subject-predicate": 0,
        "overlaps predicate-object": 2,
        "trust": 0.5,
        "Average degree": 11.03991130820399,
        "Sparseness": 0.0050319319964011976,
        "Shortest path": 2.775730833688117,
        "Total triples": 4979.0,
        "Total classes": 24,
        "Total predicates": 12,
        "Average population": 25.568627450980394,
        "Total claims": 30.0,
        "Total perspectives": 29.0,
        "Total conflicts": 0,
        "Total sources": 1.0,
        "Ratio claims to triples": 0.006025306286402892,
        "Ratio perspectives to triples": 0.005824462743522796,
        "Ratio conflicts to triples": 0.0,
        "Ratio perspectives to claims": 0.9666666666666667,
        "Ratio conflicts to claims": 0.0
    },
    {
        "turn": 19,
        "cardinality conflicts": 0,
        "negation conflicts": 0,
        "subject gaps": 2,
        "object gaps": 2,
        "statement novelty": 1,
        "subject novelty": 0,
        "object novelty": 0,
        "overlaps subject-predicate": 0,
        "overlaps predicate-object": 2,
        "trust": 0.5,
        "Average degree": 11.065049614112459,
        "Sparseness": 0.005013073619490208,
        "Shortest path": 2.7779449024146263,
        "Total triples": 5018.0,
        "Total classes": 24,
        "Total predicates": 12,
        "Average population": 25.745098039215687,
        "Total claims": 30.0,
        "Total perspectives": 29.0,
        "Total conflicts": 0,
        "Total sources": 1.0,
        "Ratio claims to triples": 0.005978477481068154,
        "Ratio perspectives to triples": 0.005779194898365883,
        "Ratio conflicts to triples": 0.0,
        "Ratio perspectives to claims": 0.9666666666666667,
        "Ratio conflicts to claims": 0.0
    }
]