[
    {
        "turn": 0,
        "cardinality conflicts": 0,
        "negation conflicts": 0,
        "subject gaps": 2,
        "object gaps": 2,
        "statement novelty": 0,
        "subject novelty": 1,
        "object novelty": 1,
        "overlaps subject-predicate": 0,
        "overlaps predicate-object": 0,
        "trust": 0.5,
        "Average degree": 10.74436090225564,
        "Sparseness": 0.008211317768104472,
        "Shortest path": 2.5208147487362473,
        "Total triples": 2858.0,
        "Total classes": 24,
        "Total predicates": 12,
        "Average population": 12.176470588235293,
        "Total claims": 7.0,
        "Total perspectives": 6.0,
        "Total conflicts": 0,
        "Total sources": 1.0,
        "Ratio claims to triples": 0.00244926522043387,
        "Ratio perspectives to triples": 0.002099370188943317,
        "Ratio conflicts to triples": 0.0,
        "Ratio perspectives to claims": 0.8571428571428571,
        "Ratio conflicts to claims": 0.0
    },
    {
        "turn": 3,
        "cardinality conflicts": 0,
        "negation conflicts": 0,
        "subject gaps": 2,
        "object gaps": 2,
        "statement novelty": 1,
        "subject novelty": 0,
        "object novelty": 0,
        "overlaps subject-predicate": 0,
        "overlaps predicate-object": 0,
        "trust": 0.5,
        "Average degree": 10.780669144981413,
        "Sparseness": 0.00814319868437418,
        "Shortest path": 2.525707323489301,
        "Total triples": 2900.0,
        "Total classes": 24,
        "Total predicates": 12,
        "Average population": 12.372549019607844,
        "Total claims": 7.0,
        "Total perspectives": 6.0,
        "Total conflicts": 0,
        "Total sources": 1.0,
        "Ratio claims to triples": 0.002413793103448276,
        "Ratio perspectives to triples": 0.0020689655172413794,
        "Ratio conflicts to triples": 0.0,
        "Ratio perspectives to claims": 0.8571428571428571,
        "Ratio conflicts to claims": 0.0
    },
    {
        "turn": 5,
        "cardinality conflicts": 0,
        "negation conflicts": 0,
        "subject gaps": 2,
        "object gaps": 2,
        "statement novelty": 0,
        "subject novelty": 0,
        "object novelty": 1,
        "overlaps subject-predicate": 0,
        "overlaps predicate-object": 0,
        "trust": 0.5,
        "Average degree": 10.778181818181817,
        "Sparseness": 0.007973553719008264,
        "Shortest path": 2.539056135121709,
        "Total triples": 2964.0,
        "Total classes": 24,
        "Total predicates": 12,
        "Average population": 12.823529411764707,
        "Total claims": 8.0,
        "Total perspectives": 7.0,
        "Total conflicts": 0,
        "Total sources": 1.0,
        "Ratio claims to triples": 0.002699055330634278,
        "Ratio perspectives to triples": 0.0023616734143049934,
        "Ratio conflicts to triples": 0.0,
        "Ratio perspectives to claims": 0.875,
        "Ratio conflicts to claims": 0.0
    },
    {
        "turn": 7,
        "cardinality conflicts": 0,
        "negation conflicts": 0,
        "subject gaps": 2,
        "object gaps": 2,
        "statement novelty": 1,
        "subject novelty": 0,
        "object novelty": 0,
        "overlaps subject-predicate": 0,
        "overlaps predicate-object": 0,
        "trust": 0.5,
        "Average degree": 10.821621621621622,
        "Sparseness": 0.007927927927927928,
        "Shortest path": 2.5445669496211014,
        "Total triples": 3003.0,
        "Total classes": 24,
        "Total predicates": 12,
        "Average population": 13.0,
        "Total claims": 8.0,
        "Total perspectives": 7.0,
        "Total conflicts": 0,
        "Total sources": 1.0,
        "Ratio claims to triples": 0.002664002664002664,
        "Ratio perspectives to triples": 0.002331002331002331,
        "Ratio conflicts to triples": 0.0,
        "Ratio perspectives to claims": 0.875,
        "Ratio conflicts to claims": 0.0
    },
    {
        "turn": 9,
        "cardinality conflicts": 0,
        "negation conflicts": 0,
        "subject gaps": 2,
        "object gaps": 2,
        "statement novelty": 0,
        "subject novelty": 0,
        "object novelty": 1,
        "overlaps subject-predicate": 0,
        "overlaps predicate-object": 0,
        "trust": 0.5,
        "Average degree": 10.818342151675486,
        "Sparseness": 0.00776698425140518,
        "Shortest path": 2.5571571908438813,
        "Total triples": 3067.0,
        "Total classes": 24,
        "Total predicates": 12,
        "Average population": 13.450980392156863,
        "Total claims": 9.0,
        "Total perspectives": 8.0,
        "Total conflicts": 0,
        "Total sources": 1.0,
        "Ratio claims to triples": 0.0029344636452559502,
        "Ratio perspectives to triples": 0.0026084121291164004,
        "Ratio conflicts to triples": 0.0,
        "Ratio perspectives to claims": 0.8888888888888888,
        "Ratio conflicts to claims": 0.0
    },
    {
        "turn": 11,
        "cardinality conflicts": 0,
        "negation conflicts": 0,
        "subject gaps": 2,
        "object gaps": 2,
        "statement novelty": 0,
        "subject novelty": 1,
        "object novelty": 1,
        "overlaps subject-predicate": 0,
        "overlaps predicate-object": 0,
        "trust": 0.5,
        "Average degree": 10.798623063683305,
        "Sparseness": 0.007577889625875027,
        "Shortest path": 2.5707579084812155,
        "Total triples": 3137.0,
        "Total classes": 24,
        "Total predicates": 12,
        "Average population": 13.980392156862745,
        "Total claims": 10.0,
        "Total perspectives": 9.0,
        "Total conflicts": 0,
        "Total sources": 1.0,
        "Ratio claims to triples": 0.0031877590054191903,
        "Ratio perspectives to triples": 0.0028689831048772712,
        "Ratio conflicts to triples": 0.0,
        "Ratio perspectives to claims": 0.9,
        "Ratio conflicts to claims": 0.0
    },
    {
        "turn": 13,
        "cardinality conflicts": 0,
        "negation conflicts": 0,
        "subject gaps": 2,
        "object gaps": 2,
        "statement novelty": 1,
        "subject novelty": 0,
        "object novelty": 0,
        "overlaps subject-predicate": 0,
        "overlaps predicate-object": 0,
        "trust": 0.5,
        "Average degree": 10.839590443686006,
        "Sparseness": 0.007536488485596803,
        "Shortest path": 2.575741664478866,
        "Total triples": 3176.0,
        "Total classes": 24,
        "Total predicates": 12,
        "Average population": 14.156862745098039,
        "Total claims": 10.0,
        "Total perspectives": 9.0,
        "Total conflicts": 0,
        "Total sources": 1.0,
        "Ratio claims to triples": 0.0031486146095717885,
        "Ratio perspectives to triples": 0.0028337531486146094,
        "Ratio conflicts to triples": 0.0,
        "Ratio perspectives to claims": 0.9,
        "Ratio conflicts to claims": 0.0
    },
    {
        "turn": 15,
        "cardinality conflicts": 0,
        "negation conflicts": 0,
        "subject gaps": 2,
        "object gaps": 2,
        "statement novelty": 1,
        "subject novelty": 0,
        "object novelty": 0,
        "overlaps subject-predicate": 0,
        "overlaps predicate-object": 0,
        "trust": 0.5,
        "Average degree": 10.879864636209813,
        "Sparseness": 0.0074953976883941585,
        "Shortest path": 2.5806475666064412,
        "Total triples": 3215.0,
        "Total classes": 24,
        "Total predicates": 12,
        "Average population": 14.333333333333334,
        "Total claims": 10.0,
        "Total perspectives": 9.0,
        "Total conflicts": 0,
        "Total sources": 1.0,
        "Ratio claims to triples": 0.003110419906687403,
        "Ratio perspectives to triples": 0.0027993779160186624,
        "Ratio conflicts to triples": 0.0,
        "Ratio perspectives to claims": 0.9,
        "Ratio conflicts to claims": 0.0
    },
    {
        "turn": 17,
        "cardinality conflicts": 0,
        "negation conflicts": 0,
        "subject gaps": 2,
        "object gaps": 2,
        "statement novelty": 0,
        "subject novelty": 1,
        "object novelty": 0,
        "overlaps subject-predicate": 0,
        "overlaps predicate-object": 1,
        "trust": 0.5,
        "Average degree": 10.875621890547263,
        "Sparseness": 0.007351303185564714,
        "Shortest path": 2.591835947615191,
        "Total triples": 3279.0,
        "Total classes": 24,
        "Total predicates": 12,
        "Average population": 14.784313725490197,
        "Total claims": 11.0,
        "Total perspectives": 10.0,
        "Total conflicts": 0,
        "Total sources": 1.0,
        "Ratio claims to triples": 0.003354681305275999,
        "Ratio perspectives to triples": 0.0030497102775236353,
        "Ratio conflicts to triples": 0.0,
        "Ratio perspectives to claims": 0.9090909090909091,
        "Ratio conflicts to claims": 0.0
    },
    {
        "turn": 19,
        "cardinality conflicts": 0,
        "negation conflicts": 0,
        "subject gaps": 2,
        "object gaps": 2,
        "statement novelty": 1,
        "subject novelty": 0,
        "object novelty": 0,
        "overlaps subject-predicate": 0,
        "overlaps predicate-object": 1,
        "trust": 0.5,
        "Average degree": 10.914473684210526,
        "Sparseness": 0.007312045533240997,
        "Shortest path": 2.5964894216595855,
        "Total triples": 3318.0,
        "Total classes": 24,
        "Total predicates": 12,
        "Average population": 14.96078431372549,
        "Total claims": 11.0,
        "Total perspectives": 10.0,
        "Total conflicts": 0,
        "Total sources": 1.0,
        "Ratio claims to triples": 0.003315250150693189,
        "Ratio perspectives to triples": 0.0030138637733574444,
        "Ratio conflicts to triples": 0.0,
        "Ratio perspectives to claims": 0.9090909090909091,
        "Ratio conflicts to claims": 0.0
    }
]