[
    {
        "turn": 0,
        "cardinality conflicts": 0,
        "negation conflicts": 0,
        "subject gaps": 2,
        "object gaps": 2,
        "statement novelty": 0,
        "subject novelty": 1,
        "object novelty": 1,
        "overlaps subject-predicate": 0,
        "overlaps predicate-object": 0,
        "trust": 0.5,
        "Average degree": 10.869976359338061,
        "Sparseness": 0.010384007064254536,
        "Shortest path": 2.347540138706822,
        "Total triples": 2299.0,
        "Total classes": 24,
        "Total predicates": 12,
        "Average population": 8.607843137254902,
        "Total claims": 2.0,
        "Total perspectives": 1.0,
        "Total conflicts": 0,
        "Total sources": 1.0,
        "Ratio claims to triples": 0.0008699434536755111,
        "Ratio perspectives to triples": 0.00043497172683775554,
        "Ratio conflicts to triples": 0.0,
        "Ratio perspectives to claims": 0.5,
        "Ratio conflicts to claims": 0.0
    },
    {
        "turn": 3,
        "cardinality conflicts": 0,
        "negation conflicts": 0,
        "subject gaps": 2,
        "object gaps": 2,
        "statement novelty": 0,
        "subject novelty": 1,
        "object novelty": 1,
        "overlaps subject-predicate": 0,
        "overlaps predicate-object": 0,
        "trust": 0.5,
        "Average degree": 10.806378132118452,
        "Sparseness": 0.009972966101255183,
        "Shortest path": 2.374616448757554,
        "Total triples": 2372.0,
        "Total classes": 24,
        "Total predicates": 12,
        "Average population": 9.156862745098039,
        "Total claims": 3.0,
        "Total perspectives": 2.0,
        "Total conflicts": 0,
        "Total sources": 1.0,
        "Ratio claims to triples": 0.0012647554806070826,
        "Ratio perspectives to triples": 0.0008431703204047217,
        "Ratio conflicts to triples": 0.0,
        "Ratio perspectives to claims": 0.6666666666666666,
        "Ratio conflicts to claims": 0.0
    },
    {
        "turn": 5,
        "cardinality conflicts": 0,
        "negation conflicts": 0,
        "subject gaps": 2,
        "object gaps": 2,
        "statement novelty": 0,
        "subject novelty": 0,
        "object novelty": 1,
        "overlaps subject-predicate": 0,
        "overlaps predicate-object": 0,
        "trust": 0.5,
        "Average degree": 10.778761061946902,
        "Sparseness": 0.009676756206437466,
        "Shortest path": 2.3980731118654712,
        "Total triples": 2436.0,
        "Total classes": 24,
        "Total predicates": 12,
        "Average population": 9.607843137254902,
        "Total claims": 4.0,
        "Total perspectives": 3.0,
        "Total conflicts": 0,
        "Total sources": 1.0,
        "Ratio claims to triples": 0.0016420361247947454,
        "Ratio perspectives to triples": 0.0012315270935960591,
        "Ratio conflicts to triples": 0.0,
        "Ratio perspectives to claims": 0.75,
        "Ratio conflicts to claims": 0.0
    },
    {
        "turn": 7,
        "cardinality conflicts": 0,
        "negation conflicts": 0,
        "subject gaps": 2,
        "object gaps": 2,
        "statement novelty": 0,
        "subject novelty": 1,
        "object novelty": 1,
        "overlaps subject-predicate": 0,
        "overlaps predicate-object": 0,
        "trust": 0.5,
        "Average degree": 10.732334047109207,
        "Sparseness": 0.009344808770731215,
        "Shortest path": 2.4227697567341537,
        "Total triples": 2506.0,
        "Total classes": 24,
        "Total predicates": 12,
        "Average population": 10.137254901960784,
        "Total claims": 5.0,
        "Total perspectives": 4.0,
        "Total conflicts": 0,
        "Total sources": 1.0,
        "Ratio claims to triples": 0.0019952114924181963,
        "Ratio perspectives to triples": 0.0015961691939345571,
        "Ratio conflicts to triples": 0.0,
        "Ratio perspectives to claims": 0.8,
        "Ratio conflicts to claims": 0.0
    },
    {
        "turn": 9,
        "cardinality conflicts": 0,
        "negation conflicts": 0,
        "subject gaps": 2,
        "object gaps": 2,
        "statement novelty": 0,
        "subject novelty": 0,
        "object novelty": 1,
        "overlaps subject-predicate": 0,
        "overlaps predicate-object": 0,
        "trust": 0.5,
        "Average degree": 10.708333333333334,
        "Sparseness": 0.009084201388888888,
        "Shortest path": 2.443676061238692,
        "Total triples": 2570.0,
        "Total classes": 24,
        "Total predicates": 12,
        "Average population": 10.588235294117647,
        "Total claims": 6.0,
        "Total perspectives": 5.0,
        "Total conflicts": 0,
        "Total sources": 1.0,
        "Ratio claims to triples": 0.0023346303501945525,
        "Ratio perspectives to triples": 0.0019455252918287938,
        "Ratio conflicts to triples": 0.0,
        "Ratio perspectives to claims": 0.8333333333333334,
        "Ratio conflicts to claims": 0.0
    },
    {
        "turn": 11,
        "cardinality conflicts": 0,
        "negation conflicts": 0,
        "subject gaps": 2,
        "object gaps": 2,
        "statement novelty": 1,
        "subject novelty": 0,
        "object novelty": 0,
        "overlaps subject-predicate": 0,
        "overlaps predicate-object": 0,
        "trust": 0.5,
        "Average degree": 10.736625514403292,
        "Sparseness": 0.008988297854324374,
        "Shortest path": 2.454024012557804,
        "Total triples": 2609.0,
        "Total classes": 24,
        "Total predicates": 12,
        "Average population": 10.764705882352942,
        "Total claims": 6.0,
        "Total perspectives": 5.0,
        "Total conflicts": 0,
        "Total sources": 1.0,
        "Ratio claims to triples": 0.0022997316979685703,
        "Ratio perspectives to triples": 0.0019164430816404753,
        "Ratio conflicts to triples": 0.0,
        "Ratio perspectives to claims": 0.8333333333333334,
        "Ratio conflicts to claims": 0.0
    },
    {
        "turn": 13,
        "cardinality conflicts": 0,
        "negation conflicts": 0,
        "subject gaps": 2,
        "object gaps": 2,
        "statement novelty": 0,
        "subject novelty": 0,
        "object novelty": 1,
        "overlaps subject-predicate": 0,
        "overlaps predicate-object": 0,
        "trust": 0.5,
        "Average degree": 10.713426853707414,
        "Sparseness": 0.008746952823482637,
        "Shortest path": 2.47339659238155,
        "Total triples": 2673.0,
        "Total classes": 24,
        "Total predicates": 12,
        "Average population": 11.215686274509803,
        "Total claims": 7.0,
        "Total perspectives": 6.0,
        "Total conflicts": 0,
        "Total sources": 1.0,
        "Ratio claims to triples": 0.002618780396558174,
        "Ratio perspectives to triples": 0.002244668911335578,
        "Ratio conflicts to triples": 0.0,
        "Ratio perspectives to claims": 0.8571428571428571,
        "Ratio conflicts to claims": 0.0
    },
    {
        "turn": 15,
        "cardinality conflicts": 0,
        "negation conflicts": 0,
        "subject gaps": 2,
        "object gaps": 2,
        "statement novelty": 0,
        "subject novelty": 1,
        "object novelty": 1,
        "overlaps subject-predicate": 0,
        "overlaps predicate-object": 0,
        "trust": 0.5,
        "Average degree": 10.673151750972762,
        "Sparseness": 0.008474768732304804,
        "Shortest path": 2.493822103897877,
        "Total triples": 2743.0,
        "Total classes": 24,
        "Total predicates": 12,
        "Average population": 11.745098039215685,
        "Total claims": 8.0,
        "Total perspectives": 7.0,
        "Total conflicts": 0,
        "Total sources": 1.0,
        "Ratio claims to triples": 0.002916514764855997,
        "Ratio perspectives to triples": 0.0025519504192489974,
        "Ratio conflicts to triples": 0.0,
        "Ratio perspectives to claims": 0.875,
        "Ratio conflicts to claims": 0.0
    },
    {
        "turn": 17,
        "cardinality conflicts": 0,
        "negation conflicts": 0,
        "subject gaps": 2,
        "object gaps": 2,
        "statement novelty": 0,
        "subject novelty": 0,
        "object novelty": 1,
        "overlaps subject-predicate": 1,
        "overlaps predicate-object": 0,
        "trust": 0.5,
        "Average degree": 10.652751423149905,
        "Sparseness": 0.008259850429735462,
        "Shortest path": 2.511266152480862,
        "Total triples": 2807.0,
        "Total classes": 24,
        "Total predicates": 12,
        "Average population": 12.196078431372548,
        "Total claims": 9.0,
        "Total perspectives": 8.0,
        "Total conflicts": 0,
        "Total sources": 1.0,
        "Ratio claims to triples": 0.003206270039187745,
        "Ratio perspectives to triples": 0.0028500178126113287,
        "Ratio conflicts to triples": 0.0,
        "Ratio perspectives to claims": 0.8888888888888888,
        "Ratio conflicts to claims": 0.0
    },
    {
        "turn": 19,
        "cardinality conflicts": 0,
        "negation conflicts": 0,
        "subject gaps": 2,
        "object gaps": 2,
        "statement novelty": 1,
        "subject novelty": 0,
        "object novelty": 1,
        "overlaps subject-predicate": 2,
        "overlaps predicate-object": 0,
        "trust": 0.5,
        "Average degree": 10.685393258426966,
        "Sparseness": 0.008174472920085848,
        "Shortest path": 2.5190322603312465,
        "Total triples": 2853.0,
        "Total classes": 24,
        "Total predicates": 12,
        "Average population": 12.450980392156863,
        "Total claims": 9.0,
        "Total perspectives": 8.0,
        "Total conflicts": 0,
        "Total sources": 1.0,
        "Ratio claims to triples": 0.0031545741324921135,
        "Ratio perspectives to triples": 0.0028040658955485456,
        "Ratio conflicts to triples": 0.0,
        "Ratio perspectives to claims": 0.8888888888888888,
        "Ratio conflicts to claims": 0.0
    }
]