[
    {
        "turn": 0,
        "cardinality conflicts": 0,
        "negation conflicts": 0,
        "subject gaps": 2,
        "object gaps": 2,
        "statement novelty": 1,
        "subject novelty": 0,
        "object novelty": 0,
        "overlaps subject-predicate": 0,
        "overlaps predicate-object": 2,
        "trust": 0.5,
        "Average degree": 11.20353982300885,
        "Sparseness": 0.00578249938866611,
        "Shortest path": 2.718984141208853,
        "Total triples": 4431.0,
        "Total classes": 24,
        "Total predicates": 12,
        "Average population": 21.54901960784314,
        "Total claims": 20.0,
        "Total perspectives": 19.0,
        "Total conflicts": 0,
        "Total sources": 1.0,
        "Ratio claims to triples": 0.0045136538027533285,
        "Ratio perspectives to triples": 0.004287971112615662,
        "Ratio conflicts to triples": 0.0,
        "Ratio perspectives to claims": 0.95,
        "Ratio conflicts to claims": 0.0
    },
    {
        "turn": 3,
        "cardinality conflicts": 0,
        "negation conflicts": 0,
        "subject gaps": 2,
        "object gaps": 2,
        "statement novelty": 1,
        "subject novelty": 0,
        "object novelty": 0,
        "overlaps subject-predicate": 0,
        "overlaps predicate-object": 3,
        "trust": 0.5,
        "Average degree": 11.224592220828105,
        "Sparseness": 0.005747714531752541,
        "Shortest path": 2.720957358940247,
        "Total triples": 4473.0,
        "Total classes": 24,
        "Total predicates": 12,
        "Average population": 21.745098039215687,
        "Total claims": 20.0,
        "Total perspectives": 19.0,
        "Total conflicts": 0,
        "Total sources": 1.0,
        "Ratio claims to triples": 0.004471272076905879,
        "Ratio perspectives to triples": 0.004247708473060586,
        "Ratio conflicts to triples": 0.0,
        "Ratio perspectives to claims": 0.95,
        "Ratio conflicts to claims": 0.0
    },
    {
        "turn": 5,
        "cardinality conflicts": 0,
        "negation conflicts": 0,
        "subject gaps": 2,
        "object gaps": 2,
        "statement novelty": 1,
        "subject novelty": 0,
        "object novelty": 0,
        "overlaps subject-predicate": 0,
        "overlaps predicate-object": 3,
        "trust": 0.5,
        "Average degree": 11.251870324189527,
        "Sparseness": 0.00572291217094421,
        "Shortest path": 2.72379288981043,
        "Total triples": 4512.0,
        "Total classes": 24,
        "Total predicates": 12,
        "Average population": 21.92156862745098,
        "Total claims": 20.0,
        "Total perspectives": 19.0,
        "Total conflicts": 0,
        "Total sources": 1.0,
        "Ratio claims to triples": 0.004432624113475178,
        "Ratio perspectives to triples": 0.0042109929078014184,
        "Ratio conflicts to triples": 0.0,
        "Ratio perspectives to claims": 0.95,
        "Ratio conflicts to claims": 0.0
    },
    {
        "turn": 7,
        "cardinality conflicts": 0,
        "negation conflicts": 0,
        "subject gaps": 2,
        "object gaps": 2,
        "statement novelty": 1,
        "subject novelty": 0,
        "object novelty": 0,
        "overlaps subject-predicate": 0,
        "overlaps predicate-object": 3,
        "trust": 0.5,
        "Average degree": 11.278810408921933,
        "Sparseness": 0.005698281302543267,
        "Shortest path": 2.726579771908948,
        "Total triples": 4551.0,
        "Total classes": 24,
        "Total predicates": 12,
        "Average population": 22.098039215686274,
        "Total claims": 20.0,
        "Total perspectives": 19.0,
        "Total conflicts": 0,
        "Total sources": 1.0,
        "Ratio claims to triples": 0.004394638540980004,
        "Ratio perspectives to triples": 0.004174906613931004,
        "Ratio conflicts to triples": 0.0,
        "Ratio perspectives to claims": 0.95,
        "Ratio conflicts to claims": 0.0
    },
    {
        "turn": 9,
        "cardinality conflicts": 0,
        "negation conflicts": 0,
        "subject gaps": 2,
        "object gaps": 2,
        "statement novelty": 1,
        "subject novelty": 0,
        "object novelty": 0,
        "overlaps subject-predicate": 0,
        "overlaps predicate-object": 3,
        "trust": 0.5,
        "Average degree": 11.305418719211822,
        "Sparseness": 0.005673821252638987,
        "Shortest path": 2.7293373746454233,
        "Total triples": 4590.0,
        "Total classes": 24,
        "Total predicates": 12,
        "Average population": 22.274509803921568,
        "Total claims": 20.0,
        "Total perspectives": 19.0,
        "Total conflicts": 0,
        "Total sources": 1.0,
        "Ratio claims to triples": 0.004357298474945534,
        "Ratio perspectives to triples": 0.004139433551198257,
        "Ratio conflicts to triples": 0.0,
        "Ratio perspectives to claims": 0.95,
        "Ratio conflicts to claims": 0.0
    },
    {
        "turn": 11,
        "cardinality conflicts": 0,
        "negation conflicts": 0,
        "subject gaps": 2,
        "object gaps": 2,
        "statement novelty": 1,
        "subject novelty": 0,
        "object novelty": 0,
        "overlaps subject-predicate": 0,
        "overlaps predicate-object": 3,
        "trust": 0.5,
        "Average degree": 11.331701346389229,
        "Sparseness": 0.0056495313031375794,
        "Shortest path": 2.732060143518852,
        "Total triples": 4629.0,
        "Total classes": 24,
        "Total predicates": 12,
        "Average population": 22.45098039215686,
        "Total claims": 20.0,
        "Total perspectives": 19.0,
        "Total conflicts": 0,
        "Total sources": 1.0,
        "Ratio claims to triples": 0.004320587599913588,
        "Ratio perspectives to triples": 0.004104558219917909,
        "Ratio conflicts to triples": 0.0,
        "Ratio perspectives to claims": 0.95,
        "Ratio conflicts to claims": 0.0
    },
    {
        "turn": 13,
        "cardinality conflicts": 0,
        "negation conflicts": 0,
        "subject gaps": 2,
        "object gaps": 2,
        "statement novelty": 0,
        "subject novelty": 1,
        "object novelty": 1,
        "overlaps subject-predicate": 0,
        "overlaps predicate-object": 0,
        "trust": 0.5,
        "Average degree": 11.309265944645006,
        "Sparseness": 0.005549111519474746,
        "Shortest path": 2.7388485349339597,
        "Total triples": 4699.0,
        "Total classes": 24,
        "Total predicates": 12,
        "Average population": 22.980392156862745,
        "Total claims": 21.0,
        "Total perspectives": 20.0,
        "Total conflicts": 0,
        "Total sources": 1.0,
        "Ratio claims to triples": 0.004469035965098957,
        "Ratio perspectives to triples": 0.004256224728665673,
        "Ratio conflicts to triples": 0.0,
        "Ratio perspectives to claims": 0.9523809523809523,
        "Ratio conflicts to claims": 0.0
    },
    {
        "turn": 15,
        "cardinality conflicts": 0,
        "negation conflicts": 0,
        "subject gaps": 2,
        "object gaps": 2,
        "statement novelty": 0,
        "subject novelty": 1,
        "object novelty": 0,
        "overlaps subject-predicate": 0,
        "overlaps predicate-object": 3,
        "trust": 0.5,
        "Average degree": 11.30011862396204,
        "Sparseness": 0.0054696481666758135,
        "Shortest path": 2.744783785992229,
        "Total triples": 4763.0,
        "Total classes": 24,
        "Total predicates": 12,
        "Average population": 23.431372549019606,
        "Total claims": 22.0,
        "Total perspectives": 21.0,
        "Total conflicts": 0,
        "Total sources": 1.0,
        "Ratio claims to triples": 0.004618937644341801,
        "Ratio perspectives to triples": 0.004408985933235356,
        "Ratio conflicts to triples": 0.0,
        "Ratio perspectives to claims": 0.9545454545454546,
        "Ratio conflicts to claims": 0.0
    },
    {
        "turn": 17,
        "cardinality conflicts": 0,
        "negation conflicts": 0,
        "subject gaps": 2,
        "object gaps": 2,
        "statement novelty": 1,
        "subject novelty": 0,
        "object novelty": 0,
        "overlaps subject-predicate": 0,
        "overlaps predicate-object": 3,
        "trust": 0.5,
        "Average degree": 11.325471698113208,
        "Sparseness": 0.005447056336774653,
        "Shortest path": 2.747324073867813,
        "Total triples": 4802.0,
        "Total classes": 24,
        "Total predicates": 12,
        "Average population": 23.607843137254903,
        "Total claims": 22.0,
        "Total perspectives": 21.0,
        "Total conflicts": 0,
        "Total sources": 1.0,
        "Ratio claims to triples": 0.004581424406497293,
        "Ratio perspectives to triples": 0.004373177842565598,
        "Ratio conflicts to triples": 0.0,
        "Ratio perspectives to claims": 0.9545454545454546,
        "Ratio conflicts to claims": 0.0
    },
    {
        "turn": 19,
        "cardinality conflicts": 0,
        "negation conflicts": 0,
        "subject gaps": 2,
        "object gaps": 2,
        "statement novelty": 0,
        "subject novelty": 0,
        "object novelty": 1,
        "overlaps subject-predicate": 0,
        "overlaps predicate-object": 0,
        "trust": 0.5,
        "Average degree": 11.316279069767441,
        "Sparseness": 0.005370470524607896,
        "Shortest path": 2.7530308362888163,
        "Total triples": 4866.0,
        "Total classes": 24,
        "Total predicates": 12,
        "Average population": 24.058823529411764,
        "Total claims": 23.0,
        "Total perspectives": 22.0,
        "Total conflicts": 0,
        "Total sources": 1.0,
        "Ratio claims to triples": 0.004726674886970818,
        "Ratio perspectives to triples": 0.004521167283189478,
        "Ratio conflicts to triples": 0.0,
        "Ratio perspectives to claims": 0.9565217391304348,
        "Ratio conflicts to claims": 0.0
    }
]