[
    {
        "turn": 0,
        "cardinality conflicts": 0,
        "negation conflicts": 0,
        "subject gaps": 2,
        "object gaps": 2,
        "statement novelty": 0,
        "subject novelty": 0,
        "object novelty": 1,
        "overlaps subject-predicate": 0,
        "overlaps predicate-object": 0,
        "trust": 0.5,
        "Average degree": 10.78211009174312,
        "Sparseness": 0.0051132059590943526,
        "Shortest path": 2.760022224796975,
        "Total triples": 4701.0,
        "Total classes": 24,
        "Total predicates": 12,
        "Average population": 24.607843137254903,
        "Total claims": 30.0,
        "Total perspectives": 29.0,
        "Total conflicts": 0,
        "Total sources": 1.0,
        "Ratio claims to triples": 0.006381620931716656,
        "Ratio perspectives to triples": 0.006168900233992768,
        "Ratio conflicts to triples": 0.0,
        "Ratio perspectives to claims": 0.9666666666666667,
        "Ratio conflicts to claims": 0.0
    },
    {
        "turn": 3,
        "cardinality conflicts": 0,
        "negation conflicts": 0,
        "subject gaps": 2,
        "object gaps": 2,
        "statement novelty": 1,
        "subject novelty": 0,
        "object novelty": 0,
        "overlaps subject-predicate": 0,
        "overlaps predicate-object": 2,
        "trust": 0.5,
        "Average degree": 10.804100227790434,
        "Sparseness": 0.005086368377083971,
        "Shortest path": 2.7615447152359853,
        "Total triples": 4743.0,
        "Total classes": 24,
        "Total predicates": 12,
        "Average population": 24.80392156862745,
        "Total claims": 30.0,
        "Total perspectives": 29.0,
        "Total conflicts": 0,
        "Total sources": 1.0,
        "Ratio claims to triples": 0.006325110689437065,
        "Ratio perspectives to triples": 0.00611427366645583,
        "Ratio conflicts to triples": 0.0,
        "Ratio perspectives to claims": 0.9666666666666667,
        "Ratio conflicts to claims": 0.0
    },
    {
        "turn": 5,
        "cardinality conflicts": 0,
        "negation conflicts": 0,
        "subject gaps": 2,
        "object gaps": 2,
        "statement novelty": 1,
        "subject novelty": 0,
        "object novelty": 0,
        "overlaps subject-predicate": 0,
        "overlaps predicate-object": 2,
        "trust": 0.5,
        "Average degree": 10.831257078142695,
        "Sparseness": 0.0050674050807437325,
        "Shortest path": 2.763902692069655,
        "Total triples": 4782.0,
        "Total classes": 24,
        "Total predicates": 12,
        "Average population": 24.980392156862745,
        "Total claims": 30.0,
        "Total perspectives": 29.0,
        "Total conflicts": 0,
        "Total sources": 1.0,
        "Ratio claims to triples": 0.006273525721455458,
        "Ratio perspectives to triples": 0.006064408197406943,
        "Ratio conflicts to triples": 0.0,
        "Ratio perspectives to claims": 0.9666666666666667,
        "Ratio conflicts to claims": 0.0
    },
    {
        "turn": 7,
        "cardinality conflicts": 0,
        "negation conflicts": 0,
        "subject gaps": 2,
        "object gaps": 2,
        "statement novelty": 1,
        "subject novelty": 0,
        "object novelty": 0,
        "overlaps subject-predicate": 0,
        "overlaps predicate-object": 2,
        "trust": 0.5,
        "Average degree": 10.858108108108109,
        "Sparseness": 0.00504854516678841,
        "Shortest path": 2.766222818083021,
        "Total triples": 4821.0,
        "Total classes": 24,
        "Total predicates": 12,
        "Average population": 25.15686274509804,
        "Total claims": 30.0,
        "Total perspectives": 29.0,
        "Total conflicts": 0,
        "Total sources": 1.0,
        "Ratio claims to triples": 0.006222775357809583,
        "Ratio perspectives to triples": 0.006015349512549264,
        "Ratio conflicts to triples": 0.0,
        "Ratio perspectives to claims": 0.9666666666666667,
        "Ratio conflicts to claims": 0.0
    },
    {
        "turn": 9,
        "cardinality conflicts": 0,
        "negation conflicts": 0,
        "subject gaps": 2,
        "object gaps": 2,
        "statement novelty": 1,
        "subject novelty": 0,
        "object novelty": 0,
        "overlaps subject-predicate": 0,
        "overlaps predicate-object": 2,
        "trust": 0.5,
        "Average degree": 10.884658454647257,
        "Sparseness": 0.005029788738840979,
        "Shortest path": 2.7685209828310877,
        "Total triples": 4860.0,
        "Total classes": 24,
        "Total predicates": 12,
        "Average population": 25.333333333333332,
        "Total claims": 30.0,
        "Total perspectives": 29.0,
        "Total conflicts": 0,
        "Total sources": 1.0,
        "Ratio claims to triples": 0.006172839506172839,
        "Ratio perspectives to triples": 0.005967078189300412,
        "Ratio conflicts to triples": 0.0,
        "Ratio perspectives to claims": 0.9666666666666667,
        "Ratio conflicts to claims": 0.0
    },
    {
        "turn": 11,
        "cardinality conflicts": 0,
        "negation conflicts": 0,
        "subject gaps": 2,
        "object gaps": 2,
        "statement novelty": 1,
        "subject novelty": 1,
        "object novelty": 0,
        "overlaps subject-predicate": 0,
        "overlaps predicate-object": 3,
        "trust": 0.5,
        "Average degree": 10.914349276974416,
        "Sparseness": 0.005008655025173193,
        "Shortest path": 2.7699398738018735,
        "Total triples": 4906.0,
        "Total classes": 24,
        "Total predicates": 12,
        "Average population": 25.58823529411765,
        "Total claims": 30.0,
        "Total perspectives": 29.0,
        "Total conflicts": 0,
        "Total sources": 1.0,
        "Ratio claims to triples": 0.006114961271911945,
        "Ratio perspectives to triples": 0.0059111292295148795,
        "Ratio conflicts to triples": 0.0,
        "Ratio perspectives to claims": 0.9666666666666667,
        "Ratio conflicts to claims": 0.0
    },
    {
        "turn": 13,
        "cardinality conflicts": 0,
        "negation conflicts": 0,
        "subject gaps": 2,
        "object gaps": 2,
        "statement novelty": 0,
        "subject novelty": 0,
        "object novelty": 0,
        "overlaps subject-predicate": 0,
        "overlaps predicate-object": 1,
        "trust": 0.5,
        "Average degree": 10.921892189218921,
        "Sparseness": 0.004958361622740932,
        "Shortest path": 2.77451137184203,
        "Total triples": 4964.0,
        "Total classes": 24,
        "Total predicates": 12,
        "Average population": 25.96078431372549,
        "Total claims": 31.0,
        "Total perspectives": 30.0,
        "Total conflicts": 0,
        "Total sources": 1.0,
        "Ratio claims to triples": 0.006244963738920225,
        "Ratio perspectives to triples": 0.0060435132957292505,
        "Ratio conflicts to triples": 0.0,
        "Ratio perspectives to claims": 0.967741935483871,
        "Ratio conflicts to claims": 0.0
    },
    {
        "turn": 15,
        "cardinality conflicts": 0,
        "negation conflicts": 0,
        "subject gaps": 2,
        "object gaps": 2,
        "statement novelty": 0,
        "subject novelty": 0,
        "object novelty": 0,
        "overlaps subject-predicate": 0,
        "overlaps predicate-object": 2,
        "trust": 0.5,
        "Average degree": 10.929270946681175,
        "Sparseness": 0.0049090592627412345,
        "Shortest path": 2.7789868214242532,
        "Total triples": 5022.0,
        "Total classes": 24,
        "Total predicates": 12,
        "Average population": 26.333333333333332,
        "Total claims": 32.0,
        "Total perspectives": 31.0,
        "Total conflicts": 0,
        "Total sources": 1.0,
        "Ratio claims to triples": 0.006371963361210673,
        "Ratio perspectives to triples": 0.006172839506172839,
        "Ratio conflicts to triples": 0.0,
        "Ratio perspectives to claims": 0.96875,
        "Ratio conflicts to claims": 0.0
    },
    {
        "turn": 17,
        "cardinality conflicts": 0,
        "negation conflicts": 0,
        "subject gaps": 2,
        "object gaps": 2,
        "statement novelty": 1,
        "subject novelty": 0,
        "object novelty": 0,
        "overlaps subject-predicate": 0,
        "overlaps predicate-object": 2,
        "trust": 0.5,
        "Average degree": 10.954545454545455,
        "Sparseness": 0.004891212683420475,
        "Shortest path": 2.7811437388902176,
        "Total triples": 5061.0,
        "Total classes": 24,
        "Total predicates": 12,
        "Average population": 26.50980392156863,
        "Total claims": 32.0,
        "Total perspectives": 31.0,
        "Total conflicts": 0,
        "Total sources": 1.0,
        "Ratio claims to triples": 0.006322861094645327,
        "Ratio perspectives to triples": 0.0061252716854376605,
        "Ratio conflicts to triples": 0.0,
        "Ratio perspectives to claims": 0.96875,
        "Ratio conflicts to claims": 0.0
    },
    {
        "turn": 19,
        "cardinality conflicts": 0,
        "negation conflicts": 0,
        "subject gaps": 2,
        "object gaps": 2,
        "statement novelty": 1,
        "subject novelty": 0,
        "object novelty": 0,
        "overlaps subject-predicate": 0,
        "overlaps predicate-object": 2,
        "trust": 0.5,
        "Average degree": 10.979547900968784,
        "Sparseness": 0.00487346487594448,
        "Shortest path": 2.783278738725363,
        "Total triples": 5100.0,
        "Total classes": 24,
        "Total predicates": 12,
        "Average population": 26.686274509803923,
        "Total claims": 32.0,
        "Total perspectives": 31.0,
        "Total conflicts": 0,
        "Total sources": 1.0,
        "Ratio claims to triples": 0.006274509803921568,
        "Ratio perspectives to triples": 0.00607843137254902,
        "Ratio conflicts to triples": 0.0,
        "Ratio perspectives to claims": 0.96875,
        "Ratio conflicts to claims": 0.0
    }
]