[
    {
        "turn": 0,
        "cardinality conflicts": 0,
        "negation conflicts": 0,
        "subject gaps": 2,
        "object gaps": 2,
        "statement novelty": 0,
        "subject novelty": 0,
        "object novelty": 1,
        "overlaps subject-predicate": 0,
        "overlaps predicate-object": 0,
        "trust": 0.5,
        "Average degree": 11.066666666666666,
        "Sparseness": 0.007480555555555555,
        "Shortest path": 2.587468002225932,
        "Total triples": 3320.0,
        "Total classes": 24,
        "Total predicates": 12,
        "Average population": 14.607843137254902,
        "Total claims": 9.0,
        "Total perspectives": 8.0,
        "Total conflicts": 0,
        "Total sources": 1.0,
        "Ratio claims to triples": 0.002710843373493976,
        "Ratio perspectives to triples": 0.0024096385542168677,
        "Ratio conflicts to triples": 0.0,
        "Ratio perspectives to claims": 0.8888888888888888,
        "Ratio conflicts to claims": 0.0
    },
    {
        "turn": 3,
        "cardinality conflicts": 0,
        "negation conflicts": 0,
        "subject gaps": 2,
        "object gaps": 2,
        "statement novelty": 0,
        "subject novelty": 0,
        "object novelty": 0,
        "overlaps subject-predicate": 0,
        "overlaps predicate-object": 1,
        "trust": 0.5,
        "Average degree": 11.067103109656301,
        "Sparseness": 0.007352921480441765,
        "Shortest path": 2.5961203080142736,
        "Total triples": 3381.0,
        "Total classes": 24,
        "Total predicates": 12,
        "Average population": 15.0,
        "Total claims": 10.0,
        "Total perspectives": 9.0,
        "Total conflicts": 0,
        "Total sources": 1.0,
        "Ratio claims to triples": 0.0029577048210588583,
        "Ratio perspectives to triples": 0.0026619343389529724,
        "Ratio conflicts to triples": 0.0,
        "Ratio perspectives to claims": 0.9,
        "Ratio conflicts to claims": 0.0
    },
    {
        "turn": 5,
        "cardinality conflicts": 0,
        "negation conflicts": 0,
        "subject gaps": 2,
        "object gaps": 2,
        "statement novelty": 0,
        "subject novelty": 1,
        "object novelty": 1,
        "overlaps subject-predicate": 0,
        "overlaps predicate-object": 0,
        "trust": 0.5,
        "Average degree": 11.0432,
        "Sparseness": 0.00718336,
        "Shortest path": 2.6079846153846153,
        "Total triples": 3451.0,
        "Total classes": 24,
        "Total predicates": 12,
        "Average population": 15.529411764705882,
        "Total claims": 11.0,
        "Total perspectives": 10.0,
        "Total conflicts": 0,
        "Total sources": 1.0,
        "Ratio claims to triples": 0.003187481889307447,
        "Ratio perspectives to triples": 0.0028977108084613156,
        "Ratio conflicts to triples": 0.0,
        "Ratio perspectives to claims": 0.9090909090909091,
        "Ratio conflicts to claims": 0.0
    },
    {
        "turn": 7,
        "cardinality conflicts": 0,
        "negation conflicts": 0,
        "subject gaps": 2,
        "object gaps": 2,
        "statement novelty": 1,
        "subject novelty": 0,
        "object novelty": 0,
        "overlaps subject-predicate": 0,
        "overlaps predicate-object": 0,
        "trust": 0.5,
        "Average degree": 11.079365079365079,
        "Sparseness": 0.007145376669186193,
        "Shortest path": 2.612370353546824,
        "Total triples": 3490.0,
        "Total classes": 24,
        "Total predicates": 12,
        "Average population": 15.705882352941176,
        "Total claims": 11.0,
        "Total perspectives": 10.0,
        "Total conflicts": 0,
        "Total sources": 1.0,
        "Ratio claims to triples": 0.003151862464183381,
        "Ratio perspectives to triples": 0.0028653295128939827,
        "Ratio conflicts to triples": 0.0,
        "Ratio perspectives to claims": 0.9090909090909091,
        "Ratio conflicts to claims": 0.0
    },
    {
        "turn": 9,
        "cardinality conflicts": 0,
        "negation conflicts": 0,
        "subject gaps": 2,
        "object gaps": 2,
        "statement novelty": 1,
        "subject novelty": 0,
        "object novelty": 0,
        "overlaps subject-predicate": 0,
        "overlaps predicate-object": 0,
        "trust": 0.5,
        "Average degree": 11.11496062992126,
        "Sparseness": 0.0071076942153884305,
        "Shortest path": 2.616691919819171,
        "Total triples": 3529.0,
        "Total classes": 24,
        "Total predicates": 12,
        "Average population": 15.882352941176471,
        "Total claims": 11.0,
        "Total perspectives": 10.0,
        "Total conflicts": 0,
        "Total sources": 1.0,
        "Ratio claims to triples": 0.0031170303202040237,
        "Ratio perspectives to triples": 0.0028336639274582033,
        "Ratio conflicts to triples": 0.0,
        "Ratio perspectives to claims": 0.9090909090909091,
        "Ratio conflicts to claims": 0.0
    },
    {
        "turn": 11,
        "cardinality conflicts": 0,
        "negation conflicts": 0,
        "subject gaps": 2,
        "object gaps": 2,
        "statement novelty": 0,
        "subject novelty": 0,
        "object novelty": 1,
        "overlaps subject-predicate": 1,
        "overlaps predicate-object": 0,
        "trust": 0.5,
        "Average degree": 11.106646058732611,
        "Sparseness": 0.006977871952108053,
        "Shortest path": 2.626525856417569,
        "Total triples": 3593.0,
        "Total classes": 24,
        "Total predicates": 12,
        "Average population": 16.333333333333332,
        "Total claims": 12.0,
        "Total perspectives": 11.0,
        "Total conflicts": 0,
        "Total sources": 1.0,
        "Ratio claims to triples": 0.003339827442248817,
        "Ratio perspectives to triples": 0.0030615084887280824,
        "Ratio conflicts to triples": 0.0,
        "Ratio perspectives to claims": 0.9166666666666666,
        "Ratio conflicts to claims": 0.0
    },
    {
        "turn": 13,
        "cardinality conflicts": 0,
        "negation conflicts": 0,
        "subject gaps": 2,
        "object gaps": 2,
        "statement novelty": 0,
        "subject novelty": 0,
        "object novelty": 1,
        "overlaps subject-predicate": 2,
        "overlaps predicate-object": 0,
        "trust": 0.5,
        "Average degree": 11.098634294385432,
        "Sparseness": 0.0068527059668739825,
        "Shortest path": 2.636014777847987,
        "Total triples": 3657.0,
        "Total classes": 24,
        "Total predicates": 12,
        "Average population": 16.784313725490197,
        "Total claims": 13.0,
        "Total perspectives": 12.0,
        "Total conflicts": 0,
        "Total sources": 1.0,
        "Ratio claims to triples": 0.003554826360404703,
        "Ratio perspectives to triples": 0.003281378178835111,
        "Ratio conflicts to triples": 0.0,
        "Ratio perspectives to claims": 0.9230769230769231,
        "Ratio conflicts to claims": 0.0
    },
    {
        "turn": 15,
        "cardinality conflicts": 0,
        "negation conflicts": 0,
        "subject gaps": 2,
        "object gaps": 2,
        "statement novelty": 0,
        "subject novelty": 1,
        "object novelty": 0,
        "overlaps subject-predicate": 0,
        "overlaps predicate-object": 2,
        "trust": 0.5,
        "Average degree": 11.090909090909092,
        "Sparseness": 0.0067319502222143255,
        "Shortest path": 2.6451765019907914,
        "Total triples": 3721.0,
        "Total classes": 24,
        "Total predicates": 12,
        "Average population": 17.235294117647058,
        "Total claims": 14.0,
        "Total perspectives": 13.0,
        "Total conflicts": 0,
        "Total sources": 1.0,
        "Ratio claims to triples": 0.0037624294544477293,
        "Ratio perspectives to triples": 0.0034936844934157483,
        "Ratio conflicts to triples": 0.0,
        "Ratio perspectives to claims": 0.9285714285714286,
        "Ratio conflicts to claims": 0.0
    },
    {
        "turn": 17,
        "cardinality conflicts": 0,
        "negation conflicts": 0,
        "subject gaps": 2,
        "object gaps": 2,
        "statement novelty": 1,
        "subject novelty": 0,
        "object novelty": 0,
        "overlaps subject-predicate": 0,
        "overlaps predicate-object": 2,
        "trust": 0.5,
        "Average degree": 11.124260355029586,
        "Sparseness": 0.006698382409579496,
        "Shortest path": 2.6490203813280737,
        "Total triples": 3760.0,
        "Total classes": 24,
        "Total predicates": 12,
        "Average population": 17.41176470588235,
        "Total claims": 14.0,
        "Total perspectives": 13.0,
        "Total conflicts": 0,
        "Total sources": 1.0,
        "Ratio claims to triples": 0.003723404255319149,
        "Ratio perspectives to triples": 0.003457446808510638,
        "Ratio conflicts to triples": 0.0,
        "Ratio perspectives to claims": 0.9285714285714286,
        "Ratio conflicts to claims": 0.0
    },
    {
        "turn": 19,
        "cardinality conflicts": 0,
        "negation conflicts": 0,
        "subject gaps": 2,
        "object gaps": 2,
        "statement novelty": 0,
        "subject novelty": 1,
        "object novelty": 1,
        "overlaps subject-predicate": 0,
        "overlaps predicate-object": 0,
        "trust": 0.5,
        "Average degree": 11.101449275362318,
        "Sparseness": 0.006557445914723798,
        "Shortest path": 2.658770324561957,
        "Total triples": 3830.0,
        "Total classes": 24,
        "Total predicates": 12,
        "Average population": 17.941176470588236,
        "Total claims": 15.0,
        "Total perspectives": 14.0,
        "Total conflicts": 0,
        "Total sources": 1.0,
        "Ratio claims to triples": 0.0039164490861618795,
        "Ratio perspectives to triples": 0.0036553524804177544,
        "Ratio conflicts to triples": 0.0,
        "Ratio perspectives to claims": 0.9333333333333333,
        "Ratio conflicts to claims": 0.0
    }
]