[
    {
        "turn": 0,
        "cardinality conflicts": 0,
        "negation conflicts": 0,
        "subject gaps": 2,
        "object gaps": 2,
        "statement novelty": 0,
        "subject novelty": 1,
        "object novelty": 0,
        "overlaps subject-predicate": 0,
        "overlaps predicate-object": 1,
        "trust": 0.5,
        "Average degree": 10.850793650793651,
        "Sparseness": 0.007031997984378937,
        "Shortest path": 2.616317157493628,
        "Total triples": 3418.0,
        "Total classes": 24,
        "Total predicates": 12,
        "Average population": 15.705882352941176,
        "Total claims": 13.0,
        "Total perspectives": 12.0,
        "Total conflicts": 0,
        "Total sources": 1.0,
        "Ratio claims to triples": 0.0038033937975424223,
        "Ratio perspectives to triples": 0.003510825043885313,
        "Ratio conflicts to triples": 0.0,
        "Ratio perspectives to claims": 0.9230769230769231,
        "Ratio conflicts to claims": 0.0
    },
    {
        "turn": 3,
        "cardinality conflicts": 0,
        "negation conflicts": 0,
        "subject gaps": 2,
        "object gaps": 2,
        "statement novelty": 0,
        "subject novelty": 0,
        "object novelty": 1,
        "overlaps subject-predicate": 0,
        "overlaps predicate-object": 0,
        "trust": 0.5,
        "Average degree": 10.8398133748056,
        "Sparseness": 0.006890813619092077,
        "Shortest path": 2.6252912990605757,
        "Total triples": 3485.0,
        "Total classes": 24,
        "Total predicates": 12,
        "Average population": 16.176470588235293,
        "Total claims": 14.0,
        "Total perspectives": 13.0,
        "Total conflicts": 0,
        "Total sources": 1.0,
        "Ratio claims to triples": 0.0040172166427546625,
        "Ratio perspectives to triples": 0.0037302725968436155,
        "Ratio conflicts to triples": 0.0,
        "Ratio perspectives to claims": 0.9285714285714286,
        "Ratio conflicts to claims": 0.0
    },
    {
        "turn": 5,
        "cardinality conflicts": 0,
        "negation conflicts": 0,
        "subject gaps": 2,
        "object gaps": 2,
        "statement novelty": 0,
        "subject novelty": 1,
        "object novelty": 1,
        "overlaps subject-predicate": 0,
        "overlaps predicate-object": 0,
        "trust": 0.5,
        "Average degree": 10.821917808219178,
        "Sparseness": 0.006741588651890772,
        "Shortest path": 2.6359793221219885,
        "Total triples": 3555.0,
        "Total classes": 24,
        "Total predicates": 12,
        "Average population": 16.705882352941178,
        "Total claims": 15.0,
        "Total perspectives": 14.0,
        "Total conflicts": 0,
        "Total sources": 1.0,
        "Ratio claims to triples": 0.004219409282700422,
        "Ratio perspectives to triples": 0.003938115330520394,
        "Ratio conflicts to triples": 0.0,
        "Ratio perspectives to claims": 0.9333333333333333,
        "Ratio conflicts to claims": 0.0
    },
    {
        "turn": 7,
        "cardinality conflicts": 0,
        "negation conflicts": 0,
        "subject gaps": 2,
        "object gaps": 2,
        "statement novelty": 0,
        "subject novelty": 0,
        "object novelty": 1,
        "overlaps subject-predicate": 0,
        "overlaps predicate-object": 0,
        "trust": 0.5,
        "Average degree": 10.819133034379671,
        "Sparseness": 0.00662479527930271,
        "Shortest path": 2.6451491635562956,
        "Total triples": 3619.0,
        "Total classes": 24,
        "Total predicates": 12,
        "Average population": 17.15686274509804,
        "Total claims": 16.0,
        "Total perspectives": 15.0,
        "Total conflicts": 0,
        "Total sources": 1.0,
        "Ratio claims to triples": 0.004421110804089527,
        "Ratio perspectives to triples": 0.004144791378833932,
        "Ratio conflicts to triples": 0.0,
        "Ratio perspectives to claims": 0.9375,
        "Ratio conflicts to claims": 0.0
    },
    {
        "turn": 9,
        "cardinality conflicts": 0,
        "negation conflicts": 0,
        "subject gaps": 2,
        "object gaps": 2,
        "statement novelty": 1,
        "subject novelty": 0,
        "object novelty": 0,
        "overlaps subject-predicate": 0,
        "overlaps predicate-object": 0,
        "trust": 0.5,
        "Average degree": 10.85459940652819,
        "Sparseness": 0.006592908276026028,
        "Shortest path": 2.648996256630262,
        "Total triples": 3658.0,
        "Total classes": 24,
        "Total predicates": 12,
        "Average population": 17.333333333333332,
        "Total claims": 16.0,
        "Total perspectives": 15.0,
        "Total conflicts": 0,
        "Total sources": 1.0,
        "Ratio claims to triples": 0.004373974849644614,
        "Ratio perspectives to triples": 0.004100601421541826,
        "Ratio conflicts to triples": 0.0,
        "Ratio perspectives to claims": 0.9375,
        "Ratio conflicts to claims": 0.0
    },
    {
        "turn": 11,
        "cardinality conflicts": 0,
        "negation conflicts": 0,
        "subject gaps": 2,
        "object gaps": 2,
        "statement novelty": 1,
        "subject novelty": 0,
        "object novelty": 0,
        "overlaps subject-predicate": 0,
        "overlaps predicate-object": 0,
        "trust": 0.5,
        "Average degree": 10.889543446244478,
        "Sparseness": 0.0065612385883251165,
        "Shortest path": 2.652790629982492,
        "Total triples": 3697.0,
        "Total classes": 24,
        "Total predicates": 12,
        "Average population": 17.50980392156863,
        "Total claims": 16.0,
        "Total perspectives": 15.0,
        "Total conflicts": 0,
        "Total sources": 1.0,
        "Ratio claims to triples": 0.004327833378414931,
        "Ratio perspectives to triples": 0.004057343792263998,
        "Ratio conflicts to triples": 0.0,
        "Ratio perspectives to claims": 0.9375,
        "Ratio conflicts to claims": 0.0
    },
    {
        "turn": 13,
        "cardinality conflicts": 0,
        "negation conflicts": 0,
        "subject gaps": 2,
        "object gaps": 2,
        "statement novelty": 0,
        "subject novelty": 0,
        "object novelty": 1,
        "overlaps subject-predicate": 0,
        "overlaps predicate-object": 0,
        "trust": 0.5,
        "Average degree": 10.885672937771346,
        "Sparseness": 0.006450518449948794,
        "Shortest path": 2.6614022945112104,
        "Total triples": 3761.0,
        "Total classes": 24,
        "Total predicates": 12,
        "Average population": 17.96078431372549,
        "Total claims": 17.0,
        "Total perspectives": 16.0,
        "Total conflicts": 0,
        "Total sources": 1.0,
        "Ratio claims to triples": 0.00452007444828503,
        "Ratio perspectives to triples": 0.00425418771603297,
        "Ratio conflicts to triples": 0.0,
        "Ratio perspectives to claims": 0.9411764705882353,
        "Ratio conflicts to claims": 0.0
    },
    {
        "turn": 15,
        "cardinality conflicts": 0,
        "negation conflicts": 0,
        "subject gaps": 2,
        "object gaps": 2,
        "statement novelty": 1,
        "subject novelty": 0,
        "object novelty": 0,
        "overlaps subject-predicate": 0,
        "overlaps predicate-object": 0,
        "trust": 0.5,
        "Average degree": 10.919540229885058,
        "Sparseness": 0.006420101730743823,
        "Shortest path": 2.6650252212023484,
        "Total triples": 3800.0,
        "Total classes": 24,
        "Total predicates": 12,
        "Average population": 18.137254901960784,
        "Total claims": 17.0,
        "Total perspectives": 16.0,
        "Total conflicts": 0,
        "Total sources": 1.0,
        "Ratio claims to triples": 0.0044736842105263155,
        "Ratio perspectives to triples": 0.004210526315789474,
        "Ratio conflicts to triples": 0.0,
        "Ratio perspectives to claims": 0.9411764705882353,
        "Ratio conflicts to claims": 0.0
    },
    {
        "turn": 17,
        "cardinality conflicts": 0,
        "negation conflicts": 0,
        "subject gaps": 2,
        "object gaps": 2,
        "statement novelty": 1,
        "subject novelty": 0,
        "object novelty": 0,
        "overlaps subject-predicate": 0,
        "overlaps predicate-object": 0,
        "trust": 0.5,
        "Average degree": 10.952924393723253,
        "Sparseness": 0.006389893386460345,
        "Shortest path": 2.668599959241899,
        "Total triples": 3839.0,
        "Total classes": 24,
        "Total predicates": 12,
        "Average population": 18.313725490196077,
        "Total claims": 17.0,
        "Total perspectives": 16.0,
        "Total conflicts": 0,
        "Total sources": 1.0,
        "Ratio claims to triples": 0.004428236519927064,
        "Ratio perspectives to triples": 0.004167752018754884,
        "Ratio conflicts to triples": 0.0,
        "Ratio perspectives to claims": 0.9411764705882353,
        "Ratio conflicts to claims": 0.0
    },
    {
        "turn": 19,
        "cardinality conflicts": 0,
        "negation conflicts": 0,
        "subject gaps": 2,
        "object gaps": 2,
        "statement novelty": 1,
        "subject novelty": 0,
        "object novelty": 0,
        "overlaps subject-predicate": 0,
        "overlaps predicate-object": 0,
        "trust": 0.5,
        "Average degree": 10.98583569405099,
        "Sparseness": 0.006359893747642626,
        "Shortest path": 2.672127458662327,
        "Total triples": 3878.0,
        "Total classes": 24,
        "Total predicates": 12,
        "Average population": 18.49019607843137,
        "Total claims": 17.0,
        "Total perspectives": 16.0,
        "Total conflicts": 0,
        "Total sources": 1.0,
        "Ratio claims to triples": 0.004383702939659618,
        "Ratio perspectives to triples": 0.0041258380608561115,
        "Ratio conflicts to triples": 0.0,
        "Ratio perspectives to claims": 0.9411764705882353,
        "Ratio conflicts to claims": 0.0
    }
]