[
    {
        "turn": 0,
        "cardinality conflicts": 0,
        "negation conflicts": 0,
        "subject gaps": 2,
        "object gaps": 2,
        "statement novelty": 0,
        "subject novelty": 1,
        "object novelty": 1,
        "overlaps subject-predicate": 0,
        "overlaps predicate-object": 0,
        "trust": 0.5,
        "Average degree": 10.59099099099099,
        "Sparseness": 0.007807807807807808,
        "Shortest path": 2.545555663967216,
        "Total triples": 2939.0,
        "Total classes": 24,
        "Total predicates": 12,
        "Average population": 13.07843137254902,
        "Total claims": 10.0,
        "Total perspectives": 9.0,
        "Total conflicts": 0,
        "Total sources": 1.0,
        "Ratio claims to triples": 0.003402517863218782,
        "Ratio perspectives to triples": 0.003062266076896904,
        "Ratio conflicts to triples": 0.0,
        "Ratio perspectives to claims": 0.9,
        "Ratio conflicts to claims": 0.0
    },
    {
        "turn": 3,
        "cardinality conflicts": 0,
        "negation conflicts": 0,
        "subject gaps": 2,
        "object gaps": 2,
        "statement novelty": 0,
        "subject novelty": 0,
        "object novelty": 0,
        "overlaps subject-predicate": 0,
        "overlaps predicate-object": 1,
        "trust": 0.5,
        "Average degree": 10.60070671378092,
        "Sparseness": 0.007669592578256689,
        "Shortest path": 2.555564589261703,
        "Total triples": 3000.0,
        "Total classes": 24,
        "Total predicates": 12,
        "Average population": 13.470588235294118,
        "Total claims": 11.0,
        "Total perspectives": 10.0,
        "Total conflicts": 0,
        "Total sources": 1.0,
        "Ratio claims to triples": 0.0036666666666666666,
        "Ratio perspectives to triples": 0.0033333333333333335,
        "Ratio conflicts to triples": 0.0,
        "Ratio perspectives to claims": 0.9090909090909091,
        "Ratio conflicts to claims": 0.0
    },
    {
        "turn": 5,
        "cardinality conflicts": 0,
        "negation conflicts": 0,
        "subject gaps": 2,
        "object gaps": 2,
        "statement novelty": 1,
        "subject novelty": 0,
        "object novelty": 0,
        "overlaps subject-predicate": 0,
        "overlaps predicate-object": 1,
        "trust": 0.5,
        "Average degree": 10.64448336252189,
        "Sparseness": 0.00762787502185308,
        "Shortest path": 2.560789012812241,
        "Total triples": 3039.0,
        "Total classes": 24,
        "Total predicates": 12,
        "Average population": 13.647058823529411,
        "Total claims": 11.0,
        "Total perspectives": 10.0,
        "Total conflicts": 0,
        "Total sources": 1.0,
        "Ratio claims to triples": 0.0036196117143797303,
        "Ratio perspectives to triples": 0.003290556103981573,
        "Ratio conflicts to triples": 0.0,
        "Ratio perspectives to claims": 0.9090909090909091,
        "Ratio conflicts to claims": 0.0
    },
    {
        "turn": 7,
        "cardinality conflicts": 0,
        "negation conflicts": 0,
        "subject gaps": 2,
        "object gaps": 2,
        "statement novelty": 0,
        "subject novelty": 1,
        "object novelty": 1,
        "overlaps subject-predicate": 0,
        "overlaps predicate-object": 0,
        "trust": 0.5,
        "Average degree": 10.629059829059829,
        "Sparseness": 0.007445394112060778,
        "Shortest path": 2.574200913242009,
        "Total triples": 3109.0,
        "Total classes": 24,
        "Total predicates": 12,
        "Average population": 14.176470588235293,
        "Total claims": 12.0,
        "Total perspectives": 11.0,
        "Total conflicts": 0,
        "Total sources": 1.0,
        "Ratio claims to triples": 0.0038597619813444837,
        "Ratio perspectives to triples": 0.003538115149565777,
        "Ratio conflicts to triples": 0.0,
        "Ratio perspectives to claims": 0.9166666666666666,
        "Ratio conflicts to claims": 0.0
    },
    {
        "turn": 9,
        "cardinality conflicts": 0,
        "negation conflicts": 0,
        "subject gaps": 2,
        "object gaps": 2,
        "statement novelty": 1,
        "subject novelty": 0,
        "object novelty": 0,
        "overlaps subject-predicate": 0,
        "overlaps predicate-object": 0,
        "trust": 0.5,
        "Average degree": 10.671186440677966,
        "Sparseness": 0.007405917839701235,
        "Shortest path": 2.579120025323012,
        "Total triples": 3148.0,
        "Total classes": 24,
        "Total predicates": 12,
        "Average population": 14.352941176470589,
        "Total claims": 12.0,
        "Total perspectives": 11.0,
        "Total conflicts": 0,
        "Total sources": 1.0,
        "Ratio claims to triples": 0.0038119440914866584,
        "Ratio perspectives to triples": 0.00349428208386277,
        "Ratio conflicts to triples": 0.0,
        "Ratio perspectives to claims": 0.9166666666666666,
        "Ratio conflicts to claims": 0.0
    },
    {
        "turn": 11,
        "cardinality conflicts": 0,
        "negation conflicts": 0,
        "subject gaps": 2,
        "object gaps": 2,
        "statement novelty": 0,
        "subject novelty": 1,
        "object novelty": 1,
        "overlaps subject-predicate": 0,
        "overlaps predicate-object": 0,
        "trust": 0.5,
        "Average degree": 10.655629139072847,
        "Sparseness": 0.007233783605982194,
        "Shortest path": 2.59172130517391,
        "Total triples": 3218.0,
        "Total classes": 24,
        "Total predicates": 12,
        "Average population": 14.882352941176471,
        "Total claims": 13.0,
        "Total perspectives": 12.0,
        "Total conflicts": 0,
        "Total sources": 1.0,
        "Ratio claims to triples": 0.004039776258545681,
        "Ratio perspectives to triples": 0.0037290242386575512,
        "Ratio conflicts to triples": 0.0,
        "Ratio perspectives to claims": 0.9230769230769231,
        "Ratio conflicts to claims": 0.0
    },
    {
        "turn": 13,
        "cardinality conflicts": 0,
        "negation conflicts": 0,
        "subject gaps": 2,
        "object gaps": 2,
        "statement novelty": 1,
        "subject novelty": 0,
        "object novelty": 0,
        "overlaps subject-predicate": 0,
        "overlaps predicate-object": 0,
        "trust": 0.5,
        "Average degree": 10.696223316912972,
        "Sparseness": 0.007196378353164492,
        "Shortest path": 2.5963615936392705,
        "Total triples": 3257.0,
        "Total classes": 24,
        "Total predicates": 12,
        "Average population": 15.058823529411764,
        "Total claims": 13.0,
        "Total perspectives": 12.0,
        "Total conflicts": 0,
        "Total sources": 1.0,
        "Ratio claims to triples": 0.003991403131716303,
        "Ratio perspectives to triples": 0.00368437212158428,
        "Ratio conflicts to triples": 0.0,
        "Ratio perspectives to claims": 0.9230769230769231,
        "Ratio conflicts to claims": 0.0
    },
    {
        "turn": 15,
        "cardinality conflicts": 0,
        "negation conflicts": 0,
        "subject gaps": 2,
        "object gaps": 2,
        "statement novelty": 0,
        "subject novelty": 1,
        "object novelty": 0,
        "overlaps subject-predicate": 0,
        "overlaps predicate-object": 1,
        "trust": 0.5,
        "Average degree": 10.695652173913043,
        "Sparseness": 0.0070635642994391155,
        "Shortest path": 2.6069347046906652,
        "Total triples": 3321.0,
        "Total classes": 24,
        "Total predicates": 12,
        "Average population": 15.509803921568627,
        "Total claims": 14.0,
        "Total perspectives": 13.0,
        "Total conflicts": 0,
        "Total sources": 1.0,
        "Ratio claims to triples": 0.004215597711532671,
        "Ratio perspectives to triples": 0.003914483589280337,
        "Ratio conflicts to triples": 0.0,
        "Ratio perspectives to claims": 0.9285714285714286,
        "Ratio conflicts to claims": 0.0
    },
    {
        "turn": 17,
        "cardinality conflicts": 0,
        "negation conflicts": 0,
        "subject gaps": 2,
        "object gaps": 2,
        "statement novelty": 0,
        "subject novelty": 0,
        "object novelty": 1,
        "overlaps subject-predicate": 0,
        "overlaps predicate-object": 0,
        "trust": 0.5,
        "Average degree": 10.695102685624013,
        "Sparseness": 0.006935553509080609,
        "Shortest path": 2.6171236026956226,
        "Total triples": 3385.0,
        "Total classes": 24,
        "Total predicates": 12,
        "Average population": 15.96078431372549,
        "Total claims": 15.0,
        "Total perspectives": 14.0,
        "Total conflicts": 0,
        "Total sources": 1.0,
        "Ratio claims to triples": 0.004431314623338257,
        "Ratio perspectives to triples": 0.00413589364844904,
        "Ratio conflicts to triples": 0.0,
        "Ratio perspectives to claims": 0.9333333333333333,
        "Ratio conflicts to claims": 0.0
    },
    {
        "turn": 19,
        "cardinality conflicts": 0,
        "negation conflicts": 0,
        "subject gaps": 2,
        "object gaps": 2,
        "statement novelty": 0,
        "subject novelty": 0,
        "object novelty": 1,
        "overlaps subject-predicate": 1,
        "overlaps predicate-object": 0,
        "trust": 0.5,
        "Average degree": 10.694573643410854,
        "Sparseness": 0.0068120906195541136,
        "Shortest path": 2.6269488179498293,
        "Total triples": 3449.0,
        "Total classes": 24,
        "Total predicates": 12,
        "Average population": 16.41176470588235,
        "Total claims": 16.0,
        "Total perspectives": 15.0,
        "Total conflicts": 0,
        "Total sources": 1.0,
        "Ratio claims to triples": 0.004639025804581038,
        "Ratio perspectives to triples": 0.004349086691794723,
        "Ratio conflicts to triples": 0.0,
        "Ratio perspectives to claims": 0.9375,
        "Ratio conflicts to claims": 0.0
    }
]