[
    {
        "turn": 0,
        "cardinality conflicts": 0,
        "negation conflicts": 0,
        "subject gaps": 2,
        "object gaps": 2,
        "statement novelty": 0,
        "subject novelty": 1,
        "object novelty": 0,
        "overlaps subject-predicate": 0,
        "overlaps predicate-object": 2,
        "trust": 0.5,
        "Average degree": 11.161048689138577,
        "Sparseness": 0.005699804083846503,
        "Shortest path": 2.722487515605493,
        "Total triples": 4470.0,
        "Total classes": 24,
        "Total predicates": 12,
        "Average population": 21.980392156862745,
        "Total claims": 21.0,
        "Total perspectives": 20.0,
        "Total conflicts": 0,
        "Total sources": 1.0,
        "Ratio claims to triples": 0.004697986577181208,
        "Ratio perspectives to triples": 0.0044742729306487695,
        "Ratio conflicts to triples": 0.0,
        "Ratio perspectives to claims": 0.9523809523809523,
        "Ratio conflicts to claims": 0.0
    },
    {
        "turn": 3,
        "cardinality conflicts": 0,
        "negation conflicts": 0,
        "subject gaps": 2,
        "object gaps": 2,
        "statement novelty": 1,
        "subject novelty": 0,
        "object novelty": 0,
        "overlaps subject-predicate": 0,
        "overlaps predicate-object": 2,
        "trust": 0.5,
        "Average degree": 11.182156133828997,
        "Sparseness": 0.005666035571647711,
        "Shortest path": 2.72441201521427,
        "Total triples": 4512.0,
        "Total classes": 24,
        "Total predicates": 12,
        "Average population": 22.176470588235293,
        "Total claims": 21.0,
        "Total perspectives": 20.0,
        "Total conflicts": 0,
        "Total sources": 1.0,
        "Ratio claims to triples": 0.004654255319148936,
        "Ratio perspectives to triples": 0.004432624113475178,
        "Ratio conflicts to triples": 0.0,
        "Ratio perspectives to claims": 0.9523809523809523,
        "Ratio conflicts to claims": 0.0
    },
    {
        "turn": 5,
        "cardinality conflicts": 0,
        "negation conflicts": 0,
        "subject gaps": 2,
        "object gaps": 2,
        "statement novelty": 1,
        "subject novelty": 0,
        "object novelty": 0,
        "overlaps subject-predicate": 0,
        "overlaps predicate-object": 3,
        "trust": 0.5,
        "Average degree": 11.20935960591133,
        "Sparseness": 0.005641971414011502,
        "Shortest path": 2.7271932115675472,
        "Total triples": 4551.0,
        "Total classes": 24,
        "Total predicates": 12,
        "Average population": 22.352941176470587,
        "Total claims": 21.0,
        "Total perspectives": 20.0,
        "Total conflicts": 0,
        "Total sources": 1.0,
        "Ratio claims to triples": 0.004614370468029005,
        "Ratio perspectives to triples": 0.004394638540980004,
        "Ratio conflicts to triples": 0.0,
        "Ratio perspectives to claims": 0.9523809523809523,
        "Ratio conflicts to claims": 0.0
    },
    {
        "turn": 7,
        "cardinality conflicts": 0,
        "negation conflicts": 0,
        "subject gaps": 2,
        "object gaps": 2,
        "statement novelty": 1,
        "subject novelty": 0,
        "object novelty": 0,
        "overlaps subject-predicate": 0,
        "overlaps predicate-object": 3,
        "trust": 0.5,
        "Average degree": 11.236230110159118,
        "Sparseness": 0.005618070110518675,
        "Shortest path": 2.729927160582715,
        "Total triples": 4590.0,
        "Total classes": 24,
        "Total predicates": 12,
        "Average population": 22.529411764705884,
        "Total claims": 21.0,
        "Total perspectives": 20.0,
        "Total conflicts": 0,
        "Total sources": 1.0,
        "Ratio claims to triples": 0.004575163398692811,
        "Ratio perspectives to triples": 0.004357298474945534,
        "Ratio conflicts to triples": 0.0,
        "Ratio perspectives to claims": 0.9523809523809523,
        "Ratio conflicts to claims": 0.0
    },
    {
        "turn": 9,
        "cardinality conflicts": 0,
        "negation conflicts": 0,
        "subject gaps": 2,
        "object gaps": 2,
        "statement novelty": 0,
        "subject novelty": 0,
        "object novelty": 0,
        "overlaps subject-predicate": 0,
        "overlaps predicate-object": 1,
        "trust": 0.5,
        "Average degree": 11.240628778718259,
        "Sparseness": 0.005554670148509568,
        "Shortest path": 2.7354157944201596,
        "Total triples": 4648.0,
        "Total classes": 24,
        "Total predicates": 12,
        "Average population": 22.901960784313726,
        "Total claims": 22.0,
        "Total perspectives": 21.0,
        "Total conflicts": 0,
        "Total sources": 1.0,
        "Ratio claims to triples": 0.004733218588640275,
        "Ratio perspectives to triples": 0.004518072289156626,
        "Ratio conflicts to triples": 0.0,
        "Ratio perspectives to claims": 0.9545454545454546,
        "Ratio conflicts to claims": 0.0
    },
    {
        "turn": 11,
        "cardinality conflicts": 0,
        "negation conflicts": 0,
        "subject gaps": 2,
        "object gaps": 2,
        "statement novelty": 0,
        "subject novelty": 0,
        "object novelty": 0,
        "overlaps subject-predicate": 0,
        "overlaps predicate-object": 1,
        "trust": 0.5,
        "Average degree": 11.244922341696535,
        "Sparseness": 0.005492678094520312,
        "Shortest path": 2.740777897823738,
        "Total triples": 4706.0,
        "Total classes": 24,
        "Total predicates": 12,
        "Average population": 23.274509803921568,
        "Total claims": 23.0,
        "Total perspectives": 22.0,
        "Total conflicts": 0,
        "Total sources": 1.0,
        "Ratio claims to triples": 0.004887377815554611,
        "Ratio perspectives to triples": 0.004674883127921802,
        "Ratio conflicts to triples": 0.0,
        "Ratio perspectives to claims": 0.9565217391304348,
        "Ratio conflicts to claims": 0.0
    },
    {
        "turn": 13,
        "cardinality conflicts": 0,
        "negation conflicts": 0,
        "subject gaps": 2,
        "object gaps": 2,
        "statement novelty": 1,
        "subject novelty": 1,
        "object novelty": 0,
        "overlaps subject-predicate": 0,
        "overlaps predicate-object": 2,
        "trust": 0.5,
        "Average degree": 11.274021352313166,
        "Sparseness": 0.005466833837801784,
        "Shortest path": 2.742478930862799,
        "Total triples": 4752.0,
        "Total classes": 24,
        "Total predicates": 12,
        "Average population": 23.529411764705884,
        "Total claims": 23.0,
        "Total perspectives": 22.0,
        "Total conflicts": 0,
        "Total sources": 1.0,
        "Ratio claims to triples": 0.00484006734006734,
        "Ratio perspectives to triples": 0.004629629629629629,
        "Ratio conflicts to triples": 0.0,
        "Ratio perspectives to claims": 0.9565217391304348,
        "Ratio conflicts to claims": 0.0
    },
    {
        "turn": 15,
        "cardinality conflicts": 0,
        "negation conflicts": 0,
        "subject gaps": 2,
        "object gaps": 2,
        "statement novelty": 0,
        "subject novelty": 0,
        "object novelty": 1,
        "overlaps subject-predicate": 0,
        "overlaps predicate-object": 0,
        "trust": 0.5,
        "Average degree": 11.265497076023392,
        "Sparseness": 0.00538969255497418,
        "Shortest path": 2.7482832764972542,
        "Total triples": 4816.0,
        "Total classes": 24,
        "Total predicates": 12,
        "Average population": 23.980392156862745,
        "Total claims": 24.0,
        "Total perspectives": 23.0,
        "Total conflicts": 0,
        "Total sources": 1.0,
        "Ratio claims to triples": 0.0049833887043189366,
        "Ratio perspectives to triples": 0.004775747508305648,
        "Ratio conflicts to triples": 0.0,
        "Ratio perspectives to claims": 0.9583333333333334,
        "Ratio conflicts to claims": 0.0
    },
    {
        "turn": 17,
        "cardinality conflicts": 0,
        "negation conflicts": 0,
        "subject gaps": 2,
        "object gaps": 2,
        "statement novelty": 1,
        "subject novelty": 0,
        "object novelty": 0,
        "overlaps subject-predicate": 0,
        "overlaps predicate-object": 0,
        "trust": 0.5,
        "Average degree": 11.290697674418604,
        "Sparseness": 0.0053677663601947,
        "Shortest path": 2.7507702303922894,
        "Total triples": 4855.0,
        "Total classes": 24,
        "Total predicates": 12,
        "Average population": 24.15686274509804,
        "Total claims": 24.0,
        "Total perspectives": 23.0,
        "Total conflicts": 0,
        "Total sources": 1.0,
        "Ratio claims to triples": 0.004943357363542739,
        "Ratio perspectives to triples": 0.004737384140061792,
        "Ratio conflicts to triples": 0.0,
        "Ratio perspectives to claims": 0.9583333333333334,
        "Ratio conflicts to claims": 0.0
    },
    {
        "turn": 19,
        "cardinality conflicts": 0,
        "negation conflicts": 0,
        "subject gaps": 2,
        "object gaps": 2,
        "statement novelty": 1,
        "subject novelty": 0,
        "object novelty": 0,
        "overlaps subject-predicate": 0,
        "overlaps predicate-object": 0,
        "trust": 0.5,
        "Average degree": 11.315606936416184,
        "Sparseness": 0.005345985499014334,
        "Shortest path": 2.7532300363947764,
        "Total triples": 4894.0,
        "Total classes": 24,
        "Total predicates": 12,
        "Average population": 24.333333333333332,
        "Total claims": 24.0,
        "Total perspectives": 23.0,
        "Total conflicts": 0,
        "Total sources": 1.0,
        "Ratio claims to triples": 0.004903964037597058,
        "Ratio perspectives to triples": 0.00469963220269718,
        "Ratio conflicts to triples": 0.0,
        "Ratio perspectives to claims": 0.9583333333333334,
        "Ratio conflicts to claims": 0.0
    }
]