[
    {
        "turn": 0,
        "cardinality conflicts": 0,
        "negation conflicts": 0,
        "subject gaps": 2,
        "object gaps": 2,
        "statement novelty": 1,
        "subject novelty": 0,
        "object novelty": 0,
        "overlaps subject-predicate": 0,
        "overlaps predicate-object": 0,
        "trust": 0.5,
        "Average degree": 10.885436893203883,
        "Sparseness": 0.008555000471297954,
        "Shortest path": 2.4995277851233424,
        "Total triples": 2803.0,
        "Total classes": 24,
        "Total predicates": 12,
        "Average population": 11.549019607843137,
        "Total claims": 5.0,
        "Total perspectives": 4.0,
        "Total conflicts": 0,
        "Total sources": 1.0,
        "Ratio claims to triples": 0.0017838030681412772,
        "Ratio perspectives to triples": 0.0014270424545130217,
        "Ratio conflicts to triples": 0.0,
        "Ratio perspectives to claims": 0.8,
        "Ratio conflicts to claims": 0.0
    },
    {
        "turn": 3,
        "cardinality conflicts": 0,
        "negation conflicts": 0,
        "subject gaps": 2,
        "object gaps": 2,
        "statement novelty": 1,
        "subject novelty": 0,
        "object novelty": 0,
        "overlaps subject-predicate": 0,
        "overlaps predicate-object": 0,
        "trust": 0.5,
        "Average degree": 10.921305182341651,
        "Sparseness": 0.008480664306423864,
        "Shortest path": 2.50481322899749,
        "Total triples": 2845.0,
        "Total classes": 24,
        "Total predicates": 12,
        "Average population": 11.745098039215685,
        "Total claims": 5.0,
        "Total perspectives": 4.0,
        "Total conflicts": 0,
        "Total sources": 1.0,
        "Ratio claims to triples": 0.0017574692442882249,
        "Ratio perspectives to triples": 0.00140597539543058,
        "Ratio conflicts to triples": 0.0,
        "Ratio perspectives to claims": 0.8,
        "Ratio conflicts to claims": 0.0
    },
    {
        "turn": 5,
        "cardinality conflicts": 0,
        "negation conflicts": 0,
        "subject gaps": 2,
        "object gaps": 2,
        "statement novelty": 1,
        "subject novelty": 0,
        "object novelty": 0,
        "overlaps subject-predicate": 0,
        "overlaps predicate-object": 0,
        "trust": 0.5,
        "Average degree": 10.965779467680608,
        "Sparseness": 0.00842863132328066,
        "Shortest path": 2.5109252217997464,
        "Total triples": 2884.0,
        "Total classes": 24,
        "Total predicates": 12,
        "Average population": 11.92156862745098,
        "Total claims": 5.0,
        "Total perspectives": 4.0,
        "Total conflicts": 0,
        "Total sources": 1.0,
        "Ratio claims to triples": 0.0017337031900138697,
        "Ratio perspectives to triples": 0.0013869625520110957,
        "Ratio conflicts to triples": 0.0,
        "Ratio perspectives to claims": 0.8,
        "Ratio conflicts to claims": 0.0
    },
    {
        "turn": 7,
        "cardinality conflicts": 0,
        "negation conflicts": 0,
        "subject gaps": 2,
        "object gaps": 2,
        "statement novelty": 0,
        "subject novelty": 1,
        "object novelty": 1,
        "overlaps subject-predicate": 0,
        "overlaps predicate-object": 0,
        "trust": 0.5,
        "Average degree": 10.940740740740742,
        "Sparseness": 0.00820644718792867,
        "Shortest path": 2.5266749123891983,
        "Total triples": 2954.0,
        "Total classes": 24,
        "Total predicates": 12,
        "Average population": 12.450980392156863,
        "Total claims": 6.0,
        "Total perspectives": 5.0,
        "Total conflicts": 0,
        "Total sources": 1.0,
        "Ratio claims to triples": 0.002031144211238998,
        "Ratio perspectives to triples": 0.0016926201760324984,
        "Ratio conflicts to triples": 0.0,
        "Ratio perspectives to claims": 0.8333333333333334,
        "Ratio conflicts to claims": 0.0
    },
    {
        "turn": 9,
        "cardinality conflicts": 0,
        "negation conflicts": 0,
        "subject gaps": 2,
        "object gaps": 2,
        "statement novelty": 0,
        "subject novelty": 0,
        "object novelty": 0,
        "overlaps subject-predicate": 0,
        "overlaps predicate-object": 1,
        "trust": 0.5,
        "Average degree": 10.952727272727273,
        "Sparseness": 0.008072727272727273,
        "Shortest path": 2.538274548766352,
        "Total triples": 3012.0,
        "Total classes": 24,
        "Total predicates": 12,
        "Average population": 12.823529411764707,
        "Total claims": 7.0,
        "Total perspectives": 6.0,
        "Total conflicts": 0,
        "Total sources": 1.0,
        "Ratio claims to triples": 0.0023240371845949536,
        "Ratio perspectives to triples": 0.00199203187250996,
        "Ratio conflicts to triples": 0.0,
        "Ratio perspectives to claims": 0.8571428571428571,
        "Ratio conflicts to claims": 0.0
    },
    {
        "turn": 11,
        "cardinality conflicts": 0,
        "negation conflicts": 0,
        "subject gaps": 2,
        "object gaps": 2,
        "statement novelty": 1,
        "subject novelty": 0,
        "object novelty": 0,
        "overlaps subject-predicate": 0,
        "overlaps predicate-object": 1,
        "trust": 0.5,
        "Average degree": 10.994594594594595,
        "Sparseness": 0.008025322619917214,
        "Shortest path": 2.543799395062933,
        "Total triples": 3051.0,
        "Total classes": 24,
        "Total predicates": 12,
        "Average population": 13.0,
        "Total claims": 7.0,
        "Total perspectives": 6.0,
        "Total conflicts": 0,
        "Total sources": 1.0,
        "Ratio claims to triples": 0.0022943297279580466,
        "Ratio perspectives to triples": 0.0019665683382497543,
        "Ratio conflicts to triples": 0.0,
        "Ratio perspectives to claims": 0.8571428571428571,
        "Ratio conflicts to claims": 0.0
    },
    {
        "turn": 13,
        "cardinality conflicts": 0,
        "negation conflicts": 0,
        "subject gaps": 2,
        "object gaps": 2,
        "statement novelty": 1,
        "subject novelty": 1,
        "object novelty": 0,
        "overlaps subject-predicate": 0,
        "overlaps predicate-object": 2,
        "trust": 0.5,
        "Average degree": 11.040998217468806,
        "Sparseness": 0.007972140403722662,
        "Shortest path": 2.5482429335370513,
        "Total triples": 3097.0,
        "Total classes": 24,
        "Total predicates": 12,
        "Average population": 13.254901960784315,
        "Total claims": 7.0,
        "Total perspectives": 6.0,
        "Total conflicts": 0,
        "Total sources": 1.0,
        "Ratio claims to triples": 0.0022602518566354536,
        "Ratio perspectives to triples": 0.0019373587342589602,
        "Ratio conflicts to triples": 0.0,
        "Ratio perspectives to claims": 0.8571428571428571,
        "Ratio conflicts to claims": 0.0
    },
    {
        "turn": 15,
        "cardinality conflicts": 0,
        "negation conflicts": 0,
        "subject gaps": 2,
        "object gaps": 2,
        "statement novelty": 1,
        "subject novelty": 0,
        "object novelty": 0,
        "overlaps subject-predicate": 0,
        "overlaps predicate-object": 2,
        "trust": 0.5,
        "Average degree": 11.081272084805654,
        "Sparseness": 0.007925557816928667,
        "Shortest path": 2.553588292316833,
        "Total triples": 3136.0,
        "Total classes": 24,
        "Total predicates": 12,
        "Average population": 13.431372549019608,
        "Total claims": 7.0,
        "Total perspectives": 6.0,
        "Total conflicts": 0,
        "Total sources": 1.0,
        "Ratio claims to triples": 0.002232142857142857,
        "Ratio perspectives to triples": 0.001913265306122449,
        "Ratio conflicts to triples": 0.0,
        "Ratio perspectives to claims": 0.8571428571428571,
        "Ratio conflicts to claims": 0.0
    },
    {
        "turn": 17,
        "cardinality conflicts": 0,
        "negation conflicts": 0,
        "subject gaps": 2,
        "object gaps": 2,
        "statement novelty": 1,
        "subject novelty": 0,
        "object novelty": 0,
        "overlaps subject-predicate": 0,
        "overlaps predicate-object": 2,
        "trust": 0.5,
        "Average degree": 11.120840630472854,
        "Sparseness": 0.007879377133550688,
        "Shortest path": 2.558847205579623,
        "Total triples": 3175.0,
        "Total classes": 24,
        "Total predicates": 12,
        "Average population": 13.607843137254902,
        "Total claims": 7.0,
        "Total perspectives": 6.0,
        "Total conflicts": 0,
        "Total sources": 1.0,
        "Ratio claims to triples": 0.002204724409448819,
        "Ratio perspectives to triples": 0.001889763779527559,
        "Ratio conflicts to triples": 0.0,
        "Ratio perspectives to claims": 0.8571428571428571,
        "Ratio conflicts to claims": 0.0
    },
    {
        "turn": 19,
        "cardinality conflicts": 0,
        "negation conflicts": 0,
        "subject gaps": 2,
        "object gaps": 2,
        "statement novelty": 0,
        "subject novelty": 0,
        "object novelty": 1,
        "overlaps subject-predicate": 0,
        "overlaps predicate-object": 0,
        "trust": 0.5,
        "Average degree": 11.111492281303603,
        "Sparseness": 0.007720167466437573,
        "Shortest path": 2.5708534479201663,
        "Total triples": 3239.0,
        "Total classes": 24,
        "Total predicates": 12,
        "Average population": 14.058823529411764,
        "Total claims": 8.0,
        "Total perspectives": 7.0,
        "Total conflicts": 0,
        "Total sources": 1.0,
        "Ratio claims to triples": 0.002469898116702686,
        "Ratio perspectives to triples": 0.00216116085211485,
        "Ratio conflicts to triples": 0.0,
        "Ratio perspectives to claims": 0.875,
        "Ratio conflicts to claims": 0.0
    }
]