[
    {
        "turn": 0,
        "cardinality conflicts": 0,
        "negation conflicts": 0,
        "subject gaps": 2,
        "object gaps": 2,
        "statement novelty": 0,
        "subject novelty": 0,
        "object novelty": 1,
        "overlaps subject-predicate": 0,
        "overlaps predicate-object": 0,
        "trust": 0.5,
        "Average degree": 10.904371584699453,
        "Sparseness": 0.006104616441219505,
        "Shortest path": 2.691529680877307,
        "Total triples": 3991.0,
        "Total classes": 24,
        "Total predicates": 12,
        "Average population": 19.352941176470587,
        "Total claims": 20.0,
        "Total perspectives": 19.0,
        "Total conflicts": 0,
        "Total sources": 1.0,
        "Ratio claims to triples": 0.005011275369581559,
        "Ratio perspectives to triples": 0.00476071160110248,
        "Ratio conflicts to triples": 0.0,
        "Ratio perspectives to claims": 0.95,
        "Ratio conflicts to claims": 0.0
    },
    {
        "turn": 3,
        "cardinality conflicts": 0,
        "negation conflicts": 0,
        "subject gaps": 2,
        "object gaps": 2,
        "statement novelty": 1,
        "subject novelty": 0,
        "object novelty": 0,
        "overlaps subject-predicate": 0,
        "overlaps predicate-object": 0,
        "trust": 0.5,
        "Average degree": 10.929539295392955,
        "Sparseness": 0.0060663479263518925,
        "Shortest path": 2.6938515111066987,
        "Total triples": 4033.0,
        "Total classes": 24,
        "Total predicates": 12,
        "Average population": 19.54901960784314,
        "Total claims": 20.0,
        "Total perspectives": 19.0,
        "Total conflicts": 0,
        "Total sources": 1.0,
        "Ratio claims to triples": 0.004959087527894868,
        "Ratio perspectives to triples": 0.004711133151500124,
        "Ratio conflicts to triples": 0.0,
        "Ratio perspectives to claims": 0.95,
        "Ratio conflicts to claims": 0.0
    },
    {
        "turn": 5,
        "cardinality conflicts": 0,
        "negation conflicts": 0,
        "subject gaps": 2,
        "object gaps": 2,
        "statement novelty": 1,
        "subject novelty": 0,
        "object novelty": 0,
        "overlaps subject-predicate": 0,
        "overlaps predicate-object": 0,
        "trust": 0.5,
        "Average degree": 10.960969044414536,
        "Sparseness": 0.006039318973496918,
        "Shortest path": 2.6970502769786653,
        "Total triples": 4072.0,
        "Total classes": 24,
        "Total predicates": 12,
        "Average population": 19.725490196078432,
        "Total claims": 20.0,
        "Total perspectives": 19.0,
        "Total conflicts": 0,
        "Total sources": 1.0,
        "Ratio claims to triples": 0.004911591355599214,
        "Ratio perspectives to triples": 0.004666011787819254,
        "Ratio conflicts to triples": 0.0,
        "Ratio perspectives to claims": 0.95,
        "Ratio conflicts to claims": 0.0
    },
    {
        "turn": 7,
        "cardinality conflicts": 0,
        "negation conflicts": 0,
        "subject gaps": 2,
        "object gaps": 2,
        "statement novelty": 1,
        "subject novelty": 0,
        "object novelty": 0,
        "overlaps subject-predicate": 0,
        "overlaps predicate-object": 0,
        "trust": 0.5,
        "Average degree": 10.991978609625669,
        "Sparseness": 0.006012468186107695,
        "Shortest path": 2.7002090357866404,
        "Total triples": 4111.0,
        "Total classes": 24,
        "Total predicates": 12,
        "Average population": 19.901960784313726,
        "Total claims": 20.0,
        "Total perspectives": 19.0,
        "Total conflicts": 0,
        "Total sources": 1.0,
        "Ratio claims to triples": 0.004864996351252737,
        "Ratio perspectives to triples": 0.004621746533690099,
        "Ratio conflicts to triples": 0.0,
        "Ratio perspectives to claims": 0.95,
        "Ratio conflicts to claims": 0.0
    },
    {
        "turn": 9,
        "cardinality conflicts": 0,
        "negation conflicts": 0,
        "subject gaps": 2,
        "object gaps": 2,
        "statement novelty": 1,
        "subject novelty": 0,
        "object novelty": 0,
        "overlaps subject-predicate": 0,
        "overlaps predicate-object": 0,
        "trust": 0.5,
        "Average degree": 11.02257636122178,
        "Sparseness": 0.005985795639928114,
        "Shortest path": 2.7033285298522225,
        "Total triples": 4150.0,
        "Total classes": 24,
        "Total predicates": 12,
        "Average population": 20.07843137254902,
        "Total claims": 20.0,
        "Total perspectives": 19.0,
        "Total conflicts": 0,
        "Total sources": 1.0,
        "Ratio claims to triples": 0.004819277108433735,
        "Ratio perspectives to triples": 0.0045783132530120485,
        "Ratio conflicts to triples": 0.0,
        "Ratio perspectives to claims": 0.95,
        "Ratio conflicts to claims": 0.0
    },
    {
        "turn": 11,
        "cardinality conflicts": 0,
        "negation conflicts": 0,
        "subject gaps": 2,
        "object gaps": 2,
        "statement novelty": 0,
        "subject novelty": 0,
        "object novelty": 1,
        "overlaps subject-predicate": 0,
        "overlaps predicate-object": 0,
        "trust": 0.5,
        "Average degree": 11.016993464052288,
        "Sparseness": 0.005893459780426331,
        "Shortest path": 2.710375389248195,
        "Total triples": 4214.0,
        "Total classes": 24,
        "Total predicates": 12,
        "Average population": 20.529411764705884,
        "Total claims": 21.0,
        "Total perspectives": 20.0,
        "Total conflicts": 0,
        "Total sources": 1.0,
        "Ratio claims to triples": 0.0049833887043189366,
        "Ratio perspectives to triples": 0.004746084480303749,
        "Ratio conflicts to triples": 0.0,
        "Ratio perspectives to claims": 0.9523809523809523,
        "Ratio conflicts to claims": 0.0
    },
    {
        "turn": 13,
        "cardinality conflicts": 0,
        "negation conflicts": 0,
        "subject gaps": 2,
        "object gaps": 2,
        "statement novelty": 1,
        "subject novelty": 0,
        "object novelty": 0,
        "overlaps subject-predicate": 0,
        "overlaps predicate-object": 0,
        "trust": 0.5,
        "Average degree": 11.046753246753246,
        "Sparseness": 0.005867768595041322,
        "Shortest path": 2.7133669971121206,
        "Total triples": 4253.0,
        "Total classes": 24,
        "Total predicates": 12,
        "Average population": 20.705882352941178,
        "Total claims": 21.0,
        "Total perspectives": 20.0,
        "Total conflicts": 0,
        "Total sources": 1.0,
        "Ratio claims to triples": 0.004937691041617682,
        "Ratio perspectives to triples": 0.0047025628967787446,
        "Ratio conflicts to triples": 0.0,
        "Ratio perspectives to claims": 0.9523809523809523,
        "Ratio conflicts to claims": 0.0
    },
    {
        "turn": 15,
        "cardinality conflicts": 0,
        "negation conflicts": 0,
        "subject gaps": 2,
        "object gaps": 2,
        "statement novelty": 0,
        "subject novelty": 0,
        "object novelty": 1,
        "overlaps subject-predicate": 0,
        "overlaps predicate-object": 0,
        "trust": 0.5,
        "Average degree": 11.040920716112533,
        "Sparseness": 0.005779004585265664,
        "Shortest path": 2.7201174964223847,
        "Total triples": 4317.0,
        "Total classes": 24,
        "Total predicates": 12,
        "Average population": 21.15686274509804,
        "Total claims": 22.0,
        "Total perspectives": 21.0,
        "Total conflicts": 0,
        "Total sources": 1.0,
        "Ratio claims to triples": 0.005096131572851517,
        "Ratio perspectives to triples": 0.004864489228630994,
        "Ratio conflicts to triples": 0.0,
        "Ratio perspectives to claims": 0.9545454545454546,
        "Ratio conflicts to claims": 0.0
    },
    {
        "turn": 17,
        "cardinality conflicts": 0,
        "negation conflicts": 0,
        "subject gaps": 2,
        "object gaps": 2,
        "statement novelty": 1,
        "subject novelty": 0,
        "object novelty": 0,
        "overlaps subject-predicate": 0,
        "overlaps predicate-object": 0,
        "trust": 0.5,
        "Average degree": 11.069885641677255,
        "Sparseness": 0.005754243431621537,
        "Shortest path": 2.722989029748683,
        "Total triples": 4356.0,
        "Total classes": 24,
        "Total predicates": 12,
        "Average population": 21.333333333333332,
        "Total claims": 22.0,
        "Total perspectives": 21.0,
        "Total conflicts": 0,
        "Total sources": 1.0,
        "Ratio claims to triples": 0.005050505050505051,
        "Ratio perspectives to triples": 0.0048209366391184574,
        "Ratio conflicts to triples": 0.0,
        "Ratio perspectives to claims": 0.9545454545454546,
        "Ratio conflicts to claims": 0.0
    },
    {
        "turn": 19,
        "cardinality conflicts": 0,
        "negation conflicts": 0,
        "subject gaps": 2,
        "object gaps": 2,
        "statement novelty": 1,
        "subject novelty": 0,
        "object novelty": 0,
        "overlaps subject-predicate": 0,
        "overlaps predicate-object": 0,
        "trust": 0.5,
        "Average degree": 11.098484848484848,
        "Sparseness": 0.005729644934190389,
        "Shortest path": 2.7258265333486573,
        "Total triples": 4395.0,
        "Total classes": 24,
        "Total predicates": 12,
        "Average population": 21.50980392156863,
        "Total claims": 22.0,
        "Total perspectives": 21.0,
        "Total conflicts": 0,
        "Total sources": 1.0,
        "Ratio claims to triples": 0.005005688282138794,
        "Ratio perspectives to triples": 0.00477815699658703,
        "Ratio conflicts to triples": 0.0,
        "Ratio perspectives to claims": 0.9545454545454546,
        "Ratio conflicts to claims": 0.0
    }
]