[
    {
        "turn": 0,
        "cardinality conflicts": 0,
        "negation conflicts": 0,
        "subject gaps": 2,
        "object gaps": 2,
        "statement novelty": 1,
        "subject novelty": 0,
        "object novelty": 0,
        "overlaps subject-predicate": 0,
        "overlaps predicate-object": 0,
        "trust": 0.5,
        "Average degree": 11.017031630170317,
        "Sparseness": 0.00549813226301052,
        "Shortest path": 2.7381094208890113,
        "Total triples": 4528.0,
        "Total classes": 24,
        "Total predicates": 12,
        "Average population": 22.647058823529413,
        "Total claims": 24.0,
        "Total perspectives": 23.0,
        "Total conflicts": 0,
        "Total sources": 1.0,
        "Ratio claims to triples": 0.00530035335689046,
        "Ratio perspectives to triples": 0.0050795053003533566,
        "Ratio conflicts to triples": 0.0,
        "Ratio perspectives to claims": 0.9583333333333334,
        "Ratio conflicts to claims": 0.0
    },
    {
        "turn": 3,
        "cardinality conflicts": 0,
        "negation conflicts": 0,
        "subject gaps": 2,
        "object gaps": 2,
        "statement novelty": 1,
        "subject novelty": 0,
        "object novelty": 0,
        "overlaps subject-predicate": 0,
        "overlaps predicate-object": 0,
        "trust": 0.5,
        "Average degree": 11.03864734299517,
        "Sparseness": 0.005466872039020747,
        "Shortest path": 2.7398781463762276,
        "Total triples": 4570.0,
        "Total classes": 24,
        "Total predicates": 12,
        "Average population": 22.84313725490196,
        "Total claims": 24.0,
        "Total perspectives": 23.0,
        "Total conflicts": 0,
        "Total sources": 1.0,
        "Ratio claims to triples": 0.00525164113785558,
        "Ratio perspectives to triples": 0.0050328227571115975,
        "Ratio conflicts to triples": 0.0,
        "Ratio perspectives to claims": 0.9583333333333334,
        "Ratio conflicts to claims": 0.0
    },
    {
        "turn": 5,
        "cardinality conflicts": 0,
        "negation conflicts": 0,
        "subject gaps": 2,
        "object gaps": 2,
        "statement novelty": 0,
        "subject novelty": 0,
        "object novelty": 1,
        "overlaps subject-predicate": 0,
        "overlaps predicate-object": 0,
        "trust": 0.5,
        "Average degree": 11.033333333333333,
        "Sparseness": 0.005389739229024943,
        "Shortest path": 2.7458226914126795,
        "Total triples": 4634.0,
        "Total classes": 24,
        "Total predicates": 12,
        "Average population": 23.294117647058822,
        "Total claims": 25.0,
        "Total perspectives": 24.0,
        "Total conflicts": 0,
        "Total sources": 1.0,
        "Ratio claims to triples": 0.00539490720759603,
        "Ratio perspectives to triples": 0.005179110919292188,
        "Ratio conflicts to triples": 0.0,
        "Ratio perspectives to claims": 0.96,
        "Ratio conflicts to claims": 0.0
    },
    {
        "turn": 7,
        "cardinality conflicts": 0,
        "negation conflicts": 0,
        "subject gaps": 2,
        "object gaps": 2,
        "statement novelty": 1,
        "subject novelty": 0,
        "object novelty": 0,
        "overlaps subject-predicate": 0,
        "overlaps predicate-object": 0,
        "trust": 0.5,
        "Average degree": 11.060355029585798,
        "Sparseness": 0.005368159378173033,
        "Shortest path": 2.7483608626153284,
        "Total triples": 4673.0,
        "Total classes": 24,
        "Total predicates": 12,
        "Average population": 23.470588235294116,
        "Total claims": 25.0,
        "Total perspectives": 24.0,
        "Total conflicts": 0,
        "Total sources": 1.0,
        "Ratio claims to triples": 0.005349882302589343,
        "Ratio perspectives to triples": 0.005135887010485769,
        "Ratio conflicts to triples": 0.0,
        "Ratio perspectives to claims": 0.96,
        "Ratio conflicts to claims": 0.0
    },
    {
        "turn": 9,
        "cardinality conflicts": 0,
        "negation conflicts": 0,
        "subject gaps": 2,
        "object gaps": 2,
        "statement novelty": 1,
        "subject novelty": 0,
        "object novelty": 0,
        "overlaps subject-predicate": 0,
        "overlaps predicate-object": 0,
        "trust": 0.5,
        "Average degree": 11.087058823529413,
        "Sparseness": 0.005346712802768166,
        "Shortest path": 2.750870920806485,
        "Total triples": 4712.0,
        "Total classes": 24,
        "Total predicates": 12,
        "Average population": 23.647058823529413,
        "Total claims": 25.0,
        "Total perspectives": 24.0,
        "Total conflicts": 0,
        "Total sources": 1.0,
        "Ratio claims to triples": 0.005305602716468591,
        "Ratio perspectives to triples": 0.0050933786078098476,
        "Ratio conflicts to triples": 0.0,
        "Ratio perspectives to claims": 0.96,
        "Ratio conflicts to claims": 0.0
    },
    {
        "turn": 11,
        "cardinality conflicts": 0,
        "negation conflicts": 0,
        "subject gaps": 2,
        "object gaps": 2,
        "statement novelty": 1,
        "subject novelty": 0,
        "object novelty": 0,
        "overlaps subject-predicate": 0,
        "overlaps predicate-object": 0,
        "trust": 0.5,
        "Average degree": 11.11345029239766,
        "Sparseness": 0.005325399268150884,
        "Shortest path": 2.7533533286768836,
        "Total triples": 4751.0,
        "Total classes": 24,
        "Total predicates": 12,
        "Average population": 23.823529411764707,
        "Total claims": 25.0,
        "Total perspectives": 24.0,
        "Total conflicts": 0,
        "Total sources": 1.0,
        "Ratio claims to triples": 0.005262050094716902,
        "Ratio perspectives to triples": 0.005051568090928225,
        "Ratio conflicts to triples": 0.0,
        "Ratio perspectives to claims": 0.96,
        "Ratio conflicts to claims": 0.0
    },
    {
        "turn": 13,
        "cardinality conflicts": 0,
        "negation conflicts": 0,
        "subject gaps": 2,
        "object gaps": 2,
        "statement novelty": 1,
        "subject novelty": 0,
        "object novelty": 0,
        "overlaps subject-predicate": 0,
        "overlaps predicate-object": 0,
        "trust": 0.5,
        "Average degree": 11.13953488372093,
        "Sparseness": 0.005304218496484586,
        "Shortest path": 2.7558085388634703,
        "Total triples": 4790.0,
        "Total classes": 24,
        "Total predicates": 12,
        "Average population": 24.0,
        "Total claims": 25.0,
        "Total perspectives": 24.0,
        "Total conflicts": 0,
        "Total sources": 1.0,
        "Ratio claims to triples": 0.005219206680584551,
        "Ratio perspectives to triples": 0.005010438413361169,
        "Ratio conflicts to triples": 0.0,
        "Ratio perspectives to claims": 0.96,
        "Ratio conflicts to claims": 0.0
    },
    {
        "turn": 15,
        "cardinality conflicts": 0,
        "negation conflicts": 0,
        "subject gaps": 2,
        "object gaps": 2,
        "statement novelty": 1,
        "subject novelty": 0,
        "object novelty": 0,
        "overlaps subject-predicate": 0,
        "overlaps predicate-object": 0,
        "trust": 0.5,
        "Average degree": 11.165317919075145,
        "Sparseness": 0.005283170169400915,
        "Shortest path": 2.758236994219653,
        "Total triples": 4829.0,
        "Total classes": 24,
        "Total predicates": 12,
        "Average population": 24.176470588235293,
        "Total claims": 25.0,
        "Total perspectives": 24.0,
        "Total conflicts": 0,
        "Total sources": 1.0,
        "Ratio claims to triples": 0.0051770552909505075,
        "Ratio perspectives to triples": 0.004969973079312487,
        "Ratio conflicts to triples": 0.0,
        "Ratio perspectives to claims": 0.96,
        "Ratio conflicts to claims": 0.0
    },
    {
        "turn": 17,
        "cardinality conflicts": 0,
        "negation conflicts": 0,
        "subject gaps": 2,
        "object gaps": 2,
        "statement novelty": 0,
        "subject novelty": 0,
        "object novelty": 1,
        "overlaps subject-predicate": 1,
        "overlaps predicate-object": 0,
        "trust": 0.5,
        "Average degree": 11.158494868871152,
        "Sparseness": 0.005211089427131209,
        "Shortest path": 2.7636843119184853,
        "Total triples": 4893.0,
        "Total classes": 24,
        "Total predicates": 12,
        "Average population": 24.627450980392158,
        "Total claims": 26.0,
        "Total perspectives": 25.0,
        "Total conflicts": 0,
        "Total sources": 1.0,
        "Ratio claims to triples": 0.005313713468219906,
        "Ratio perspectives to triples": 0.005109339873288371,
        "Ratio conflicts to triples": 0.0,
        "Ratio perspectives to claims": 0.9615384615384616,
        "Ratio conflicts to claims": 0.0
    },
    {
        "turn": 19,
        "cardinality conflicts": 0,
        "negation conflicts": 0,
        "subject gaps": 2,
        "object gaps": 2,
        "statement novelty": 1,
        "subject novelty": 0,
        "object novelty": 0,
        "overlaps subject-predicate": 1,
        "overlaps predicate-object": 0,
        "trust": 0.5,
        "Average degree": 11.183673469387756,
        "Sparseness": 0.0051907384268900306,
        "Shortest path": 2.766025517282206,
        "Total triples": 4932.0,
        "Total classes": 24,
        "Total predicates": 12,
        "Average population": 24.80392156862745,
        "Total claims": 26.0,
        "Total perspectives": 25.0,
        "Total conflicts": 0,
        "Total sources": 1.0,
        "Ratio claims to triples": 0.0052716950527169504,
        "Ratio perspectives to triples": 0.005068937550689375,
        "Ratio conflicts to triples": 0.0,
        "Ratio perspectives to claims": 0.9615384615384616,
        "Ratio conflicts to claims": 0.0
    }
]