[
    {
        "turn": 0,
        "cardinality conflicts": 0,
        "negation conflicts": 0,
        "subject gaps": 2,
        "object gaps": 2,
        "statement novelty": 0,
        "subject novelty": 0,
        "object novelty": 1,
        "overlaps subject-predicate": 1,
        "overlaps predicate-object": 0,
        "trust": 0.5,
        "Average degree": 10.76578947368421,
        "Sparseness": 0.005836218836565097,
        "Shortest path": 2.7054954580126207,
        "Total triples": 4091.0,
        "Total classes": 24,
        "Total predicates": 12,
        "Average population": 20.49019607843137,
        "Total claims": 23.0,
        "Total perspectives": 22.0,
        "Total conflicts": 0,
        "Total sources": 1.0,
        "Ratio claims to triples": 0.005622097286726962,
        "Ratio perspectives to triples": 0.005377658274260572,
        "Ratio conflicts to triples": 0.0,
        "Ratio perspectives to claims": 0.9565217391304348,
        "Ratio conflicts to claims": 0.0
    },
    {
        "turn": 3,
        "cardinality conflicts": 0,
        "negation conflicts": 0,
        "subject gaps": 2,
        "object gaps": 2,
        "statement novelty": 1,
        "subject novelty": 0,
        "object novelty": 1,
        "overlaps subject-predicate": 2,
        "overlaps predicate-object": 0,
        "trust": 0.5,
        "Average degree": 10.795306388526727,
        "Sparseness": 0.005798170627021753,
        "Shortest path": 2.706707153093842,
        "Total triples": 4140.0,
        "Total classes": 24,
        "Total predicates": 12,
        "Average population": 20.764705882352942,
        "Total claims": 23.0,
        "Total perspectives": 22.0,
        "Total conflicts": 0,
        "Total sources": 1.0,
        "Ratio claims to triples": 0.005555555555555556,
        "Ratio perspectives to triples": 0.005314009661835749,
        "Ratio conflicts to triples": 0.0,
        "Ratio perspectives to claims": 0.9565217391304348,
        "Ratio conflicts to claims": 0.0
    },
    {
        "turn": 5,
        "cardinality conflicts": 0,
        "negation conflicts": 0,
        "subject gaps": 2,
        "object gaps": 2,
        "statement novelty": 0,
        "subject novelty": 1,
        "object novelty": 1,
        "overlaps subject-predicate": 0,
        "overlaps predicate-object": 0,
        "trust": 0.5,
        "Average degree": 10.781049935979514,
        "Sparseness": 0.0056921672041327235,
        "Shortest path": 2.714330739682852,
        "Total triples": 4210.0,
        "Total classes": 24,
        "Total predicates": 12,
        "Average population": 21.294117647058822,
        "Total claims": 24.0,
        "Total perspectives": 23.0,
        "Total conflicts": 0,
        "Total sources": 1.0,
        "Ratio claims to triples": 0.005700712589073635,
        "Ratio perspectives to triples": 0.005463182897862233,
        "Ratio conflicts to triples": 0.0,
        "Ratio perspectives to claims": 0.9583333333333334,
        "Ratio conflicts to claims": 0.0
    },
    {
        "turn": 7,
        "cardinality conflicts": 0,
        "negation conflicts": 0,
        "subject gaps": 2,
        "object gaps": 2,
        "statement novelty": 0,
        "subject novelty": 0,
        "object novelty": 1,
        "overlaps subject-predicate": 1,
        "overlaps predicate-object": 0,
        "trust": 0.5,
        "Average degree": 10.779319041614123,
        "Sparseness": 0.005608659630531336,
        "Shortest path": 2.7209643726037167,
        "Total triples": 4274.0,
        "Total classes": 24,
        "Total predicates": 12,
        "Average population": 21.745098039215687,
        "Total claims": 25.0,
        "Total perspectives": 24.0,
        "Total conflicts": 0,
        "Total sources": 1.0,
        "Ratio claims to triples": 0.00584932147870847,
        "Ratio perspectives to triples": 0.005615348619560131,
        "Ratio conflicts to triples": 0.0,
        "Ratio perspectives to claims": 0.96,
        "Ratio conflicts to claims": 0.0
    },
    {
        "turn": 9,
        "cardinality conflicts": 0,
        "negation conflicts": 0,
        "subject gaps": 2,
        "object gaps": 2,
        "statement novelty": 1,
        "subject novelty": 0,
        "object novelty": 0,
        "overlaps subject-predicate": 1,
        "overlaps predicate-object": 0,
        "trust": 0.5,
        "Average degree": 10.80952380952381,
        "Sparseness": 0.0055857061199364325,
        "Shortest path": 2.72378876928834,
        "Total triples": 4313.0,
        "Total classes": 24,
        "Total predicates": 12,
        "Average population": 21.92156862745098,
        "Total claims": 25.0,
        "Total perspectives": 24.0,
        "Total conflicts": 0,
        "Total sources": 1.0,
        "Ratio claims to triples": 0.005796429399489914,
        "Ratio perspectives to triples": 0.005564572223510317,
        "Ratio conflicts to triples": 0.0,
        "Ratio perspectives to claims": 0.96,
        "Ratio conflicts to claims": 0.0
    },
    {
        "turn": 11,
        "cardinality conflicts": 0,
        "negation conflicts": 0,
        "subject gaps": 2,
        "object gaps": 2,
        "statement novelty": 0,
        "subject novelty": 0,
        "object novelty": 1,
        "overlaps subject-predicate": 0,
        "overlaps predicate-object": 0,
        "trust": 0.5,
        "Average degree": 10.807407407407407,
        "Sparseness": 0.005505258344764518,
        "Shortest path": 2.7301530620030827,
        "Total triples": 4377.0,
        "Total classes": 24,
        "Total predicates": 12,
        "Average population": 22.372549019607842,
        "Total claims": 26.0,
        "Total perspectives": 25.0,
        "Total conflicts": 0,
        "Total sources": 1.0,
        "Ratio claims to triples": 0.005940141649531642,
        "Ratio perspectives to triples": 0.0057116746630111945,
        "Ratio conflicts to triples": 0.0,
        "Ratio perspectives to claims": 0.9615384615384616,
        "Ratio conflicts to claims": 0.0
    },
    {
        "turn": 13,
        "cardinality conflicts": 0,
        "negation conflicts": 0,
        "subject gaps": 2,
        "object gaps": 2,
        "statement novelty": 1,
        "subject novelty": 0,
        "object novelty": 0,
        "overlaps subject-predicate": 0,
        "overlaps predicate-object": 0,
        "trust": 0.5,
        "Average degree": 10.83680981595092,
        "Sparseness": 0.005483081787045052,
        "Shortest path": 2.7328680604754223,
        "Total triples": 4416.0,
        "Total classes": 24,
        "Total predicates": 12,
        "Average population": 22.54901960784314,
        "Total claims": 26.0,
        "Total perspectives": 25.0,
        "Total conflicts": 0,
        "Total sources": 1.0,
        "Ratio claims to triples": 0.00588768115942029,
        "Ratio perspectives to triples": 0.005661231884057971,
        "Ratio conflicts to triples": 0.0,
        "Ratio perspectives to claims": 0.9615384615384616,
        "Ratio conflicts to claims": 0.0
    },
    {
        "turn": 15,
        "cardinality conflicts": 0,
        "negation conflicts": 0,
        "subject gaps": 2,
        "object gaps": 2,
        "statement novelty": 0,
        "subject novelty": 1,
        "object novelty": 1,
        "overlaps subject-predicate": 0,
        "overlaps predicate-object": 0,
        "trust": 0.5,
        "Average degree": 10.822677925211098,
        "Sparseness": 0.005388211704482125,
        "Shortest path": 2.7396345052242674,
        "Total triples": 4486.0,
        "Total classes": 24,
        "Total predicates": 12,
        "Average population": 23.07843137254902,
        "Total claims": 27.0,
        "Total perspectives": 26.0,
        "Total conflicts": 0,
        "Total sources": 1.0,
        "Ratio claims to triples": 0.0060187249219794915,
        "Ratio perspectives to triples": 0.0057958091841284,
        "Ratio conflicts to triples": 0.0,
        "Ratio perspectives to claims": 0.9629629629629629,
        "Ratio conflicts to claims": 0.0
    },
    {
        "turn": 17,
        "cardinality conflicts": 0,
        "negation conflicts": 0,
        "subject gaps": 2,
        "object gaps": 2,
        "statement novelty": 0,
        "subject novelty": 0,
        "object novelty": 1,
        "overlaps subject-predicate": 0,
        "overlaps predicate-object": 0,
        "trust": 0.5,
        "Average degree": 10.820451843043996,
        "Sparseness": 0.005313305461337149,
        "Shortest path": 2.7455523469792196,
        "Total triples": 4550.0,
        "Total classes": 24,
        "Total predicates": 12,
        "Average population": 23.529411764705884,
        "Total claims": 28.0,
        "Total perspectives": 27.0,
        "Total conflicts": 0,
        "Total sources": 1.0,
        "Ratio claims to triples": 0.006153846153846154,
        "Ratio perspectives to triples": 0.0059340659340659345,
        "Ratio conflicts to triples": 0.0,
        "Ratio perspectives to claims": 0.9642857142857143,
        "Ratio conflicts to claims": 0.0
    },
    {
        "turn": 19,
        "cardinality conflicts": 0,
        "negation conflicts": 0,
        "subject gaps": 2,
        "object gaps": 2,
        "statement novelty": 0,
        "subject novelty": 1,
        "object novelty": 1,
        "overlaps subject-predicate": 0,
        "overlaps predicate-object": 0,
        "trust": 0.5,
        "Average degree": 10.807017543859649,
        "Sparseness": 0.005224171539961014,
        "Shortest path": 2.7519153073941687,
        "Total triples": 4620.0,
        "Total classes": 24,
        "Total predicates": 12,
        "Average population": 24.058823529411764,
        "Total claims": 29.0,
        "Total perspectives": 28.0,
        "Total conflicts": 0,
        "Total sources": 1.0,
        "Ratio claims to triples": 0.006277056277056277,
        "Ratio perspectives to triples": 0.006060606060606061,
        "Ratio conflicts to triples": 0.0,
        "Ratio perspectives to claims": 0.9655172413793104,
        "Ratio conflicts to claims": 0.0
    }
]