[
    {
        "turn": 0,
        "cardinality conflicts": 0,
        "negation conflicts": 0,
        "subject gaps": 2,
        "object gaps": 2,
        "statement novelty": 0,
        "subject novelty": 1,
        "object novelty": 0,
        "overlaps subject-predicate": 0,
        "overlaps predicate-object": 0,
        "trust": 0.5,
        "Average degree": 10.926517571884984,
        "Sparseness": 0.007127254539701334,
        "Shortest path": 2.6074632587859425,
        "Total triples": 3420.0,
        "Total classes": 24,
        "Total predicates": 12,
        "Average population": 15.72549019607843,
        "Total claims": 12.0,
        "Total perspectives": 11.0,
        "Total conflicts": 0,
        "Total sources": 1.0,
        "Ratio claims to triples": 0.0035087719298245615,
        "Ratio perspectives to triples": 0.003216374269005848,
        "Ratio conflicts to triples": 0.0,
        "Ratio perspectives to claims": 0.9166666666666666,
        "Ratio conflicts to claims": 0.0
    },
    {
        "turn": 3,
        "cardinality conflicts": 0,
        "negation conflicts": 0,
        "subject gaps": 2,
        "object gaps": 2,
        "statement novelty": 0,
        "subject novelty": 0,
        "object novelty": 1,
        "overlaps subject-predicate": 0,
        "overlaps predicate-object": 0,
        "trust": 0.5,
        "Average degree": 10.913928012519563,
        "Sparseness": 0.006982251708827124,
        "Shortest path": 2.6166718177402974,
        "Total triples": 3487.0,
        "Total classes": 24,
        "Total predicates": 12,
        "Average population": 16.19607843137255,
        "Total claims": 13.0,
        "Total perspectives": 12.0,
        "Total conflicts": 0,
        "Total sources": 1.0,
        "Ratio claims to triples": 0.003728133065672498,
        "Ratio perspectives to triples": 0.0034413535990823058,
        "Ratio conflicts to triples": 0.0,
        "Ratio perspectives to claims": 0.9230769230769231,
        "Ratio conflicts to claims": 0.0
    },
    {
        "turn": 5,
        "cardinality conflicts": 0,
        "negation conflicts": 0,
        "subject gaps": 2,
        "object gaps": 2,
        "statement novelty": 0,
        "subject novelty": 0,
        "object novelty": 1,
        "overlaps subject-predicate": 0,
        "overlaps predicate-object": 0,
        "trust": 0.5,
        "Average degree": 10.90937019969278,
        "Sparseness": 0.006856991842869649,
        "Shortest path": 2.626435070306038,
        "Total triples": 3551.0,
        "Total classes": 24,
        "Total predicates": 12,
        "Average population": 16.647058823529413,
        "Total claims": 14.0,
        "Total perspectives": 13.0,
        "Total conflicts": 0,
        "Total sources": 1.0,
        "Ratio claims to triples": 0.003942551393973529,
        "Ratio perspectives to triples": 0.0036609405801182764,
        "Ratio conflicts to triples": 0.0,
        "Ratio perspectives to claims": 0.9285714285714286,
        "Ratio conflicts to claims": 0.0
    },
    {
        "turn": 7,
        "cardinality conflicts": 0,
        "negation conflicts": 0,
        "subject gaps": 2,
        "object gaps": 2,
        "statement novelty": 1,
        "subject novelty": 0,
        "object novelty": 0,
        "overlaps subject-predicate": 0,
        "overlaps predicate-object": 0,
        "trust": 0.5,
        "Average degree": 10.945121951219512,
        "Sparseness": 0.006822575847709697,
        "Shortest path": 2.630520387264941,
        "Total triples": 3590.0,
        "Total classes": 24,
        "Total predicates": 12,
        "Average population": 16.823529411764707,
        "Total claims": 14.0,
        "Total perspectives": 13.0,
        "Total conflicts": 0,
        "Total sources": 1.0,
        "Ratio claims to triples": 0.0038997214484679664,
        "Ratio perspectives to triples": 0.0036211699164345403,
        "Ratio conflicts to triples": 0.0,
        "Ratio perspectives to claims": 0.9285714285714286,
        "Ratio conflicts to claims": 0.0
    },
    {
        "turn": 9,
        "cardinality conflicts": 1,
        "negation conflicts": 0,
        "subject gaps": 2,
        "object gaps": 2,
        "statement novelty": 0,
        "subject novelty": 0,
        "object novelty": 1,
        "overlaps subject-predicate": 1,
        "overlaps predicate-object": 0,
        "trust": 0.5,
        "Average degree": 10.940119760479043,
        "Sparseness": 0.006702911542185091,
        "Shortest path": 2.639807341838063,
        "Total triples": 3654.0,
        "Total classes": 24,
        "Total predicates": 12,
        "Average population": 17.274509803921568,
        "Total claims": 15.0,
        "Total perspectives": 14.0,
        "Total conflicts": 0,
        "Total sources": 1.0,
        "Ratio claims to triples": 0.004105090311986864,
        "Ratio perspectives to triples": 0.0038314176245210726,
        "Ratio conflicts to triples": 0.0,
        "Ratio perspectives to claims": 0.9333333333333333,
        "Ratio conflicts to claims": 0.0
    },
    {
        "turn": 11,
        "cardinality conflicts": 2,
        "negation conflicts": 0,
        "subject gaps": 2,
        "object gaps": 2,
        "statement novelty": 1,
        "subject novelty": 0,
        "object novelty": 1,
        "overlaps subject-predicate": 2,
        "overlaps predicate-object": 0,
        "trust": 0.5,
        "Average degree": 10.979228486646884,
        "Sparseness": 0.00666555133883366,
        "Shortest path": 2.6427440796116417,
        "Total triples": 3700.0,
        "Total classes": 24,
        "Total predicates": 12,
        "Average population": 17.529411764705884,
        "Total claims": 15.0,
        "Total perspectives": 14.0,
        "Total conflicts": 0,
        "Total sources": 1.0,
        "Ratio claims to triples": 0.004054054054054054,
        "Ratio perspectives to triples": 0.0037837837837837837,
        "Ratio conflicts to triples": 0.0,
        "Ratio perspectives to claims": 0.9333333333333333,
        "Ratio conflicts to claims": 0.0
    },
    {
        "turn": 13,
        "cardinality conflicts": 2,
        "negation conflicts": 0,
        "subject gaps": 2,
        "object gaps": 2,
        "statement novelty": 1,
        "subject novelty": 0,
        "object novelty": 0,
        "overlaps subject-predicate": 2,
        "overlaps predicate-object": 0,
        "trust": 0.5,
        "Average degree": 11.005882352941176,
        "Sparseness": 0.006619809688581315,
        "Shortest path": 2.64566837044096,
        "Total triples": 3742.0,
        "Total classes": 24,
        "Total predicates": 12,
        "Average population": 17.725490196078432,
        "Total claims": 15.0,
        "Total perspectives": 14.0,
        "Total conflicts": 0,
        "Total sources": 1.0,
        "Ratio claims to triples": 0.004008551576696953,
        "Ratio perspectives to triples": 0.0037413148049171567,
        "Ratio conflicts to triples": 0.0,
        "Ratio perspectives to claims": 0.9333333333333333,
        "Ratio conflicts to claims": 0.0
    },
    {
        "turn": 15,
        "cardinality conflicts": 3,
        "negation conflicts": 0,
        "subject gaps": 2,
        "object gaps": 2,
        "statement novelty": 1,
        "subject novelty": 0,
        "object novelty": 1,
        "overlaps subject-predicate": 2,
        "overlaps predicate-object": 0,
        "trust": 0.5,
        "Average degree": 11.043731778425656,
        "Sparseness": 0.00658314137816726,
        "Shortest path": 2.6485114170798663,
        "Total triples": 3788.0,
        "Total classes": 24,
        "Total predicates": 12,
        "Average population": 17.980392156862745,
        "Total claims": 15.0,
        "Total perspectives": 14.0,
        "Total conflicts": 0,
        "Total sources": 1.0,
        "Ratio claims to triples": 0.00395987328405491,
        "Ratio perspectives to triples": 0.003695881731784583,
        "Ratio conflicts to triples": 0.0,
        "Ratio perspectives to claims": 0.9333333333333333,
        "Ratio conflicts to claims": 0.0
    },
    {
        "turn": 17,
        "cardinality conflicts": 3,
        "negation conflicts": 0,
        "subject gaps": 2,
        "object gaps": 2,
        "statement novelty": 1,
        "subject novelty": 0,
        "object novelty": 0,
        "overlaps subject-predicate": 2,
        "overlaps predicate-object": 0,
        "trust": 0.5,
        "Average degree": 11.0767004341534,
        "Sparseness": 0.006551046010207736,
        "Shortest path": 2.6522536127016085,
        "Total triples": 3827.0,
        "Total classes": 24,
        "Total predicates": 12,
        "Average population": 18.15686274509804,
        "Total claims": 15.0,
        "Total perspectives": 14.0,
        "Total conflicts": 0,
        "Total sources": 1.0,
        "Ratio claims to triples": 0.003919519205644107,
        "Ratio perspectives to triples": 0.0036582179252678338,
        "Ratio conflicts to triples": 0.0,
        "Ratio perspectives to claims": 0.9333333333333333,
        "Ratio conflicts to claims": 0.0
    },
    {
        "turn": 19,
        "cardinality conflicts": 3,
        "negation conflicts": 0,
        "subject gaps": 2,
        "object gaps": 2,
        "statement novelty": 1,
        "subject novelty": 0,
        "object novelty": 0,
        "overlaps subject-predicate": 2,
        "overlaps predicate-object": 0,
        "trust": 0.5,
        "Average degree": 11.10919540229885,
        "Sparseness": 0.006519190117584886,
        "Shortest path": 2.6559455883569005,
        "Total triples": 3866.0,
        "Total classes": 24,
        "Total predicates": 12,
        "Average population": 18.333333333333332,
        "Total claims": 15.0,
        "Total perspectives": 14.0,
        "Total conflicts": 0,
        "Total sources": 1.0,
        "Ratio claims to triples": 0.0038799793067770304,
        "Ratio perspectives to triples": 0.0036213140196585617,
        "Ratio conflicts to triples": 0.0,
        "Ratio perspectives to claims": 0.9333333333333333,
        "Ratio conflicts to claims": 0.0
    }
]