[
    {
        "turn": 0,
        "cardinality conflicts": 0,
        "negation conflicts": 0,
        "subject gaps": 2,
        "object gaps": 2,
        "statement novelty": 0,
        "subject novelty": 0,
        "object novelty": 1,
        "overlaps subject-predicate": 0,
        "overlaps predicate-object": 0,
        "trust": 0.5,
        "Average degree": 10.687975646879757,
        "Sparseness": 0.00668135452647869,
        "Shortest path": 2.636480491517244,
        "Total triples": 3511.0,
        "Total classes": 24,
        "Total predicates": 12,
        "Average population": 16.764705882352942,
        "Total claims": 16.0,
        "Total perspectives": 15.0,
        "Total conflicts": 0,
        "Total sources": 1.0,
        "Ratio claims to triples": 0.004557106237539163,
        "Ratio perspectives to triples": 0.004272287097692965,
        "Ratio conflicts to triples": 0.0,
        "Ratio perspectives to claims": 0.9375,
        "Ratio conflicts to claims": 0.0
    },
    {
        "turn": 3,
        "cardinality conflicts": 0,
        "negation conflicts": 0,
        "subject gaps": 2,
        "object gaps": 2,
        "statement novelty": 1,
        "subject novelty": 0,
        "object novelty": 0,
        "overlaps subject-predicate": 0,
        "overlaps predicate-object": 0,
        "trust": 0.5,
        "Average degree": 10.717948717948717,
        "Sparseness": 0.006636045763008766,
        "Shortest path": 2.639535572537172,
        "Total triples": 3553.0,
        "Total classes": 24,
        "Total predicates": 12,
        "Average population": 16.96078431372549,
        "Total claims": 16.0,
        "Total perspectives": 15.0,
        "Total conflicts": 0,
        "Total sources": 1.0,
        "Ratio claims to triples": 0.004503236701379116,
        "Ratio perspectives to triples": 0.004221784407542921,
        "Ratio conflicts to triples": 0.0,
        "Ratio perspectives to claims": 0.9375,
        "Ratio conflicts to claims": 0.0
    },
    {
        "turn": 5,
        "cardinality conflicts": 0,
        "negation conflicts": 0,
        "subject gaps": 2,
        "object gaps": 2,
        "statement novelty": 1,
        "subject novelty": 0,
        "object novelty": 0,
        "overlaps subject-predicate": 0,
        "overlaps predicate-object": 0,
        "trust": 0.5,
        "Average degree": 10.754491017964073,
        "Sparseness": 0.00660430635734519,
        "Shortest path": 2.643452225982817,
        "Total triples": 3592.0,
        "Total classes": 24,
        "Total predicates": 12,
        "Average population": 17.137254901960784,
        "Total claims": 16.0,
        "Total perspectives": 15.0,
        "Total conflicts": 0,
        "Total sources": 1.0,
        "Ratio claims to triples": 0.004454342984409799,
        "Ratio perspectives to triples": 0.0041759465478841875,
        "Ratio conflicts to triples": 0.0,
        "Ratio perspectives to claims": 0.9375,
        "Ratio conflicts to claims": 0.0
    },
    {
        "turn": 7,
        "cardinality conflicts": 0,
        "negation conflicts": 0,
        "subject gaps": 2,
        "object gaps": 2,
        "statement novelty": 0,
        "subject novelty": 0,
        "object novelty": 1,
        "overlaps subject-predicate": 0,
        "overlaps predicate-object": 0,
        "trust": 0.5,
        "Average degree": 10.75294117647059,
        "Sparseness": 0.006492214532871973,
        "Shortest path": 2.6523477432209996,
        "Total triples": 3656.0,
        "Total classes": 24,
        "Total predicates": 12,
        "Average population": 17.58823529411765,
        "Total claims": 17.0,
        "Total perspectives": 16.0,
        "Total conflicts": 0,
        "Total sources": 1.0,
        "Ratio claims to triples": 0.004649890590809628,
        "Ratio perspectives to triples": 0.00437636761487965,
        "Ratio conflicts to triples": 0.0,
        "Ratio perspectives to claims": 0.9411764705882353,
        "Ratio conflicts to claims": 0.0
    },
    {
        "turn": 9,
        "cardinality conflicts": 0,
        "negation conflicts": 0,
        "subject gaps": 2,
        "object gaps": 2,
        "statement novelty": 1,
        "subject novelty": 0,
        "object novelty": 0,
        "overlaps subject-predicate": 0,
        "overlaps predicate-object": 0,
        "trust": 0.5,
        "Average degree": 10.788321167883211,
        "Sparseness": 0.006461718791624487,
        "Shortest path": 2.6560848593503223,
        "Total triples": 3695.0,
        "Total classes": 24,
        "Total predicates": 12,
        "Average population": 17.764705882352942,
        "Total claims": 17.0,
        "Total perspectives": 16.0,
        "Total conflicts": 0,
        "Total sources": 1.0,
        "Ratio claims to triples": 0.004600811907983762,
        "Ratio perspectives to triples": 0.004330175913396482,
        "Ratio conflicts to triples": 0.0,
        "Ratio perspectives to claims": 0.9411764705882353,
        "Ratio conflicts to claims": 0.0
    },
    {
        "turn": 11,
        "cardinality conflicts": 0,
        "negation conflicts": 0,
        "subject gaps": 2,
        "object gaps": 2,
        "statement novelty": 1,
        "subject novelty": 0,
        "object novelty": 0,
        "overlaps subject-predicate": 0,
        "overlaps predicate-object": 0,
        "trust": 0.5,
        "Average degree": 10.8231884057971,
        "Sparseness": 0.006431421970174333,
        "Shortest path": 2.659771565596012,
        "Total triples": 3734.0,
        "Total classes": 24,
        "Total predicates": 12,
        "Average population": 17.941176470588236,
        "Total claims": 17.0,
        "Total perspectives": 16.0,
        "Total conflicts": 0,
        "Total sources": 1.0,
        "Ratio claims to triples": 0.0045527584359935725,
        "Ratio perspectives to triples": 0.004284949116229245,
        "Ratio conflicts to triples": 0.0,
        "Ratio perspectives to claims": 0.9411764705882353,
        "Ratio conflicts to claims": 0.0
    },
    {
        "turn": 13,
        "cardinality conflicts": 0,
        "negation conflicts": 0,
        "subject gaps": 2,
        "object gaps": 2,
        "statement novelty": 1,
        "subject novelty": 0,
        "object novelty": 0,
        "overlaps subject-predicate": 0,
        "overlaps predicate-object": 0,
        "trust": 0.5,
        "Average degree": 10.857553956834533,
        "Sparseness": 0.0064013249831789245,
        "Shortest path": 2.6634088694462297,
        "Total triples": 3773.0,
        "Total classes": 24,
        "Total predicates": 12,
        "Average population": 18.11764705882353,
        "Total claims": 17.0,
        "Total perspectives": 16.0,
        "Total conflicts": 0,
        "Total sources": 1.0,
        "Ratio claims to triples": 0.004505698383249403,
        "Ratio perspectives to triples": 0.004240657301881791,
        "Ratio conflicts to triples": 0.0,
        "Ratio perspectives to claims": 0.9411764705882353,
        "Ratio conflicts to claims": 0.0
    },
    {
        "turn": 15,
        "cardinality conflicts": 0,
        "negation conflicts": 0,
        "subject gaps": 2,
        "object gaps": 2,
        "statement novelty": 1,
        "subject novelty": 0,
        "object novelty": 0,
        "overlaps subject-predicate": 0,
        "overlaps predicate-object": 0,
        "trust": 0.5,
        "Average degree": 10.891428571428571,
        "Sparseness": 0.006371428571428571,
        "Shortest path": 2.6670018393623542,
        "Total triples": 3812.0,
        "Total classes": 24,
        "Total predicates": 12,
        "Average population": 18.294117647058822,
        "Total claims": 17.0,
        "Total perspectives": 16.0,
        "Total conflicts": 0,
        "Total sources": 1.0,
        "Ratio claims to triples": 0.004459601259181532,
        "Ratio perspectives to triples": 0.004197271773347324,
        "Ratio conflicts to triples": 0.0,
        "Ratio perspectives to claims": 0.9411764705882353,
        "Ratio conflicts to claims": 0.0
    },
    {
        "turn": 17,
        "cardinality conflicts": 0,
        "negation conflicts": 0,
        "subject gaps": 2,
        "object gaps": 2,
        "statement novelty": 1,
        "subject novelty": 0,
        "object novelty": 0,
        "overlaps subject-predicate": 0,
        "overlaps predicate-object": 0,
        "trust": 0.5,
        "Average degree": 10.924822695035461,
        "Sparseness": 0.006341733313213621,
        "Shortest path": 2.670543197936815,
        "Total triples": 3851.0,
        "Total classes": 24,
        "Total predicates": 12,
        "Average population": 18.470588235294116,
        "Total claims": 17.0,
        "Total perspectives": 16.0,
        "Total conflicts": 0,
        "Total sources": 1.0,
        "Ratio claims to triples": 0.004414437808361465,
        "Ratio perspectives to triples": 0.004154764996104908,
        "Ratio conflicts to triples": 0.0,
        "Ratio perspectives to claims": 0.9411764705882353,
        "Ratio conflicts to claims": 0.0
    },
    {
        "turn": 19,
        "cardinality conflicts": 0,
        "negation conflicts": 0,
        "subject gaps": 2,
        "object gaps": 2,
        "statement novelty": 1,
        "subject novelty": 0,
        "object novelty": 0,
        "overlaps subject-predicate": 0,
        "overlaps predicate-object": 0,
        "trust": 0.5,
        "Average degree": 10.95774647887324,
        "Sparseness": 0.006312239634993057,
        "Shortest path": 2.67403802220942,
        "Total triples": 3890.0,
        "Total classes": 24,
        "Total predicates": 12,
        "Average population": 18.647058823529413,
        "Total claims": 17.0,
        "Total perspectives": 16.0,
        "Total conflicts": 0,
        "Total sources": 1.0,
        "Ratio claims to triples": 0.004370179948586119,
        "Ratio perspectives to triples": 0.004113110539845758,
        "Ratio conflicts to triples": 0.0,
        "Ratio perspectives to claims": 0.9411764705882353,
        "Ratio conflicts to claims": 0.0
    }
]