[
    {
        "turn": 0,
        "cardinality conflicts": 0,
        "negation conflicts": 0,
        "subject gaps": 2,
        "object gaps": 2,
        "statement novelty": 0,
        "subject novelty": 1,
        "object novelty": 1,
        "overlaps subject-predicate": 0,
        "overlaps predicate-object": 0,
        "trust": 0.5,
        "Average degree": 10.869976359338061,
        "Sparseness": 0.010384007064254536,
        "Shortest path": 2.347540138706822,
        "Total triples": 2299.0,
        "Total classes": 24,
        "Total predicates": 12,
        "Average population": 8.607843137254902,
        "Total claims": 2.0,
        "Total perspectives": 1.0,
        "Total conflicts": 0,
        "Total sources": 1.0,
        "Ratio claims to triples": 0.0008699434536755111,
        "Ratio perspectives to triples": 0.00043497172683775554,
        "Ratio conflicts to triples": 0.0,
        "Ratio perspectives to claims": 0.5,
        "Ratio conflicts to claims": 0.0
    },
    {
        "turn": 3,
        "cardinality conflicts": 0,
        "negation conflicts": 0,
        "subject gaps": 2,
        "object gaps": 2,
        "statement novelty": 0,
        "subject novelty": 1,
        "object novelty": 1,
        "overlaps subject-predicate": 0,
        "overlaps predicate-object": 0,
        "trust": 0.5,
        "Average degree": 10.806378132118452,
        "Sparseness": 0.009972966101255183,
        "Shortest path": 2.374616448757554,
        "Total triples": 2372.0,
        "Total classes": 24,
        "Total predicates": 12,
        "Average population": 9.156862745098039,
        "Total claims": 3.0,
        "Total perspectives": 2.0,
        "Total conflicts": 0,
        "Total sources": 1.0,
        "Ratio claims to triples": 0.0012647554806070826,
        "Ratio perspectives to triples": 0.0008431703204047217,
        "Ratio conflicts to triples": 0.0,
        "Ratio perspectives to claims": 0.6666666666666666,
        "Ratio conflicts to claims": 0.0
    },
    {
        "turn": 5,
        "cardinality conflicts": 0,
        "negation conflicts": 0,
        "subject gaps": 2,
        "object gaps": 2,
        "statement novelty": 0,
        "subject novelty": 0,
        "object novelty": 1,
        "overlaps subject-predicate": 0,
        "overlaps predicate-object": 0,
        "trust": 0.5,
        "Average degree": 10.778761061946902,
        "Sparseness": 0.009676756206437466,
        "Shortest path": 2.3980731118654712,
        "Total triples": 2436.0,
        "Total classes": 24,
        "Total predicates": 12,
        "Average population": 9.607843137254902,
        "Total claims": 4.0,
        "Total perspectives": 3.0,
        "Total conflicts": 0,
        "Total sources": 1.0,
        "Ratio claims to triples": 0.0016420361247947454,
        "Ratio perspectives to triples": 0.0012315270935960591,
        "Ratio conflicts to triples": 0.0,
        "Ratio perspectives to claims": 0.75,
        "Ratio conflicts to claims": 0.0
    },
    {
        "turn": 7,
        "cardinality conflicts": 0,
        "negation conflicts": 0,
        "subject gaps": 2,
        "object gaps": 2,
        "statement novelty": 0,
        "subject novelty": 1,
        "object novelty": 1,
        "overlaps subject-predicate": 0,
        "overlaps predicate-object": 0,
        "trust": 0.5,
        "Average degree": 10.732334047109207,
        "Sparseness": 0.009344808770731215,
        "Shortest path": 2.4227697567341537,
        "Total triples": 2506.0,
        "Total classes": 24,
        "Total predicates": 12,
        "Average population": 10.137254901960784,
        "Total claims": 5.0,
        "Total perspectives": 4.0,
        "Total conflicts": 0,
        "Total sources": 1.0,
        "Ratio claims to triples": 0.0019952114924181963,
        "Ratio perspectives to triples": 0.0015961691939345571,
        "Ratio conflicts to triples": 0.0,
        "Ratio perspectives to claims": 0.8,
        "Ratio conflicts to claims": 0.0
    },
    {
        "turn": 9,
        "cardinality conflicts": 0,
        "negation conflicts": 0,
        "subject gaps": 2,
        "object gaps": 2,
        "statement novelty": 0,
        "subject novelty": 0,
        "object novelty": 1,
        "overlaps subject-predicate": 0,
        "overlaps predicate-object": 0,
        "trust": 0.5,
        "Average degree": 10.708333333333334,
        "Sparseness": 0.009084201388888888,
        "Shortest path": 2.443676061238692,
        "Total triples": 2570.0,
        "Total classes": 24,
        "Total predicates": 12,
        "Average population": 10.588235294117647,
        "Total claims": 6.0,
        "Total perspectives": 5.0,
        "Total conflicts": 0,
        "Total sources": 1.0,
        "Ratio claims to triples": 0.0023346303501945525,
        "Ratio perspectives to triples": 0.0019455252918287938,
        "Ratio conflicts to triples": 0.0,
        "Ratio perspectives to claims": 0.8333333333333334,
        "Ratio conflicts to claims": 0.0
    },
    {
        "turn": 11,
        "cardinality conflicts": 0,
        "negation conflicts": 0,
        "subject gaps": 2,
        "object gaps": 2,
        "statement novelty": 0,
        "subject novelty": 1,
        "object novelty": 0,
        "overlaps subject-predicate": 0,
        "overlaps predicate-object": 1,
        "trust": 0.5,
        "Average degree": 10.685598377281947,
        "Sparseness": 0.00883772408032948,
        "Shortest path": 2.4635300714061907,
        "Total triples": 2634.0,
        "Total classes": 24,
        "Total predicates": 12,
        "Average population": 11.03921568627451,
        "Total claims": 7.0,
        "Total perspectives": 6.0,
        "Total conflicts": 0,
        "Total sources": 1.0,
        "Ratio claims to triples": 0.0026575550493545936,
        "Ratio perspectives to triples": 0.002277904328018223,
        "Ratio conflicts to triples": 0.0,
        "Ratio perspectives to claims": 0.8571428571428571,
        "Ratio conflicts to claims": 0.0
    },
    {
        "turn": 13,
        "cardinality conflicts": 0,
        "negation conflicts": 0,
        "subject gaps": 2,
        "object gaps": 2,
        "statement novelty": 1,
        "subject novelty": 1,
        "object novelty": 0,
        "overlaps subject-predicate": 0,
        "overlaps predicate-object": 2,
        "trust": 0.5,
        "Average degree": 10.72,
        "Sparseness": 0.00874,
        "Shortest path": 2.472424849699399,
        "Total triples": 2680.0,
        "Total classes": 24,
        "Total predicates": 12,
        "Average population": 11.294117647058824,
        "Total claims": 7.0,
        "Total perspectives": 6.0,
        "Total conflicts": 0,
        "Total sources": 1.0,
        "Ratio claims to triples": 0.0026119402985074628,
        "Ratio perspectives to triples": 0.002238805970149254,
        "Ratio conflicts to triples": 0.0,
        "Ratio perspectives to claims": 0.8571428571428571,
        "Ratio conflicts to claims": 0.0
    },
    {
        "turn": 15,
        "cardinality conflicts": 0,
        "negation conflicts": 0,
        "subject gaps": 2,
        "object gaps": 2,
        "statement novelty": 0,
        "subject novelty": 0,
        "object novelty": 1,
        "overlaps subject-predicate": 1,
        "overlaps predicate-object": 0,
        "trust": 0.5,
        "Average degree": 10.69785575048733,
        "Sparseness": 0.00851164080875787,
        "Shortest path": 2.490847344054581,
        "Total triples": 2744.0,
        "Total classes": 24,
        "Total predicates": 12,
        "Average population": 11.745098039215685,
        "Total claims": 8.0,
        "Total perspectives": 7.0,
        "Total conflicts": 0,
        "Total sources": 1.0,
        "Ratio claims to triples": 0.0029154518950437317,
        "Ratio perspectives to triples": 0.002551020408163265,
        "Ratio conflicts to triples": 0.0,
        "Ratio perspectives to claims": 0.875,
        "Ratio conflicts to claims": 0.0
    },
    {
        "turn": 17,
        "cardinality conflicts": 0,
        "negation conflicts": 0,
        "subject gaps": 2,
        "object gaps": 2,
        "statement novelty": 1,
        "subject novelty": 0,
        "object novelty": 0,
        "overlaps subject-predicate": 1,
        "overlaps predicate-object": 0,
        "trust": 0.5,
        "Average degree": 10.724470134874759,
        "Sparseness": 0.008427352140807318,
        "Shortest path": 2.5000557948534827,
        "Total triples": 2783.0,
        "Total classes": 24,
        "Total predicates": 12,
        "Average population": 11.92156862745098,
        "Total claims": 8.0,
        "Total perspectives": 7.0,
        "Total conflicts": 0,
        "Total sources": 1.0,
        "Ratio claims to triples": 0.002874595759971254,
        "Ratio perspectives to triples": 0.0025152712899748474,
        "Ratio conflicts to triples": 0.0,
        "Ratio perspectives to claims": 0.875,
        "Ratio conflicts to claims": 0.0
    },
    {
        "turn": 19,
        "cardinality conflicts": 0,
        "negation conflicts": 0,
        "subject gaps": 2,
        "object gaps": 2,
        "statement novelty": 0,
        "subject novelty": 0,
        "object novelty": 1,
        "overlaps subject-predicate": 0,
        "overlaps predicate-object": 0,
        "trust": 0.5,
        "Average degree": 10.703007518796992,
        "Sparseness": 0.008214851037367856,
        "Shortest path": 2.517204027016694,
        "Total triples": 2847.0,
        "Total classes": 24,
        "Total predicates": 12,
        "Average population": 12.372549019607844,
        "Total claims": 9.0,
        "Total perspectives": 8.0,
        "Total conflicts": 0,
        "Total sources": 1.0,
        "Ratio claims to triples": 0.003161222339304531,
        "Ratio perspectives to triples": 0.0028099754127151387,
        "Ratio conflicts to triples": 0.0,
        "Ratio perspectives to claims": 0.8888888888888888,
        "Ratio conflicts to claims": 0.0
    }
]