[
    {
        "turn": 0,
        "cardinality conflicts": 0,
        "negation conflicts": 0,
        "subject gaps": 2,
        "object gaps": 2,
        "statement novelty": 1,
        "subject novelty": 0,
        "object novelty": 0,
        "overlaps subject-predicate": 0,
        "overlaps predicate-object": 1,
        "trust": 0.5,
        "Average degree": 10.8,
        "Sparseness": 0.00690673828125,
        "Shortest path": 2.625205399061033,
        "Total triples": 3456.0,
        "Total classes": 24,
        "Total predicates": 12,
        "Average population": 16.098039215686274,
        "Total claims": 15.0,
        "Total perspectives": 14.0,
        "Total conflicts": 0,
        "Total sources": 1.0,
        "Ratio claims to triples": 0.004340277777777778,
        "Ratio perspectives to triples": 0.004050925925925926,
        "Ratio conflicts to triples": 0.0,
        "Ratio perspectives to claims": 0.9333333333333333,
        "Ratio conflicts to claims": 0.0
    },
    {
        "turn": 3,
        "cardinality conflicts": 0,
        "negation conflicts": 0,
        "subject gaps": 2,
        "object gaps": 2,
        "statement novelty": 0,
        "subject novelty": 1,
        "object novelty": 1,
        "overlaps subject-predicate": 0,
        "overlaps predicate-object": 0,
        "trust": 0.5,
        "Average degree": 10.775572519083969,
        "Sparseness": 0.00674319678340423,
        "Shortest path": 2.635021126596167,
        "Total triples": 3529.0,
        "Total classes": 24,
        "Total predicates": 12,
        "Average population": 16.647058823529413,
        "Total claims": 16.0,
        "Total perspectives": 15.0,
        "Total conflicts": 0,
        "Total sources": 1.0,
        "Ratio claims to triples": 0.004533862283933126,
        "Ratio perspectives to triples": 0.004250495891187305,
        "Ratio conflicts to triples": 0.0,
        "Ratio perspectives to claims": 0.9375,
        "Ratio conflicts to claims": 0.0
    },
    {
        "turn": 5,
        "cardinality conflicts": 0,
        "negation conflicts": 0,
        "subject gaps": 2,
        "object gaps": 2,
        "statement novelty": 1,
        "subject novelty": 0,
        "object novelty": 0,
        "overlaps subject-predicate": 0,
        "overlaps predicate-object": 0,
        "trust": 0.5,
        "Average degree": 10.812121212121212,
        "Sparseness": 0.006710284664830119,
        "Shortest path": 2.6390168758909276,
        "Total triples": 3568.0,
        "Total classes": 24,
        "Total predicates": 12,
        "Average population": 16.823529411764707,
        "Total claims": 16.0,
        "Total perspectives": 15.0,
        "Total conflicts": 0,
        "Total sources": 1.0,
        "Ratio claims to triples": 0.004484304932735426,
        "Ratio perspectives to triples": 0.004204035874439462,
        "Ratio conflicts to triples": 0.0,
        "Ratio perspectives to claims": 0.9375,
        "Ratio conflicts to claims": 0.0
    },
    {
        "turn": 7,
        "cardinality conflicts": 0,
        "negation conflicts": 0,
        "subject gaps": 2,
        "object gaps": 2,
        "statement novelty": 1,
        "subject novelty": 0,
        "object novelty": 0,
        "overlaps subject-predicate": 0,
        "overlaps predicate-object": 0,
        "trust": 0.5,
        "Average degree": 10.84812030075188,
        "Sparseness": 0.0066775962462547345,
        "Shortest path": 2.642956789564272,
        "Total triples": 3607.0,
        "Total classes": 24,
        "Total predicates": 12,
        "Average population": 17.0,
        "Total claims": 16.0,
        "Total perspectives": 15.0,
        "Total conflicts": 0,
        "Total sources": 1.0,
        "Ratio claims to triples": 0.004435819240365955,
        "Ratio perspectives to triples": 0.004158580537843083,
        "Ratio conflicts to triples": 0.0,
        "Ratio perspectives to claims": 0.9375,
        "Ratio conflicts to claims": 0.0
    },
    {
        "turn": 9,
        "cardinality conflicts": 0,
        "negation conflicts": 0,
        "subject gaps": 2,
        "object gaps": 2,
        "statement novelty": 1,
        "subject novelty": 0,
        "object novelty": 0,
        "overlaps subject-predicate": 0,
        "overlaps predicate-object": 0,
        "trust": 0.5,
        "Average degree": 10.883582089552238,
        "Sparseness": 0.006645132546224103,
        "Shortest path": 2.646842023068514,
        "Total triples": 3646.0,
        "Total classes": 24,
        "Total predicates": 12,
        "Average population": 17.176470588235293,
        "Total claims": 16.0,
        "Total perspectives": 15.0,
        "Total conflicts": 0,
        "Total sources": 1.0,
        "Ratio claims to triples": 0.004388370817334065,
        "Ratio perspectives to triples": 0.004114097641250686,
        "Ratio conflicts to triples": 0.0,
        "Ratio perspectives to claims": 0.9375,
        "Ratio conflicts to claims": 0.0
    },
    {
        "turn": 11,
        "cardinality conflicts": 0,
        "negation conflicts": 0,
        "subject gaps": 2,
        "object gaps": 2,
        "statement novelty": 1,
        "subject novelty": 0,
        "object novelty": 0,
        "overlaps subject-predicate": 0,
        "overlaps predicate-object": 0,
        "trust": 0.5,
        "Average degree": 10.91851851851852,
        "Sparseness": 0.0066128943758573385,
        "Shortest path": 2.6506737004066383,
        "Total triples": 3685.0,
        "Total classes": 24,
        "Total predicates": 12,
        "Average population": 17.352941176470587,
        "Total claims": 16.0,
        "Total perspectives": 15.0,
        "Total conflicts": 0,
        "Total sources": 1.0,
        "Ratio claims to triples": 0.004341926729986432,
        "Ratio perspectives to triples": 0.004070556309362279,
        "Ratio conflicts to triples": 0.0,
        "Ratio perspectives to claims": 0.9375,
        "Ratio conflicts to claims": 0.0
    },
    {
        "turn": 13,
        "cardinality conflicts": 0,
        "negation conflicts": 0,
        "subject gaps": 2,
        "object gaps": 2,
        "statement novelty": 0,
        "subject novelty": 0,
        "object novelty": 1,
        "overlaps subject-predicate": 0,
        "overlaps predicate-object": 0,
        "trust": 0.5,
        "Average degree": 10.914119359534206,
        "Sparseness": 0.006500426934819872,
        "Shortest path": 2.6593716713135658,
        "Total triples": 3749.0,
        "Total classes": 24,
        "Total predicates": 12,
        "Average population": 17.80392156862745,
        "Total claims": 17.0,
        "Total perspectives": 16.0,
        "Total conflicts": 0,
        "Total sources": 1.0,
        "Ratio claims to triples": 0.004534542544678581,
        "Ratio perspectives to triples": 0.004267804747932782,
        "Ratio conflicts to triples": 0.0,
        "Ratio perspectives to claims": 0.9411764705882353,
        "Ratio conflicts to claims": 0.0
    },
    {
        "turn": 15,
        "cardinality conflicts": 0,
        "negation conflicts": 0,
        "subject gaps": 2,
        "object gaps": 2,
        "statement novelty": 0,
        "subject novelty": 1,
        "object novelty": 0,
        "overlaps subject-predicate": 0,
        "overlaps predicate-object": 1,
        "trust": 0.5,
        "Average degree": 10.909871244635193,
        "Sparseness": 0.006391718395991821,
        "Shortest path": 2.6677816446745455,
        "Total triples": 3813.0,
        "Total classes": 24,
        "Total predicates": 12,
        "Average population": 18.254901960784313,
        "Total claims": 18.0,
        "Total perspectives": 17.0,
        "Total conflicts": 0,
        "Total sources": 1.0,
        "Ratio claims to triples": 0.004720692368214005,
        "Ratio perspectives to triples": 0.0044584316810910045,
        "Ratio conflicts to triples": 0.0,
        "Ratio perspectives to claims": 0.9444444444444444,
        "Ratio conflicts to claims": 0.0
    },
    {
        "turn": 17,
        "cardinality conflicts": 0,
        "negation conflicts": 0,
        "subject gaps": 2,
        "object gaps": 2,
        "statement novelty": 0,
        "subject novelty": 0,
        "object novelty": 0,
        "overlaps subject-predicate": 0,
        "overlaps predicate-object": 2,
        "trust": 0.5,
        "Average degree": 10.919605077574047,
        "Sparseness": 0.006310164895828568,
        "Shortest path": 2.6749739029268564,
        "Total triples": 3871.0,
        "Total classes": 24,
        "Total predicates": 12,
        "Average population": 18.627450980392158,
        "Total claims": 19.0,
        "Total perspectives": 18.0,
        "Total conflicts": 0,
        "Total sources": 1.0,
        "Ratio claims to triples": 0.0049082924308964096,
        "Ratio perspectives to triples": 0.004649961250322914,
        "Ratio conflicts to triples": 0.0,
        "Ratio perspectives to claims": 0.9473684210526315,
        "Ratio conflicts to claims": 0.0
    },
    {
        "turn": 19,
        "cardinality conflicts": 0,
        "negation conflicts": 0,
        "subject gaps": 2,
        "object gaps": 2,
        "statement novelty": 1,
        "subject novelty": 0,
        "object novelty": 0,
        "overlaps subject-predicate": 0,
        "overlaps predicate-object": 2,
        "trust": 0.5,
        "Average degree": 10.952380952380953,
        "Sparseness": 0.006280943750049039,
        "Shortest path": 2.6784211580845523,
        "Total triples": 3910.0,
        "Total classes": 24,
        "Total predicates": 12,
        "Average population": 18.80392156862745,
        "Total claims": 19.0,
        "Total perspectives": 18.0,
        "Total conflicts": 0,
        "Total sources": 1.0,
        "Ratio claims to triples": 0.004859335038363171,
        "Ratio perspectives to triples": 0.004603580562659846,
        "Ratio conflicts to triples": 0.0,
        "Ratio perspectives to claims": 0.9473684210526315,
        "Ratio conflicts to claims": 0.0
    }
]