[
    {
        "turn": 0,
        "cardinality conflicts": 0,
        "negation conflicts": 0,
        "subject gaps": 2,
        "object gaps": 2,
        "statement novelty": 0,
        "subject novelty": 1,
        "object novelty": 1,
        "overlaps subject-predicate": 0,
        "overlaps predicate-object": 0,
        "trust": 0.5,
        "Average degree": 10.830963665086887,
        "Sparseness": 0.006990458934485349,
        "Shortest path": 2.6197082408462817,
        "Total triples": 3428.0,
        "Total classes": 24,
        "Total predicates": 12,
        "Average population": 15.843137254901961,
        "Total claims": 13.0,
        "Total perspectives": 12.0,
        "Total conflicts": 0,
        "Total sources": 1.0,
        "Ratio claims to triples": 0.003792298716452742,
        "Ratio perspectives to triples": 0.003500583430571762,
        "Ratio conflicts to triples": 0.0,
        "Ratio perspectives to claims": 0.9230769230769231,
        "Ratio conflicts to claims": 0.0
    },
    {
        "turn": 3,
        "cardinality conflicts": 0,
        "negation conflicts": 0,
        "subject gaps": 2,
        "object gaps": 2,
        "statement novelty": 0,
        "subject novelty": 1,
        "object novelty": 1,
        "overlaps subject-predicate": 0,
        "overlaps predicate-object": 0,
        "trust": 0.5,
        "Average degree": 10.805555555555555,
        "Sparseness": 0.006822988111568358,
        "Shortest path": 2.6297488885072604,
        "Total triples": 3501.0,
        "Total classes": 24,
        "Total predicates": 12,
        "Average population": 16.392156862745097,
        "Total claims": 14.0,
        "Total perspectives": 13.0,
        "Total conflicts": 0,
        "Total sources": 1.0,
        "Ratio claims to triples": 0.003998857469294488,
        "Ratio perspectives to triples": 0.0037132247929163096,
        "Ratio conflicts to triples": 0.0,
        "Ratio perspectives to claims": 0.9285714285714286,
        "Ratio conflicts to claims": 0.0
    },
    {
        "turn": 5,
        "cardinality conflicts": 0,
        "negation conflicts": 0,
        "subject gaps": 2,
        "object gaps": 2,
        "statement novelty": 1,
        "subject novelty": 0,
        "object novelty": 0,
        "overlaps subject-predicate": 0,
        "overlaps predicate-object": 0,
        "trust": 0.5,
        "Average degree": 10.842266462480858,
        "Sparseness": 0.006789256324327113,
        "Shortest path": 2.6338231287404055,
        "Total triples": 3540.0,
        "Total classes": 24,
        "Total predicates": 12,
        "Average population": 16.568627450980394,
        "Total claims": 14.0,
        "Total perspectives": 13.0,
        "Total conflicts": 0,
        "Total sources": 1.0,
        "Ratio claims to triples": 0.0039548022598870055,
        "Ratio perspectives to triples": 0.003672316384180791,
        "Ratio conflicts to triples": 0.0,
        "Ratio perspectives to claims": 0.9285714285714286,
        "Ratio conflicts to claims": 0.0
    },
    {
        "turn": 7,
        "cardinality conflicts": 0,
        "negation conflicts": 0,
        "subject gaps": 2,
        "object gaps": 2,
        "statement novelty": 1,
        "subject novelty": 0,
        "object novelty": 0,
        "overlaps subject-predicate": 0,
        "overlaps predicate-object": 0,
        "trust": 0.5,
        "Average degree": 10.878419452887538,
        "Sparseness": 0.006755757984497557,
        "Shortest path": 2.63783986343007,
        "Total triples": 3579.0,
        "Total classes": 24,
        "Total predicates": 12,
        "Average population": 16.745098039215687,
        "Total claims": 14.0,
        "Total perspectives": 13.0,
        "Total conflicts": 0,
        "Total sources": 1.0,
        "Ratio claims to triples": 0.003911707180776753,
        "Ratio perspectives to triples": 0.0036322995250069852,
        "Ratio conflicts to triples": 0.0,
        "Ratio perspectives to claims": 0.9285714285714286,
        "Ratio conflicts to claims": 0.0
    },
    {
        "turn": 9,
        "cardinality conflicts": 0,
        "negation conflicts": 0,
        "subject gaps": 2,
        "object gaps": 2,
        "statement novelty": 0,
        "subject novelty": 0,
        "object novelty": 0,
        "overlaps subject-predicate": 0,
        "overlaps predicate-object": 1,
        "trust": 0.5,
        "Average degree": 10.889221556886227,
        "Sparseness": 0.006664814084406038,
        "Shortest path": 2.645880652488127,
        "Total triples": 3637.0,
        "Total classes": 24,
        "Total predicates": 12,
        "Average population": 17.11764705882353,
        "Total claims": 15.0,
        "Total perspectives": 14.0,
        "Total conflicts": 0,
        "Total sources": 1.0,
        "Ratio claims to triples": 0.0041242782513060215,
        "Ratio perspectives to triples": 0.00384932636788562,
        "Ratio conflicts to triples": 0.0,
        "Ratio perspectives to claims": 0.9333333333333333,
        "Ratio conflicts to claims": 0.0
    },
    {
        "turn": 11,
        "cardinality conflicts": 0,
        "negation conflicts": 0,
        "subject gaps": 2,
        "object gaps": 2,
        "statement novelty": 0,
        "subject novelty": 0,
        "object novelty": 1,
        "overlaps subject-predicate": 0,
        "overlaps predicate-object": 0,
        "trust": 0.5,
        "Average degree": 10.885294117647058,
        "Sparseness": 0.00655060553633218,
        "Shortest path": 2.654743134367149,
        "Total triples": 3701.0,
        "Total classes": 24,
        "Total predicates": 12,
        "Average population": 17.568627450980394,
        "Total claims": 16.0,
        "Total perspectives": 15.0,
        "Total conflicts": 0,
        "Total sources": 1.0,
        "Ratio claims to triples": 0.004323155903809781,
        "Ratio perspectives to triples": 0.00405295865982167,
        "Ratio conflicts to triples": 0.0,
        "Ratio perspectives to claims": 0.9375,
        "Ratio conflicts to claims": 0.0
    },
    {
        "turn": 13,
        "cardinality conflicts": 0,
        "negation conflicts": 0,
        "subject gaps": 2,
        "object gaps": 2,
        "statement novelty": 0,
        "subject novelty": 0,
        "object novelty": 1,
        "overlaps subject-predicate": 0,
        "overlaps predicate-object": 0,
        "trust": 0.5,
        "Average degree": 10.88150289017341,
        "Sparseness": 0.006440241905843831,
        "Shortest path": 2.6633094367717054,
        "Total triples": 3765.0,
        "Total classes": 24,
        "Total predicates": 12,
        "Average population": 18.019607843137255,
        "Total claims": 17.0,
        "Total perspectives": 16.0,
        "Total conflicts": 0,
        "Total sources": 1.0,
        "Ratio claims to triples": 0.0045152722443559095,
        "Ratio perspectives to triples": 0.004249667994687915,
        "Ratio conflicts to triples": 0.0,
        "Ratio perspectives to claims": 0.9411764705882353,
        "Ratio conflicts to claims": 0.0
    },
    {
        "turn": 15,
        "cardinality conflicts": 0,
        "negation conflicts": 0,
        "subject gaps": 2,
        "object gaps": 2,
        "statement novelty": 0,
        "subject novelty": 1,
        "object novelty": 1,
        "overlaps subject-predicate": 0,
        "overlaps predicate-object": 0,
        "trust": 0.5,
        "Average degree": 10.864022662889518,
        "Sparseness": 0.0063097368568883466,
        "Shortest path": 2.672553392401503,
        "Total triples": 3835.0,
        "Total classes": 24,
        "Total predicates": 12,
        "Average population": 18.54901960784314,
        "Total claims": 18.0,
        "Total perspectives": 17.0,
        "Total conflicts": 0,
        "Total sources": 1.0,
        "Ratio claims to triples": 0.00469361147327249,
        "Ratio perspectives to triples": 0.004432855280312908,
        "Ratio conflicts to triples": 0.0,
        "Ratio perspectives to claims": 0.9444444444444444,
        "Ratio conflicts to claims": 0.0
    },
    {
        "turn": 17,
        "cardinality conflicts": 0,
        "negation conflicts": 0,
        "subject gaps": 2,
        "object gaps": 2,
        "statement novelty": 0,
        "subject novelty": 0,
        "object novelty": 1,
        "overlaps subject-predicate": 1,
        "overlaps predicate-object": 0,
        "trust": 0.5,
        "Average degree": 10.860724233983287,
        "Sparseness": 0.006207276479853508,
        "Shortest path": 2.680532083930646,
        "Total triples": 3899.0,
        "Total classes": 24,
        "Total predicates": 12,
        "Average population": 19.0,
        "Total claims": 19.0,
        "Total perspectives": 18.0,
        "Total conflicts": 0,
        "Total sources": 1.0,
        "Ratio claims to triples": 0.004873044370351372,
        "Ratio perspectives to triples": 0.004616568350859195,
        "Ratio conflicts to triples": 0.0,
        "Ratio perspectives to claims": 0.9473684210526315,
        "Ratio conflicts to claims": 0.0
    },
    {
        "turn": 19,
        "cardinality conflicts": 0,
        "negation conflicts": 0,
        "subject gaps": 2,
        "object gaps": 2,
        "statement novelty": 1,
        "subject novelty": 0,
        "object novelty": 1,
        "overlaps subject-predicate": 2,
        "overlaps predicate-object": 0,
        "trust": 0.5,
        "Average degree": 10.897790055248619,
        "Sparseness": 0.00617540673361619,
        "Shortest path": 2.682954693075965,
        "Total triples": 3945.0,
        "Total classes": 24,
        "Total predicates": 12,
        "Average population": 19.254901960784313,
        "Total claims": 19.0,
        "Total perspectives": 18.0,
        "Total conflicts": 0,
        "Total sources": 1.0,
        "Ratio claims to triples": 0.004816223067173638,
        "Ratio perspectives to triples": 0.0045627376425855515,
        "Ratio conflicts to triples": 0.0,
        "Ratio perspectives to claims": 0.9473684210526315,
        "Ratio conflicts to claims": 0.0
    }
]