[
    {
        "turn": 0,
        "cardinality conflicts": 0,
        "negation conflicts": 0,
        "subject gaps": 2,
        "object gaps": 2,
        "statement novelty": 0,
        "subject novelty": 0,
        "object novelty": 1,
        "overlaps subject-predicate": 0,
        "overlaps predicate-object": 0,
        "trust": 0.5,
        "Average degree": 11.059602649006623,
        "Sparseness": 0.007436625586597079,
        "Shortest path": 2.586894446091837,
        "Total triples": 3340.0,
        "Total classes": 24,
        "Total predicates": 12,
        "Average population": 14.843137254901961,
        "Total claims": 9.0,
        "Total perspectives": 8.0,
        "Total conflicts": 0,
        "Total sources": 1.0,
        "Ratio claims to triples": 0.002694610778443114,
        "Ratio perspectives to triples": 0.0023952095808383233,
        "Ratio conflicts to triples": 0.0,
        "Ratio perspectives to claims": 0.8888888888888888,
        "Ratio conflicts to claims": 0.0
    },
    {
        "turn": 3,
        "cardinality conflicts": 0,
        "negation conflicts": 0,
        "subject gaps": 2,
        "object gaps": 2,
        "statement novelty": 1,
        "subject novelty": 0,
        "object novelty": 0,
        "overlaps subject-predicate": 0,
        "overlaps predicate-object": 0,
        "trust": 0.5,
        "Average degree": 11.088524590163935,
        "Sparseness": 0.007379736629938189,
        "Shortest path": 2.5906753883011655,
        "Total triples": 3382.0,
        "Total classes": 24,
        "Total predicates": 12,
        "Average population": 15.03921568627451,
        "Total claims": 9.0,
        "Total perspectives": 8.0,
        "Total conflicts": 0,
        "Total sources": 1.0,
        "Ratio claims to triples": 0.0026611472501478417,
        "Ratio perspectives to triples": 0.002365464222353637,
        "Ratio conflicts to triples": 0.0,
        "Ratio perspectives to claims": 0.8888888888888888,
        "Ratio conflicts to claims": 0.0
    },
    {
        "turn": 5,
        "cardinality conflicts": 0,
        "negation conflicts": 0,
        "subject gaps": 2,
        "object gaps": 2,
        "statement novelty": 0,
        "subject novelty": 0,
        "object novelty": 1,
        "overlaps subject-predicate": 0,
        "overlaps predicate-object": 0,
        "trust": 0.5,
        "Average degree": 11.080385852090032,
        "Sparseness": 0.007239896196275886,
        "Shortest path": 2.601369018956045,
        "Total triples": 3446.0,
        "Total classes": 24,
        "Total predicates": 12,
        "Average population": 15.490196078431373,
        "Total claims": 10.0,
        "Total perspectives": 9.0,
        "Total conflicts": 0,
        "Total sources": 1.0,
        "Ratio claims to triples": 0.002901915264074289,
        "Ratio perspectives to triples": 0.00261172373766686,
        "Ratio conflicts to triples": 0.0,
        "Ratio perspectives to claims": 0.9,
        "Ratio conflicts to claims": 0.0
    },
    {
        "turn": 7,
        "cardinality conflicts": 0,
        "negation conflicts": 0,
        "subject gaps": 2,
        "object gaps": 2,
        "statement novelty": 0,
        "subject novelty": 0,
        "object novelty": 0,
        "overlaps subject-predicate": 0,
        "overlaps predicate-object": 1,
        "trust": 0.5,
        "Average degree": 11.08860759493671,
        "Sparseness": 0.007135274795705816,
        "Shortest path": 2.6104134486148167,
        "Total triples": 3504.0,
        "Total classes": 24,
        "Total predicates": 12,
        "Average population": 15.862745098039216,
        "Total claims": 11.0,
        "Total perspectives": 10.0,
        "Total conflicts": 0,
        "Total sources": 1.0,
        "Ratio claims to triples": 0.003139269406392694,
        "Ratio perspectives to triples": 0.0028538812785388126,
        "Ratio conflicts to triples": 0.0,
        "Ratio perspectives to claims": 0.9090909090909091,
        "Ratio conflicts to claims": 0.0
    },
    {
        "turn": 9,
        "cardinality conflicts": 0,
        "negation conflicts": 0,
        "subject gaps": 2,
        "object gaps": 2,
        "statement novelty": 1,
        "subject novelty": 0,
        "object novelty": 0,
        "overlaps subject-predicate": 0,
        "overlaps predicate-object": 2,
        "trust": 0.5,
        "Average degree": 11.127158555729984,
        "Sparseness": 0.007100098824700753,
        "Shortest path": 2.6147231025937225,
        "Total triples": 3544.0,
        "Total classes": 24,
        "Total predicates": 12,
        "Average population": 16.03921568627451,
        "Total claims": 11.0,
        "Total perspectives": 10.0,
        "Total conflicts": 0,
        "Total sources": 1.0,
        "Ratio claims to triples": 0.0031038374717832955,
        "Ratio perspectives to triples": 0.0028216704288939053,
        "Ratio conflicts to triples": 0.0,
        "Ratio perspectives to claims": 0.9090909090909091,
        "Ratio conflicts to claims": 0.0
    },
    {
        "turn": 11,
        "cardinality conflicts": 0,
        "negation conflicts": 0,
        "subject gaps": 2,
        "object gaps": 2,
        "statement novelty": 0,
        "subject novelty": 0,
        "object novelty": 1,
        "overlaps subject-predicate": 0,
        "overlaps predicate-object": 0,
        "trust": 0.5,
        "Average degree": 11.11864406779661,
        "Sparseness": 0.006970543754644457,
        "Shortest path": 2.624564857615705,
        "Total triples": 3608.0,
        "Total classes": 24,
        "Total predicates": 12,
        "Average population": 16.49019607843137,
        "Total claims": 12.0,
        "Total perspectives": 11.0,
        "Total conflicts": 0,
        "Total sources": 1.0,
        "Ratio claims to triples": 0.0033259423503325942,
        "Ratio perspectives to triples": 0.003048780487804878,
        "Ratio conflicts to triples": 0.0,
        "Ratio perspectives to claims": 0.9166666666666666,
        "Ratio conflicts to claims": 0.0
    },
    {
        "turn": 13,
        "cardinality conflicts": 0,
        "negation conflicts": 0,
        "subject gaps": 2,
        "object gaps": 2,
        "statement novelty": 1,
        "subject novelty": 0,
        "object novelty": 0,
        "overlaps subject-predicate": 0,
        "overlaps predicate-object": 0,
        "trust": 0.5,
        "Average degree": 11.15290519877676,
        "Sparseness": 0.006934507944523937,
        "Shortest path": 2.6286815497515583,
        "Total triples": 3647.0,
        "Total classes": 24,
        "Total predicates": 12,
        "Average population": 16.666666666666668,
        "Total claims": 12.0,
        "Total perspectives": 11.0,
        "Total conflicts": 0,
        "Total sources": 1.0,
        "Ratio claims to triples": 0.003290375651220181,
        "Ratio perspectives to triples": 0.003016177680285166,
        "Ratio conflicts to triples": 0.0,
        "Ratio perspectives to claims": 0.9166666666666666,
        "Ratio conflicts to claims": 0.0
    },
    {
        "turn": 15,
        "cardinality conflicts": 0,
        "negation conflicts": 0,
        "subject gaps": 2,
        "object gaps": 2,
        "statement novelty": 0,
        "subject novelty": 1,
        "object novelty": 1,
        "overlaps subject-predicate": 0,
        "overlaps predicate-object": 0,
        "trust": 0.5,
        "Average degree": 11.12874251497006,
        "Sparseness": 0.006783588511599555,
        "Shortest path": 2.639156469669357,
        "Total triples": 3717.0,
        "Total classes": 24,
        "Total predicates": 12,
        "Average population": 17.19607843137255,
        "Total claims": 13.0,
        "Total perspectives": 12.0,
        "Total conflicts": 0,
        "Total sources": 1.0,
        "Ratio claims to triples": 0.003497444175410277,
        "Ratio perspectives to triples": 0.003228410008071025,
        "Ratio conflicts to triples": 0.0,
        "Ratio perspectives to claims": 0.9230769230769231,
        "Ratio conflicts to claims": 0.0
    },
    {
        "turn": 17,
        "cardinality conflicts": 0,
        "negation conflicts": 0,
        "subject gaps": 2,
        "object gaps": 2,
        "statement novelty": 0,
        "subject novelty": 0,
        "object novelty": 1,
        "overlaps subject-predicate": 1,
        "overlaps predicate-object": 0,
        "trust": 0.5,
        "Average degree": 11.120588235294118,
        "Sparseness": 0.006665224913494809,
        "Shortest path": 2.64815039417829,
        "Total triples": 3781.0,
        "Total classes": 24,
        "Total predicates": 12,
        "Average population": 17.647058823529413,
        "Total claims": 14.0,
        "Total perspectives": 13.0,
        "Total conflicts": 0,
        "Total sources": 1.0,
        "Ratio claims to triples": 0.0037027241470510446,
        "Ratio perspectives to triples": 0.003438243850833113,
        "Ratio conflicts to triples": 0.0,
        "Ratio perspectives to claims": 0.9285714285714286,
        "Ratio conflicts to claims": 0.0
    },
    {
        "turn": 19,
        "cardinality conflicts": 0,
        "negation conflicts": 0,
        "subject gaps": 2,
        "object gaps": 2,
        "statement novelty": 1,
        "subject novelty": 0,
        "object novelty": 0,
        "overlaps subject-predicate": 1,
        "overlaps predicate-object": 0,
        "trust": 0.5,
        "Average degree": 11.153284671532846,
        "Sparseness": 0.006632212691139645,
        "Shortest path": 2.6519272634140094,
        "Total triples": 3820.0,
        "Total classes": 24,
        "Total predicates": 12,
        "Average population": 17.823529411764707,
        "Total claims": 14.0,
        "Total perspectives": 13.0,
        "Total conflicts": 0,
        "Total sources": 1.0,
        "Ratio claims to triples": 0.0036649214659685864,
        "Ratio perspectives to triples": 0.0034031413612565444,
        "Ratio conflicts to triples": 0.0,
        "Ratio perspectives to claims": 0.9285714285714286,
        "Ratio conflicts to claims": 0.0
    }
]