[
    {
        "turn": 0,
        "cardinality conflicts": 0,
        "negation conflicts": 0,
        "subject gaps": 2,
        "object gaps": 2,
        "statement novelty": 0,
        "subject novelty": 1,
        "object novelty": 1,
        "overlaps subject-predicate": 0,
        "overlaps predicate-object": 0,
        "trust": 0.5,
        "Average degree": 11.085290482076639,
        "Sparseness": 0.005609024555334685,
        "Shortest path": 2.7302377951021306,
        "Total triples": 4484.0,
        "Total classes": 24,
        "Total predicates": 12,
        "Average population": 22.176470588235293,
        "Total claims": 22.0,
        "Total perspectives": 21.0,
        "Total conflicts": 0,
        "Total sources": 1.0,
        "Ratio claims to triples": 0.004906333630686887,
        "Ratio perspectives to triples": 0.004683318465655665,
        "Ratio conflicts to triples": 0.0,
        "Ratio perspectives to claims": 0.9545454545454546,
        "Ratio conflicts to claims": 0.0
    },
    {
        "turn": 3,
        "cardinality conflicts": 0,
        "negation conflicts": 0,
        "subject gaps": 2,
        "object gaps": 2,
        "statement novelty": 1,
        "subject novelty": 0,
        "object novelty": 0,
        "overlaps subject-predicate": 0,
        "overlaps predicate-object": 0,
        "trust": 0.5,
        "Average degree": 11.106748466257669,
        "Sparseness": 0.005576423651624073,
        "Shortest path": 2.7320872461976755,
        "Total triples": 4526.0,
        "Total classes": 24,
        "Total predicates": 12,
        "Average population": 22.372549019607842,
        "Total claims": 22.0,
        "Total perspectives": 21.0,
        "Total conflicts": 0,
        "Total sources": 1.0,
        "Ratio claims to triples": 0.004860804242156429,
        "Ratio perspectives to triples": 0.004639858594785683,
        "Ratio conflicts to triples": 0.0,
        "Ratio perspectives to claims": 0.9545454545454546,
        "Ratio conflicts to claims": 0.0
    },
    {
        "turn": 5,
        "cardinality conflicts": 0,
        "negation conflicts": 0,
        "subject gaps": 2,
        "object gaps": 2,
        "statement novelty": 1,
        "subject novelty": 0,
        "object novelty": 0,
        "overlaps subject-predicate": 0,
        "overlaps predicate-object": 0,
        "trust": 0.5,
        "Average degree": 11.134146341463415,
        "Sparseness": 0.005553242117787032,
        "Shortest path": 2.7347955567467763,
        "Total triples": 4565.0,
        "Total classes": 24,
        "Total predicates": 12,
        "Average population": 22.54901960784314,
        "Total claims": 22.0,
        "Total perspectives": 21.0,
        "Total conflicts": 0,
        "Total sources": 1.0,
        "Ratio claims to triples": 0.004819277108433735,
        "Ratio perspectives to triples": 0.004600219058050383,
        "Ratio conflicts to triples": 0.0,
        "Ratio perspectives to claims": 0.9545454545454546,
        "Ratio conflicts to claims": 0.0
    },
    {
        "turn": 7,
        "cardinality conflicts": 0,
        "negation conflicts": 0,
        "subject gaps": 2,
        "object gaps": 2,
        "statement novelty": 1,
        "subject novelty": 0,
        "object novelty": 0,
        "overlaps subject-predicate": 0,
        "overlaps predicate-object": 0,
        "trust": 0.5,
        "Average degree": 11.161212121212122,
        "Sparseness": 0.005530211202938476,
        "Shortest path": 2.737458075904678,
        "Total triples": 4604.0,
        "Total classes": 24,
        "Total predicates": 12,
        "Average population": 22.725490196078432,
        "Total claims": 22.0,
        "Total perspectives": 21.0,
        "Total conflicts": 0,
        "Total sources": 1.0,
        "Ratio claims to triples": 0.0047784535186794095,
        "Ratio perspectives to triples": 0.004561251086012163,
        "Ratio conflicts to triples": 0.0,
        "Ratio perspectives to claims": 0.9545454545454546,
        "Ratio conflicts to claims": 0.0
    },
    {
        "turn": 9,
        "cardinality conflicts": 0,
        "negation conflicts": 0,
        "subject gaps": 2,
        "object gaps": 2,
        "statement novelty": 0,
        "subject novelty": 1,
        "object novelty": 0,
        "overlaps subject-predicate": 0,
        "overlaps predicate-object": 2,
        "trust": 0.5,
        "Average degree": 11.154121863799283,
        "Sparseness": 0.005451283171250798,
        "Shortest path": 2.7434474913252505,
        "Total triples": 4668.0,
        "Total classes": 24,
        "Total predicates": 12,
        "Average population": 23.176470588235293,
        "Total claims": 23.0,
        "Total perspectives": 22.0,
        "Total conflicts": 0,
        "Total sources": 1.0,
        "Ratio claims to triples": 0.004927163667523565,
        "Ratio perspectives to triples": 0.004712939160239932,
        "Ratio conflicts to triples": 0.0,
        "Ratio perspectives to claims": 0.9565217391304348,
        "Ratio conflicts to claims": 0.0
    },
    {
        "turn": 11,
        "cardinality conflicts": 0,
        "negation conflicts": 0,
        "subject gaps": 2,
        "object gaps": 2,
        "statement novelty": 0,
        "subject novelty": 0,
        "object novelty": 0,
        "overlaps subject-predicate": 0,
        "overlaps predicate-object": 3,
        "trust": 0.5,
        "Average degree": 11.159386068476978,
        "Sparseness": 0.005391624582351211,
        "Shortest path": 2.748652593913716,
        "Total triples": 4726.0,
        "Total classes": 24,
        "Total predicates": 12,
        "Average population": 23.54901960784314,
        "Total claims": 24.0,
        "Total perspectives": 23.0,
        "Total conflicts": 0,
        "Total sources": 1.0,
        "Ratio claims to triples": 0.0050782903089293275,
        "Ratio perspectives to triples": 0.004866694879390605,
        "Ratio conflicts to triples": 0.0,
        "Ratio perspectives to claims": 0.9583333333333334,
        "Ratio conflicts to claims": 0.0
    },
    {
        "turn": 13,
        "cardinality conflicts": 0,
        "negation conflicts": 0,
        "subject gaps": 2,
        "object gaps": 2,
        "statement novelty": 0,
        "subject novelty": 0,
        "object novelty": 1,
        "overlaps subject-predicate": 0,
        "overlaps predicate-object": 0,
        "trust": 0.5,
        "Average degree": 11.152502910360885,
        "Sparseness": 0.0053165754369607025,
        "Shortest path": 2.7543411187183016,
        "Total triples": 4790.0,
        "Total classes": 24,
        "Total predicates": 12,
        "Average population": 24.0,
        "Total claims": 25.0,
        "Total perspectives": 24.0,
        "Total conflicts": 0,
        "Total sources": 1.0,
        "Ratio claims to triples": 0.005219206680584551,
        "Ratio perspectives to triples": 0.005010438413361169,
        "Ratio conflicts to triples": 0.0,
        "Ratio perspectives to claims": 0.96,
        "Ratio conflicts to claims": 0.0
    },
    {
        "turn": 15,
        "cardinality conflicts": 0,
        "negation conflicts": 0,
        "subject gaps": 2,
        "object gaps": 2,
        "statement novelty": 1,
        "subject novelty": 0,
        "object novelty": 0,
        "overlaps subject-predicate": 0,
        "overlaps predicate-object": 0,
        "trust": 0.5,
        "Average degree": 11.17824074074074,
        "Sparseness": 0.005295406807270233,
        "Shortest path": 2.7567808248573025,
        "Total triples": 4829.0,
        "Total classes": 24,
        "Total predicates": 12,
        "Average population": 24.176470588235293,
        "Total claims": 25.0,
        "Total perspectives": 24.0,
        "Total conflicts": 0,
        "Total sources": 1.0,
        "Ratio claims to triples": 0.0051770552909505075,
        "Ratio perspectives to triples": 0.004969973079312487,
        "Ratio conflicts to triples": 0.0,
        "Ratio perspectives to claims": 0.96,
        "Ratio conflicts to claims": 0.0
    },
    {
        "turn": 17,
        "cardinality conflicts": 0,
        "negation conflicts": 0,
        "subject gaps": 2,
        "object gaps": 2,
        "statement novelty": 0,
        "subject novelty": 0,
        "object novelty": 1,
        "overlaps subject-predicate": 0,
        "overlaps predicate-object": 0,
        "trust": 0.5,
        "Average degree": 11.17123287671233,
        "Sparseness": 0.005222993682366923,
        "Shortest path": 2.7622544031311156,
        "Total triples": 4893.0,
        "Total classes": 24,
        "Total predicates": 12,
        "Average population": 24.627450980392158,
        "Total claims": 26.0,
        "Total perspectives": 25.0,
        "Total conflicts": 0,
        "Total sources": 1.0,
        "Ratio claims to triples": 0.005313713468219906,
        "Ratio perspectives to triples": 0.005109339873288371,
        "Ratio conflicts to triples": 0.0,
        "Ratio perspectives to claims": 0.9615384615384616,
        "Ratio conflicts to claims": 0.0
    },
    {
        "turn": 19,
        "cardinality conflicts": 0,
        "negation conflicts": 0,
        "subject gaps": 2,
        "object gaps": 2,
        "statement novelty": 1,
        "subject novelty": 0,
        "object novelty": 0,
        "overlaps subject-predicate": 0,
        "overlaps predicate-object": 0,
        "trust": 0.5,
        "Average degree": 11.196367763904654,
        "Sparseness": 0.005202528856770696,
        "Shortest path": 2.7646063357754618,
        "Total triples": 4932.0,
        "Total classes": 24,
        "Total predicates": 12,
        "Average population": 24.80392156862745,
        "Total claims": 26.0,
        "Total perspectives": 25.0,
        "Total conflicts": 0,
        "Total sources": 1.0,
        "Ratio claims to triples": 0.0052716950527169504,
        "Ratio perspectives to triples": 0.005068937550689375,
        "Ratio conflicts to triples": 0.0,
        "Ratio perspectives to claims": 0.9615384615384616,
        "Ratio conflicts to claims": 0.0
    }
]