[
    {
        "turn": 0,
        "cardinality conflicts": 0,
        "negation conflicts": 0,
        "subject gaps": 2,
        "object gaps": 2,
        "statement novelty": 0,
        "subject novelty": 0,
        "object novelty": 1,
        "overlaps subject-predicate": 0,
        "overlaps predicate-object": 0,
        "trust": 0.5,
        "Average degree": 10.830188679245284,
        "Sparseness": 0.006964222143111427,
        "Shortest path": 2.619813796860298,
        "Total triples": 3444.0,
        "Total classes": 24,
        "Total predicates": 12,
        "Average population": 15.980392156862745,
        "Total claims": 14.0,
        "Total perspectives": 13.0,
        "Total conflicts": 0,
        "Total sources": 1.0,
        "Ratio claims to triples": 0.0040650406504065045,
        "Ratio perspectives to triples": 0.003774680603948897,
        "Ratio conflicts to triples": 0.0,
        "Ratio perspectives to claims": 0.9285714285714286,
        "Ratio conflicts to claims": 0.0
    },
    {
        "turn": 3,
        "cardinality conflicts": 0,
        "negation conflicts": 0,
        "subject gaps": 2,
        "object gaps": 2,
        "statement novelty": 0,
        "subject novelty": 1,
        "object novelty": 0,
        "overlaps subject-predicate": 0,
        "overlaps predicate-object": 2,
        "trust": 0.5,
        "Average degree": 10.819722650231125,
        "Sparseness": 0.006825719786990059,
        "Shortest path": 2.6286404534992105,
        "Total triples": 3511.0,
        "Total classes": 24,
        "Total predicates": 12,
        "Average population": 16.45098039215686,
        "Total claims": 15.0,
        "Total perspectives": 14.0,
        "Total conflicts": 0,
        "Total sources": 1.0,
        "Ratio claims to triples": 0.004272287097692965,
        "Ratio perspectives to triples": 0.003987467957846767,
        "Ratio conflicts to triples": 0.0,
        "Ratio perspectives to claims": 0.9333333333333333,
        "Ratio conflicts to claims": 0.0
    },
    {
        "turn": 5,
        "cardinality conflicts": 0,
        "negation conflicts": 0,
        "subject gaps": 2,
        "object gaps": 2,
        "statement novelty": 0,
        "subject novelty": 0,
        "object novelty": 1,
        "overlaps subject-predicate": 0,
        "overlaps predicate-object": 0,
        "trust": 0.5,
        "Average degree": 10.81694402420575,
        "Sparseness": 0.006706017792690212,
        "Shortest path": 2.6380461192866638,
        "Total triples": 3575.0,
        "Total classes": 24,
        "Total predicates": 12,
        "Average population": 16.901960784313726,
        "Total claims": 16.0,
        "Total perspectives": 15.0,
        "Total conflicts": 0,
        "Total sources": 1.0,
        "Ratio claims to triples": 0.0044755244755244755,
        "Ratio perspectives to triples": 0.004195804195804196,
        "Ratio conflicts to triples": 0.0,
        "Ratio perspectives to claims": 0.9375,
        "Ratio conflicts to claims": 0.0
    },
    {
        "turn": 7,
        "cardinality conflicts": 0,
        "negation conflicts": 0,
        "subject gaps": 2,
        "object gaps": 2,
        "statement novelty": 0,
        "subject novelty": 0,
        "object novelty": 1,
        "overlaps subject-predicate": 0,
        "overlaps predicate-object": 0,
        "trust": 0.5,
        "Average degree": 10.814264487369986,
        "Sparseness": 0.00659043691174555,
        "Shortest path": 2.647129059647633,
        "Total triples": 3639.0,
        "Total classes": 24,
        "Total predicates": 12,
        "Average population": 17.352941176470587,
        "Total claims": 17.0,
        "Total perspectives": 16.0,
        "Total conflicts": 0,
        "Total sources": 1.0,
        "Ratio claims to triples": 0.004671613080516625,
        "Ratio perspectives to triples": 0.004396812311074471,
        "Ratio conflicts to triples": 0.0,
        "Ratio perspectives to claims": 0.9411764705882353,
        "Ratio conflicts to claims": 0.0
    },
    {
        "turn": 9,
        "cardinality conflicts": 0,
        "negation conflicts": 0,
        "subject gaps": 2,
        "object gaps": 2,
        "statement novelty": 1,
        "subject novelty": 0,
        "object novelty": 0,
        "overlaps subject-predicate": 0,
        "overlaps predicate-object": 2,
        "trust": 0.5,
        "Average degree": 10.849557522123893,
        "Sparseness": 0.0065588534732555406,
        "Shortest path": 2.6509413820298646,
        "Total triples": 3678.0,
        "Total classes": 24,
        "Total predicates": 12,
        "Average population": 17.529411764705884,
        "Total claims": 17.0,
        "Total perspectives": 16.0,
        "Total conflicts": 0,
        "Total sources": 1.0,
        "Ratio claims to triples": 0.004622077215878194,
        "Ratio perspectives to triples": 0.004350190320826536,
        "Ratio conflicts to triples": 0.0,
        "Ratio perspectives to claims": 0.9411764705882353,
        "Ratio conflicts to claims": 0.0
    },
    {
        "turn": 11,
        "cardinality conflicts": 0,
        "negation conflicts": 0,
        "subject gaps": 2,
        "object gaps": 2,
        "statement novelty": 0,
        "subject novelty": 0,
        "object novelty": 1,
        "overlaps subject-predicate": 0,
        "overlaps predicate-object": 0,
        "trust": 0.5,
        "Average degree": 10.846376811594203,
        "Sparseness": 0.006448225162780929,
        "Shortest path": 2.659594876001767,
        "Total triples": 3742.0,
        "Total classes": 24,
        "Total predicates": 12,
        "Average population": 17.980392156862745,
        "Total claims": 18.0,
        "Total perspectives": 17.0,
        "Total conflicts": 0,
        "Total sources": 1.0,
        "Ratio claims to triples": 0.004810261892036344,
        "Ratio perspectives to triples": 0.004543025120256547,
        "Ratio conflicts to triples": 0.0,
        "Ratio perspectives to claims": 0.9444444444444444,
        "Ratio conflicts to claims": 0.0
    },
    {
        "turn": 13,
        "cardinality conflicts": 0,
        "negation conflicts": 0,
        "subject gaps": 2,
        "object gaps": 2,
        "statement novelty": 0,
        "subject novelty": 1,
        "object novelty": 1,
        "overlaps subject-predicate": 0,
        "overlaps predicate-object": 0,
        "trust": 0.5,
        "Average degree": 10.829545454545455,
        "Sparseness": 0.006317390883264462,
        "Shortest path": 2.6689350834087677,
        "Total triples": 3812.0,
        "Total classes": 24,
        "Total predicates": 12,
        "Average population": 18.50980392156863,
        "Total claims": 19.0,
        "Total perspectives": 18.0,
        "Total conflicts": 0,
        "Total sources": 1.0,
        "Ratio claims to triples": 0.004984260230849948,
        "Ratio perspectives to triples": 0.00472193074501574,
        "Ratio conflicts to triples": 0.0,
        "Ratio perspectives to claims": 0.9473684210526315,
        "Ratio conflicts to claims": 0.0
    },
    {
        "turn": 15,
        "cardinality conflicts": 0,
        "negation conflicts": 0,
        "subject gaps": 2,
        "object gaps": 2,
        "statement novelty": 1,
        "subject novelty": 0,
        "object novelty": 0,
        "overlaps subject-predicate": 0,
        "overlaps predicate-object": 0,
        "trust": 0.5,
        "Average degree": 10.863187588152327,
        "Sparseness": 0.006288282230679098,
        "Shortest path": 2.6724438813320264,
        "Total triples": 3851.0,
        "Total classes": 24,
        "Total predicates": 12,
        "Average population": 18.686274509803923,
        "Total claims": 19.0,
        "Total perspectives": 18.0,
        "Total conflicts": 0,
        "Total sources": 1.0,
        "Ratio claims to triples": 0.004933783432874578,
        "Ratio perspectives to triples": 0.004674110620618021,
        "Ratio conflicts to triples": 0.0,
        "Ratio perspectives to claims": 0.9473684210526315,
        "Ratio conflicts to claims": 0.0
    },
    {
        "turn": 17,
        "cardinality conflicts": 0,
        "negation conflicts": 0,
        "subject gaps": 2,
        "object gaps": 2,
        "statement novelty": 0,
        "subject novelty": 1,
        "object novelty": 1,
        "overlaps subject-predicate": 0,
        "overlaps predicate-object": 0,
        "trust": 0.5,
        "Average degree": 10.846473029045644,
        "Sparseness": 0.0061638057195984915,
        "Shortest path": 2.6813063451377954,
        "Total triples": 3921.0,
        "Total classes": 24,
        "Total predicates": 12,
        "Average population": 19.215686274509803,
        "Total claims": 20.0,
        "Total perspectives": 19.0,
        "Total conflicts": 0,
        "Total sources": 1.0,
        "Ratio claims to triples": 0.00510073960724305,
        "Ratio perspectives to triples": 0.004845702626880897,
        "Ratio conflicts to triples": 0.0,
        "Ratio perspectives to claims": 0.95,
        "Ratio conflicts to claims": 0.0
    },
    {
        "turn": 19,
        "cardinality conflicts": 0,
        "negation conflicts": 0,
        "subject gaps": 2,
        "object gaps": 2,
        "statement novelty": 1,
        "subject novelty": 0,
        "object novelty": 0,
        "overlaps subject-predicate": 0,
        "overlaps predicate-object": 0,
        "trust": 0.5,
        "Average degree": 10.87912087912088,
        "Sparseness": 0.006136034295374955,
        "Shortest path": 2.68464788306604,
        "Total triples": 3960.0,
        "Total classes": 24,
        "Total predicates": 12,
        "Average population": 19.392156862745097,
        "Total claims": 20.0,
        "Total perspectives": 19.0,
        "Total conflicts": 0,
        "Total sources": 1.0,
        "Ratio claims to triples": 0.005050505050505051,
        "Ratio perspectives to triples": 0.004797979797979798,
        "Ratio conflicts to triples": 0.0,
        "Ratio perspectives to claims": 0.95,
        "Ratio conflicts to claims": 0.0
    }
]