[
    {
        "turn": 0,
        "cardinality conflicts": 0,
        "negation conflicts": 0,
        "subject gaps": 2,
        "object gaps": 2,
        "statement novelty": 0,
        "subject novelty": 1,
        "object novelty": 0,
        "overlaps subject-predicate": 0,
        "overlaps predicate-object": 2,
        "trust": 0.5,
        "Average degree": 11.068376068376068,
        "Sparseness": 0.00642243163610685,
        "Shortest path": 2.672791413162312,
        "Total triples": 3885.0,
        "Total classes": 24,
        "Total predicates": 12,
        "Average population": 18.176470588235293,
        "Total claims": 16.0,
        "Total perspectives": 15.0,
        "Total conflicts": 0,
        "Total sources": 1.0,
        "Ratio claims to triples": 0.004118404118404118,
        "Ratio perspectives to triples": 0.003861003861003861,
        "Ratio conflicts to triples": 0.0,
        "Ratio perspectives to claims": 0.9375,
        "Ratio conflicts to claims": 0.0
    },
    {
        "turn": 3,
        "cardinality conflicts": 0,
        "negation conflicts": 0,
        "subject gaps": 2,
        "object gaps": 2,
        "statement novelty": 1,
        "subject novelty": 0,
        "object novelty": 0,
        "overlaps subject-predicate": 0,
        "overlaps predicate-object": 2,
        "trust": 0.5,
        "Average degree": 11.09322033898305,
        "Sparseness": 0.006379871684381882,
        "Shortest path": 2.6753609985695905,
        "Total triples": 3927.0,
        "Total classes": 24,
        "Total predicates": 12,
        "Average population": 18.372549019607842,
        "Total claims": 16.0,
        "Total perspectives": 15.0,
        "Total conflicts": 0,
        "Total sources": 1.0,
        "Ratio claims to triples": 0.004074357015533486,
        "Ratio perspectives to triples": 0.0038197097020626434,
        "Ratio conflicts to triples": 0.0,
        "Ratio perspectives to claims": 0.9375,
        "Ratio conflicts to claims": 0.0
    },
    {
        "turn": 5,
        "cardinality conflicts": 0,
        "negation conflicts": 0,
        "subject gaps": 2,
        "object gaps": 2,
        "statement novelty": 1,
        "subject novelty": 0,
        "object novelty": 0,
        "overlaps subject-predicate": 0,
        "overlaps predicate-object": 2,
        "trust": 0.5,
        "Average degree": 11.124824684431978,
        "Sparseness": 0.0063497184131998605,
        "Shortest path": 2.6788140000315175,
        "Total triples": 3966.0,
        "Total classes": 24,
        "Total predicates": 12,
        "Average population": 18.54901960784314,
        "Total claims": 16.0,
        "Total perspectives": 15.0,
        "Total conflicts": 0,
        "Total sources": 1.0,
        "Ratio claims to triples": 0.004034291477559254,
        "Ratio perspectives to triples": 0.0037821482602118004,
        "Ratio conflicts to triples": 0.0,
        "Ratio perspectives to claims": 0.9375,
        "Ratio conflicts to claims": 0.0
    },
    {
        "turn": 7,
        "cardinality conflicts": 0,
        "negation conflicts": 0,
        "subject gaps": 2,
        "object gaps": 2,
        "statement novelty": 1,
        "subject novelty": 0,
        "object novelty": 0,
        "overlaps subject-predicate": 0,
        "overlaps predicate-object": 2,
        "trust": 0.5,
        "Average degree": 11.155988857938718,
        "Sparseness": 0.0063197833660508535,
        "Shortest path": 2.682222040924154,
        "Total triples": 4005.0,
        "Total classes": 24,
        "Total predicates": 12,
        "Average population": 18.725490196078432,
        "Total claims": 16.0,
        "Total perspectives": 15.0,
        "Total conflicts": 0,
        "Total sources": 1.0,
        "Ratio claims to triples": 0.003995006242197253,
        "Ratio perspectives to triples": 0.003745318352059925,
        "Ratio conflicts to triples": 0.0,
        "Ratio perspectives to claims": 0.9375,
        "Ratio conflicts to claims": 0.0
    },
    {
        "turn": 9,
        "cardinality conflicts": 0,
        "negation conflicts": 0,
        "subject gaps": 2,
        "object gaps": 2,
        "statement novelty": 1,
        "subject novelty": 0,
        "object novelty": 0,
        "overlaps subject-predicate": 0,
        "overlaps predicate-object": 2,
        "trust": 0.5,
        "Average degree": 11.186721991701244,
        "Sparseness": 0.006290066171955258,
        "Shortest path": 2.6855859894330716,
        "Total triples": 4044.0,
        "Total classes": 24,
        "Total predicates": 12,
        "Average population": 18.901960784313726,
        "Total claims": 16.0,
        "Total perspectives": 15.0,
        "Total conflicts": 0,
        "Total sources": 1.0,
        "Ratio claims to triples": 0.003956478733926805,
        "Ratio perspectives to triples": 0.00370919881305638,
        "Ratio conflicts to triples": 0.0,
        "Ratio perspectives to claims": 0.9375,
        "Ratio conflicts to claims": 0.0
    },
    {
        "turn": 11,
        "cardinality conflicts": 0,
        "negation conflicts": 0,
        "subject gaps": 2,
        "object gaps": 2,
        "statement novelty": 1,
        "subject novelty": 1,
        "object novelty": 0,
        "overlaps subject-predicate": 0,
        "overlaps predicate-object": 3,
        "trust": 0.5,
        "Average degree": 11.220850480109739,
        "Sparseness": 0.006256574107003411,
        "Shortest path": 2.6879625861107344,
        "Total triples": 4090.0,
        "Total classes": 24,
        "Total predicates": 12,
        "Average population": 19.15686274509804,
        "Total claims": 16.0,
        "Total perspectives": 15.0,
        "Total conflicts": 0,
        "Total sources": 1.0,
        "Ratio claims to triples": 0.003911980440097799,
        "Ratio perspectives to triples": 0.003667481662591687,
        "Ratio conflicts to triples": 0.0,
        "Ratio perspectives to claims": 0.9375,
        "Ratio conflicts to claims": 0.0
    },
    {
        "turn": 13,
        "cardinality conflicts": 0,
        "negation conflicts": 0,
        "subject gaps": 2,
        "object gaps": 2,
        "statement novelty": 1,
        "subject novelty": 0,
        "object novelty": 0,
        "overlaps subject-predicate": 0,
        "overlaps predicate-object": 3,
        "trust": 0.5,
        "Average degree": 11.250681198910081,
        "Sparseness": 0.0062273088373957786,
        "Shortest path": 2.691243109017847,
        "Total triples": 4129.0,
        "Total classes": 24,
        "Total predicates": 12,
        "Average population": 19.333333333333332,
        "Total claims": 16.0,
        "Total perspectives": 15.0,
        "Total conflicts": 0,
        "Total sources": 1.0,
        "Ratio claims to triples": 0.003875030273674013,
        "Ratio perspectives to triples": 0.0036328408815693874,
        "Ratio conflicts to triples": 0.0,
        "Ratio perspectives to claims": 0.9375,
        "Ratio conflicts to claims": 0.0
    },
    {
        "turn": 15,
        "cardinality conflicts": 0,
        "negation conflicts": 0,
        "subject gaps": 2,
        "object gaps": 2,
        "statement novelty": 1,
        "subject novelty": 0,
        "object novelty": 0,
        "overlaps subject-predicate": 0,
        "overlaps predicate-object": 0,
        "trust": 0.5,
        "Average degree": 11.280108254397835,
        "Sparseness": 0.006198260092543594,
        "Shortest path": 2.694482032777026,
        "Total triples": 4168.0,
        "Total classes": 24,
        "Total predicates": 12,
        "Average population": 19.50980392156863,
        "Total claims": 16.0,
        "Total perspectives": 15.0,
        "Total conflicts": 0,
        "Total sources": 1.0,
        "Ratio claims to triples": 0.003838771593090211,
        "Ratio perspectives to triples": 0.003598848368522073,
        "Ratio conflicts to triples": 0.0,
        "Ratio perspectives to claims": 0.9375,
        "Ratio conflicts to claims": 0.0
    },
    {
        "turn": 17,
        "cardinality conflicts": 0,
        "negation conflicts": 0,
        "subject gaps": 2,
        "object gaps": 2,
        "statement novelty": 1,
        "subject novelty": 0,
        "object novelty": 0,
        "overlaps subject-predicate": 0,
        "overlaps predicate-object": 0,
        "trust": 0.5,
        "Average degree": 11.309139784946236,
        "Sparseness": 0.006169427101399005,
        "Shortest path": 2.697680140088858,
        "Total triples": 4207.0,
        "Total classes": 24,
        "Total predicates": 12,
        "Average population": 19.686274509803923,
        "Total claims": 16.0,
        "Total perspectives": 15.0,
        "Total conflicts": 0,
        "Total sources": 1.0,
        "Ratio claims to triples": 0.0038031851675778463,
        "Ratio perspectives to triples": 0.0035654860946042312,
        "Ratio conflicts to triples": 0.0,
        "Ratio perspectives to claims": 0.9375,
        "Ratio conflicts to claims": 0.0
    },
    {
        "turn": 19,
        "cardinality conflicts": 0,
        "negation conflicts": 0,
        "subject gaps": 2,
        "object gaps": 2,
        "statement novelty": 0,
        "subject novelty": 1,
        "object novelty": 0,
        "overlaps subject-predicate": 0,
        "overlaps predicate-object": 3,
        "trust": 0.5,
        "Average degree": 11.298941798941799,
        "Sparseness": 0.006071358584586098,
        "Shortest path": 2.704909071796489,
        "Total triples": 4271.0,
        "Total classes": 24,
        "Total predicates": 12,
        "Average population": 20.137254901960784,
        "Total claims": 17.0,
        "Total perspectives": 16.0,
        "Total conflicts": 0,
        "Total sources": 1.0,
        "Ratio claims to triples": 0.00398033247483025,
        "Ratio perspectives to triples": 0.003746195270428471,
        "Ratio conflicts to triples": 0.0,
        "Ratio perspectives to claims": 0.9411764705882353,
        "Ratio conflicts to claims": 0.0
    }
]