[
    {
        "turn": 0,
        "cardinality conflicts": 0,
        "negation conflicts": 0,
        "subject gaps": 2,
        "object gaps": 2,
        "statement novelty": 0,
        "subject novelty": 0,
        "object novelty": 1,
        "overlaps subject-predicate": 3,
        "overlaps predicate-object": 0,
        "trust": 0.5,
        "Average degree": 11.22663252240717,
        "Sparseness": 0.005854472663006324,
        "Shortest path": 2.715519222561476,
        "Total triples": 4384.0,
        "Total classes": 24,
        "Total predicates": 12,
        "Average population": 21.07843137254902,
        "Total claims": 18.0,
        "Total perspectives": 17.0,
        "Total conflicts": 0,
        "Total sources": 1.0,
        "Ratio claims to triples": 0.004105839416058394,
        "Ratio perspectives to triples": 0.0038777372262773723,
        "Ratio conflicts to triples": 0.0,
        "Ratio perspectives to claims": 0.9444444444444444,
        "Ratio conflicts to claims": 0.0
    },
    {
        "turn": 3,
        "cardinality conflicts": 0,
        "negation conflicts": 0,
        "subject gaps": 2,
        "object gaps": 2,
        "statement novelty": 0,
        "subject novelty": 0,
        "object novelty": 1,
        "overlaps subject-predicate": 1,
        "overlaps predicate-object": 0,
        "trust": 0.5,
        "Average degree": 11.211586901763225,
        "Sparseness": 0.005756333711907315,
        "Shortest path": 2.721273358511662,
        "Total triples": 4451.0,
        "Total classes": 24,
        "Total predicates": 12,
        "Average population": 21.54901960784314,
        "Total claims": 19.0,
        "Total perspectives": 18.0,
        "Total conflicts": 0,
        "Total sources": 1.0,
        "Ratio claims to triples": 0.004268703662098405,
        "Ratio perspectives to triples": 0.004044035048303752,
        "Ratio conflicts to triples": 0.0,
        "Ratio perspectives to claims": 0.9473684210526315,
        "Ratio conflicts to claims": 0.0
    },
    {
        "turn": 5,
        "cardinality conflicts": 0,
        "negation conflicts": 0,
        "subject gaps": 2,
        "object gaps": 2,
        "statement novelty": 1,
        "subject novelty": 0,
        "object novelty": 1,
        "overlaps subject-predicate": 2,
        "overlaps predicate-object": 0,
        "trust": 0.5,
        "Average degree": 11.2425,
        "Sparseness": 0.005728125,
        "Shortest path": 2.723213391739675,
        "Total triples": 4497.0,
        "Total classes": 24,
        "Total predicates": 12,
        "Average population": 21.80392156862745,
        "Total claims": 19.0,
        "Total perspectives": 18.0,
        "Total conflicts": 0,
        "Total sources": 1.0,
        "Ratio claims to triples": 0.004225038914832111,
        "Ratio perspectives to triples": 0.004002668445630421,
        "Ratio conflicts to triples": 0.0,
        "Ratio perspectives to claims": 0.9473684210526315,
        "Ratio conflicts to claims": 0.0
    },
    {
        "turn": 7,
        "cardinality conflicts": 0,
        "negation conflicts": 0,
        "subject gaps": 2,
        "object gaps": 2,
        "statement novelty": 0,
        "subject novelty": 0,
        "object novelty": 1,
        "overlaps subject-predicate": 0,
        "overlaps predicate-object": 0,
        "trust": 0.5,
        "Average degree": 11.233990147783251,
        "Sparseness": 0.005643488072993763,
        "Shortest path": 2.729589450474692,
        "Total triples": 4561.0,
        "Total classes": 24,
        "Total predicates": 12,
        "Average population": 22.254901960784313,
        "Total claims": 20.0,
        "Total perspectives": 19.0,
        "Total conflicts": 0,
        "Total sources": 1.0,
        "Ratio claims to triples": 0.0043850032887524665,
        "Ratio perspectives to triples": 0.0041657531243148435,
        "Ratio conflicts to triples": 0.0,
        "Ratio perspectives to claims": 0.95,
        "Ratio conflicts to claims": 0.0
    },
    {
        "turn": 9,
        "cardinality conflicts": 0,
        "negation conflicts": 0,
        "subject gaps": 2,
        "object gaps": 2,
        "statement novelty": 1,
        "subject novelty": 0,
        "object novelty": 0,
        "overlaps subject-predicate": 0,
        "overlaps predicate-object": 0,
        "trust": 0.5,
        "Average degree": 11.260709914320685,
        "Sparseness": 0.0056195682625481466,
        "Shortest path": 2.732309141526868,
        "Total triples": 4600.0,
        "Total classes": 24,
        "Total predicates": 12,
        "Average population": 22.431372549019606,
        "Total claims": 20.0,
        "Total perspectives": 19.0,
        "Total conflicts": 0,
        "Total sources": 1.0,
        "Ratio claims to triples": 0.004347826086956522,
        "Ratio perspectives to triples": 0.004130434782608695,
        "Ratio conflicts to triples": 0.0,
        "Ratio perspectives to claims": 0.95,
        "Ratio conflicts to claims": 0.0
    },
    {
        "turn": 11,
        "cardinality conflicts": 0,
        "negation conflicts": 0,
        "subject gaps": 2,
        "object gaps": 2,
        "statement novelty": 0,
        "subject novelty": 0,
        "object novelty": 0,
        "overlaps subject-predicate": 0,
        "overlaps predicate-object": 2,
        "trust": 0.5,
        "Average degree": 11.264812575574366,
        "Sparseness": 0.0055561322885855115,
        "Shortest path": 2.7377697620560326,
        "Total triples": 4658.0,
        "Total classes": 24,
        "Total predicates": 12,
        "Average population": 22.80392156862745,
        "Total claims": 21.0,
        "Total perspectives": 20.0,
        "Total conflicts": 0,
        "Total sources": 1.0,
        "Ratio claims to triples": 0.004508372692142551,
        "Ratio perspectives to triples": 0.004293688278231,
        "Ratio conflicts to triples": 0.0,
        "Ratio perspectives to claims": 0.9523809523809523,
        "Ratio conflicts to claims": 0.0
    },
    {
        "turn": 13,
        "cardinality conflicts": 0,
        "negation conflicts": 0,
        "subject gaps": 2,
        "object gaps": 2,
        "statement novelty": 1,
        "subject novelty": 1,
        "object novelty": 0,
        "overlaps subject-predicate": 0,
        "overlaps predicate-object": 3,
        "trust": 0.5,
        "Average degree": 11.294117647058824,
        "Sparseness": 0.005529702877549579,
        "Shortest path": 2.73951022716779,
        "Total triples": 4704.0,
        "Total classes": 24,
        "Total predicates": 12,
        "Average population": 23.058823529411764,
        "Total claims": 21.0,
        "Total perspectives": 20.0,
        "Total conflicts": 0,
        "Total sources": 1.0,
        "Ratio claims to triples": 0.004464285714285714,
        "Ratio perspectives to triples": 0.004251700680272109,
        "Ratio conflicts to triples": 0.0,
        "Ratio perspectives to claims": 0.9523809523809523,
        "Ratio conflicts to claims": 0.0
    },
    {
        "turn": 15,
        "cardinality conflicts": 0,
        "negation conflicts": 0,
        "subject gaps": 2,
        "object gaps": 2,
        "statement novelty": 1,
        "subject novelty": 0,
        "object novelty": 0,
        "overlaps subject-predicate": 0,
        "overlaps predicate-object": 3,
        "trust": 0.5,
        "Average degree": 11.319809069212411,
        "Sparseness": 0.005506633022140453,
        "Shortest path": 2.742109420221669,
        "Total triples": 4743.0,
        "Total classes": 24,
        "Total predicates": 12,
        "Average population": 23.235294117647058,
        "Total claims": 21.0,
        "Total perspectives": 20.0,
        "Total conflicts": 0,
        "Total sources": 1.0,
        "Ratio claims to triples": 0.004427577482605946,
        "Ratio perspectives to triples": 0.00421674045962471,
        "Ratio conflicts to triples": 0.0,
        "Ratio perspectives to claims": 0.9523809523809523,
        "Ratio conflicts to claims": 0.0
    },
    {
        "turn": 17,
        "cardinality conflicts": 0,
        "negation conflicts": 0,
        "subject gaps": 2,
        "object gaps": 2,
        "statement novelty": 1,
        "subject novelty": 0,
        "object novelty": 0,
        "overlaps subject-predicate": 0,
        "overlaps predicate-object": 3,
        "trust": 0.5,
        "Average degree": 11.345195729537366,
        "Sparseness": 0.005483719811045959,
        "Shortest path": 2.744679532153856,
        "Total triples": 4782.0,
        "Total classes": 24,
        "Total predicates": 12,
        "Average population": 23.41176470588235,
        "Total claims": 21.0,
        "Total perspectives": 20.0,
        "Total conflicts": 0,
        "Total sources": 1.0,
        "Ratio claims to triples": 0.00439146800501882,
        "Ratio perspectives to triples": 0.004182350480970306,
        "Ratio conflicts to triples": 0.0,
        "Ratio perspectives to claims": 0.9523809523809523,
        "Ratio conflicts to claims": 0.0
    },
    {
        "turn": 19,
        "cardinality conflicts": 0,
        "negation conflicts": 0,
        "subject gaps": 2,
        "object gaps": 2,
        "statement novelty": 1,
        "subject novelty": 0,
        "object novelty": 0,
        "overlaps subject-predicate": 0,
        "overlaps predicate-object": 2,
        "trust": 0.5,
        "Average degree": 11.370283018867925,
        "Sparseness": 0.005460962531149876,
        "Shortest path": 2.74722104653494,
        "Total triples": 4821.0,
        "Total classes": 24,
        "Total predicates": 12,
        "Average population": 23.58823529411765,
        "Total claims": 21.0,
        "Total perspectives": 20.0,
        "Total conflicts": 0,
        "Total sources": 1.0,
        "Ratio claims to triples": 0.0043559427504667085,
        "Ratio perspectives to triples": 0.004148516905206389,
        "Ratio conflicts to triples": 0.0,
        "Ratio perspectives to claims": 0.9523809523809523,
        "Ratio conflicts to claims": 0.0
    }
]