[
    {
        "turn": 0,
        "cardinality conflicts": 0,
        "negation conflicts": 0,
        "subject gaps": 2,
        "object gaps": 2,
        "statement novelty": 1,
        "subject novelty": 0,
        "object novelty": 0,
        "overlaps subject-predicate": 0,
        "overlaps predicate-object": 1,
        "trust": 0.5,
        "Average degree": 11.315032679738563,
        "Sparseness": 0.006006236917424922,
        "Shortest path": 2.7069602710194025,
        "Total triples": 4328.0,
        "Total classes": 24,
        "Total predicates": 12,
        "Average population": 20.45098039215686,
        "Total claims": 16.0,
        "Total perspectives": 15.0,
        "Total conflicts": 0,
        "Total sources": 1.0,
        "Ratio claims to triples": 0.0036968576709796672,
        "Ratio perspectives to triples": 0.003465804066543438,
        "Ratio conflicts to triples": 0.0,
        "Ratio perspectives to claims": 0.9375,
        "Ratio conflicts to claims": 0.0
    },
    {
        "turn": 3,
        "cardinality conflicts": 0,
        "negation conflicts": 0,
        "subject gaps": 2,
        "object gaps": 2,
        "statement novelty": 1,
        "subject novelty": 1,
        "object novelty": 0,
        "overlaps subject-predicate": 0,
        "overlaps predicate-object": 2,
        "trust": 0.5,
        "Average degree": 11.339378238341968,
        "Sparseness": 0.005964925232892158,
        "Shortest path": 2.708171206225681,
        "Total triples": 4377.0,
        "Total classes": 24,
        "Total predicates": 12,
        "Average population": 20.725490196078432,
        "Total claims": 16.0,
        "Total perspectives": 15.0,
        "Total conflicts": 0,
        "Total sources": 1.0,
        "Ratio claims to triples": 0.003655471784327165,
        "Ratio perspectives to triples": 0.003427004797806717,
        "Ratio conflicts to triples": 0.0,
        "Ratio perspectives to claims": 0.9375,
        "Ratio conflicts to claims": 0.0
    },
    {
        "turn": 5,
        "cardinality conflicts": 0,
        "negation conflicts": 0,
        "subject gaps": 2,
        "object gaps": 2,
        "statement novelty": 1,
        "subject novelty": 1,
        "object novelty": 0,
        "overlaps subject-predicate": 0,
        "overlaps predicate-object": 2,
        "trust": 0.5,
        "Average degree": 11.370179948586118,
        "Sparseness": 0.005934404345728617,
        "Shortest path": 2.7102659030679597,
        "Total triples": 4423.0,
        "Total classes": 24,
        "Total predicates": 12,
        "Average population": 20.980392156862745,
        "Total claims": 16.0,
        "Total perspectives": 15.0,
        "Total conflicts": 0,
        "Total sources": 1.0,
        "Ratio claims to triples": 0.0036174542165950713,
        "Ratio perspectives to triples": 0.003391363328057879,
        "Ratio conflicts to triples": 0.0,
        "Ratio perspectives to claims": 0.9375,
        "Ratio conflicts to claims": 0.0
    },
    {
        "turn": 7,
        "cardinality conflicts": 0,
        "negation conflicts": 0,
        "subject gaps": 2,
        "object gaps": 2,
        "statement novelty": 1,
        "subject novelty": 0,
        "object novelty": 0,
        "overlaps subject-predicate": 0,
        "overlaps predicate-object": 2,
        "trust": 0.5,
        "Average degree": 11.397190293742018,
        "Sparseness": 0.00590778826565148,
        "Shortest path": 2.713221820462318,
        "Total triples": 4462.0,
        "Total classes": 24,
        "Total predicates": 12,
        "Average population": 21.15686274509804,
        "Total claims": 16.0,
        "Total perspectives": 15.0,
        "Total conflicts": 0,
        "Total sources": 1.0,
        "Ratio claims to triples": 0.003585835948005379,
        "Ratio perspectives to triples": 0.0033617212012550424,
        "Ratio conflicts to triples": 0.0,
        "Ratio perspectives to claims": 0.9375,
        "Ratio conflicts to claims": 0.0
    },
    {
        "turn": 9,
        "cardinality conflicts": 0,
        "negation conflicts": 0,
        "subject gaps": 2,
        "object gaps": 2,
        "statement novelty": 1,
        "subject novelty": 0,
        "object novelty": 0,
        "overlaps subject-predicate": 0,
        "overlaps predicate-object": 2,
        "trust": 0.5,
        "Average degree": 11.423857868020304,
        "Sparseness": 0.00588136772398155,
        "Shortest path": 2.7161391649842943,
        "Total triples": 4501.0,
        "Total classes": 24,
        "Total predicates": 12,
        "Average population": 21.333333333333332,
        "Total claims": 16.0,
        "Total perspectives": 15.0,
        "Total conflicts": 0,
        "Total sources": 1.0,
        "Ratio claims to triples": 0.003554765607642746,
        "Ratio perspectives to triples": 0.0033325927571650742,
        "Ratio conflicts to triples": 0.0,
        "Ratio perspectives to claims": 0.9375,
        "Ratio conflicts to claims": 0.0
    },
    {
        "turn": 11,
        "cardinality conflicts": 1,
        "negation conflicts": 0,
        "subject gaps": 2,
        "object gaps": 2,
        "statement novelty": 0,
        "subject novelty": 0,
        "object novelty": 0,
        "overlaps subject-predicate": 1,
        "overlaps predicate-object": 0,
        "trust": 0.5,
        "Average degree": 11.42177722152691,
        "Sparseness": 0.005803562337778293,
        "Shortest path": 2.7235767767353303,
        "Total triples": 4563.0,
        "Total classes": 24,
        "Total predicates": 12,
        "Average population": 21.764705882352942,
        "Total claims": 17.0,
        "Total perspectives": 16.0,
        "Total conflicts": 0,
        "Total sources": 1.0,
        "Ratio claims to triples": 0.003725619110234495,
        "Ratio perspectives to triples": 0.0035064650449265836,
        "Ratio conflicts to triples": 0.0,
        "Ratio perspectives to claims": 0.9411764705882353,
        "Ratio conflicts to claims": 0.0
    },
    {
        "turn": 13,
        "cardinality conflicts": 0,
        "negation conflicts": 0,
        "subject gaps": 2,
        "object gaps": 2,
        "statement novelty": 0,
        "subject novelty": 0,
        "object novelty": 1,
        "overlaps subject-predicate": 0,
        "overlaps predicate-object": 0,
        "trust": 0.5,
        "Average degree": 11.410604192355118,
        "Sparseness": 0.005716709668689307,
        "Shortest path": 2.7299630086313194,
        "Total triples": 4627.0,
        "Total classes": 24,
        "Total predicates": 12,
        "Average population": 22.215686274509803,
        "Total claims": 18.0,
        "Total perspectives": 17.0,
        "Total conflicts": 0,
        "Total sources": 1.0,
        "Ratio claims to triples": 0.0038902096390749947,
        "Ratio perspectives to triples": 0.003674086881348606,
        "Ratio conflicts to triples": 0.0,
        "Ratio perspectives to claims": 0.9444444444444444,
        "Ratio conflicts to claims": 0.0
    },
    {
        "turn": 15,
        "cardinality conflicts": 0,
        "negation conflicts": 0,
        "subject gaps": 2,
        "object gaps": 2,
        "statement novelty": 1,
        "subject novelty": 0,
        "object novelty": 0,
        "overlaps subject-predicate": 0,
        "overlaps predicate-object": 0,
        "trust": 0.5,
        "Average degree": 11.436274509803921,
        "Sparseness": 0.005691921376393695,
        "Shortest path": 2.7326867556838685,
        "Total triples": 4666.0,
        "Total classes": 24,
        "Total predicates": 12,
        "Average population": 22.392156862745097,
        "Total claims": 18.0,
        "Total perspectives": 17.0,
        "Total conflicts": 0,
        "Total sources": 1.0,
        "Ratio claims to triples": 0.0038576939562794685,
        "Ratio perspectives to triples": 0.0036433776253750536,
        "Ratio conflicts to triples": 0.0,
        "Ratio perspectives to claims": 0.9444444444444444,
        "Ratio conflicts to claims": 0.0
    },
    {
        "turn": 17,
        "cardinality conflicts": 0,
        "negation conflicts": 0,
        "subject gaps": 2,
        "object gaps": 2,
        "statement novelty": 0,
        "subject novelty": 0,
        "object novelty": 1,
        "overlaps subject-predicate": 0,
        "overlaps predicate-object": 0,
        "trust": 0.5,
        "Average degree": 11.42512077294686,
        "Sparseness": 0.0056083572545450305,
        "Shortest path": 2.738817914702463,
        "Total triples": 4730.0,
        "Total classes": 24,
        "Total predicates": 12,
        "Average population": 22.84313725490196,
        "Total claims": 19.0,
        "Total perspectives": 18.0,
        "Total conflicts": 0,
        "Total sources": 1.0,
        "Ratio claims to triples": 0.0040169133192389005,
        "Ratio perspectives to triples": 0.0038054968287526427,
        "Ratio conflicts to triples": 0.0,
        "Ratio perspectives to claims": 0.9473684210526315,
        "Ratio conflicts to claims": 0.0
    },
    {
        "turn": 19,
        "cardinality conflicts": 0,
        "negation conflicts": 0,
        "subject gaps": 2,
        "object gaps": 2,
        "statement novelty": 1,
        "subject novelty": 0,
        "object novelty": 0,
        "overlaps subject-predicate": 0,
        "overlaps predicate-object": 0,
        "trust": 0.5,
        "Average degree": 11.450180072028811,
        "Sparseness": 0.005584466679829194,
        "Shortest path": 2.741437921322375,
        "Total triples": 4769.0,
        "Total classes": 24,
        "Total predicates": 12,
        "Average population": 23.019607843137255,
        "Total claims": 19.0,
        "Total perspectives": 18.0,
        "Total conflicts": 0,
        "Total sources": 1.0,
        "Ratio claims to triples": 0.00398406374501992,
        "Ratio perspectives to triples": 0.003774376179492556,
        "Ratio conflicts to triples": 0.0,
        "Ratio perspectives to claims": 0.9473684210526315,
        "Ratio conflicts to claims": 0.0
    }
]