[
    {
        "turn": 0,
        "cardinality conflicts": 0,
        "negation conflicts": 0,
        "subject gaps": 2,
        "object gaps": 2,
        "statement novelty": 0,
        "subject novelty": 1,
        "object novelty": 1,
        "overlaps subject-predicate": 0,
        "overlaps predicate-object": 0,
        "trust": 0.5,
        "Average degree": 10.774436090225564,
        "Sparseness": 0.008239583922211543,
        "Shortest path": 2.5169987114679353,
        "Total triples": 2866.0,
        "Total classes": 24,
        "Total predicates": 12,
        "Average population": 12.254901960784315,
        "Total claims": 7.0,
        "Total perspectives": 6.0,
        "Total conflicts": 0,
        "Total sources": 1.0,
        "Ratio claims to triples": 0.0024424284717376133,
        "Ratio perspectives to triples": 0.00209351011863224,
        "Ratio conflicts to triples": 0.0,
        "Ratio perspectives to claims": 0.8571428571428571,
        "Ratio conflicts to claims": 0.0
    },
    {
        "turn": 3,
        "cardinality conflicts": 0,
        "negation conflicts": 0,
        "subject gaps": 2,
        "object gaps": 2,
        "statement novelty": 0,
        "subject novelty": 0,
        "object novelty": 1,
        "overlaps subject-predicate": 1,
        "overlaps predicate-object": 0,
        "trust": 0.5,
        "Average degree": 10.763302752293578,
        "Sparseness": 0.008046460735628314,
        "Shortest path": 2.5297288181327575,
        "Total triples": 2933.0,
        "Total classes": 24,
        "Total predicates": 12,
        "Average population": 12.72549019607843,
        "Total claims": 8.0,
        "Total perspectives": 7.0,
        "Total conflicts": 0,
        "Total sources": 1.0,
        "Ratio claims to triples": 0.002727582679849983,
        "Ratio perspectives to triples": 0.002386634844868735,
        "Ratio conflicts to triples": 0.0,
        "Ratio perspectives to claims": 0.875,
        "Ratio conflicts to claims": 0.0
    },
    {
        "turn": 5,
        "cardinality conflicts": 0,
        "negation conflicts": 0,
        "subject gaps": 2,
        "object gaps": 2,
        "statement novelty": 1,
        "subject novelty": 0,
        "object novelty": 0,
        "overlaps subject-predicate": 1,
        "overlaps predicate-object": 0,
        "trust": 0.5,
        "Average degree": 10.807272727272727,
        "Sparseness": 0.008,
        "Shortest path": 2.535366782579897,
        "Total triples": 2972.0,
        "Total classes": 24,
        "Total predicates": 12,
        "Average population": 12.901960784313726,
        "Total claims": 8.0,
        "Total perspectives": 7.0,
        "Total conflicts": 0,
        "Total sources": 1.0,
        "Ratio claims to triples": 0.0026917900403768506,
        "Ratio perspectives to triples": 0.0023553162853297443,
        "Ratio conflicts to triples": 0.0,
        "Ratio perspectives to claims": 0.875,
        "Ratio conflicts to claims": 0.0
    },
    {
        "turn": 7,
        "cardinality conflicts": 0,
        "negation conflicts": 0,
        "subject gaps": 2,
        "object gaps": 2,
        "statement novelty": 1,
        "subject novelty": 0,
        "object novelty": 1,
        "overlaps subject-predicate": 2,
        "overlaps predicate-object": 0,
        "trust": 0.5,
        "Average degree": 10.856115107913668,
        "Sparseness": 0.007947958180218415,
        "Shortest path": 2.539924816903234,
        "Total triples": 3018.0,
        "Total classes": 24,
        "Total predicates": 12,
        "Average population": 13.156862745098039,
        "Total claims": 8.0,
        "Total perspectives": 7.0,
        "Total conflicts": 0,
        "Total sources": 1.0,
        "Ratio claims to triples": 0.0026507620941020544,
        "Ratio perspectives to triples": 0.0023194168323392977,
        "Ratio conflicts to triples": 0.0,
        "Ratio perspectives to claims": 0.875,
        "Ratio conflicts to claims": 0.0
    },
    {
        "turn": 9,
        "cardinality conflicts": 0,
        "negation conflicts": 0,
        "subject gaps": 2,
        "object gaps": 2,
        "statement novelty": 1,
        "subject novelty": 0,
        "object novelty": 1,
        "overlaps subject-predicate": 2,
        "overlaps predicate-object": 0,
        "trust": 0.5,
        "Average degree": 10.90391459074733,
        "Sparseness": 0.007896303238307518,
        "Shortest path": 2.5443951763817787,
        "Total triples": 3064.0,
        "Total classes": 24,
        "Total predicates": 12,
        "Average population": 13.411764705882353,
        "Total claims": 8.0,
        "Total perspectives": 7.0,
        "Total conflicts": 0,
        "Total sources": 1.0,
        "Ratio claims to triples": 0.0026109660574412533,
        "Ratio perspectives to triples": 0.0022845953002610967,
        "Ratio conflicts to triples": 0.0,
        "Ratio perspectives to claims": 0.875,
        "Ratio conflicts to claims": 0.0
    },
    {
        "turn": 11,
        "cardinality conflicts": 0,
        "negation conflicts": 0,
        "subject gaps": 2,
        "object gaps": 2,
        "statement novelty": 0,
        "subject novelty": 0,
        "object novelty": 0,
        "overlaps subject-predicate": 0,
        "overlaps predicate-object": 1,
        "trust": 0.5,
        "Average degree": 10.916083916083917,
        "Sparseness": 0.007772384957699643,
        "Shortest path": 2.555276597308121,
        "Total triples": 3122.0,
        "Total classes": 24,
        "Total predicates": 12,
        "Average population": 13.784313725490197,
        "Total claims": 9.0,
        "Total perspectives": 8.0,
        "Total conflicts": 0,
        "Total sources": 1.0,
        "Ratio claims to triples": 0.0028827674567584883,
        "Ratio perspectives to triples": 0.0025624599615631004,
        "Ratio conflicts to triples": 0.0,
        "Ratio perspectives to claims": 0.8888888888888888,
        "Ratio conflicts to claims": 0.0
    },
    {
        "turn": 13,
        "cardinality conflicts": 0,
        "negation conflicts": 0,
        "subject gaps": 2,
        "object gaps": 2,
        "statement novelty": 1,
        "subject novelty": 0,
        "object novelty": 0,
        "overlaps subject-predicate": 0,
        "overlaps predicate-object": 2,
        "trust": 0.5,
        "Average degree": 10.960138648180243,
        "Sparseness": 0.0077313781617101545,
        "Shortest path": 2.5604479587906797,
        "Total triples": 3162.0,
        "Total classes": 24,
        "Total predicates": 12,
        "Average population": 13.96078431372549,
        "Total claims": 9.0,
        "Total perspectives": 8.0,
        "Total conflicts": 0,
        "Total sources": 1.0,
        "Ratio claims to triples": 0.0028462998102466793,
        "Ratio perspectives to triples": 0.002530044275774826,
        "Ratio conflicts to triples": 0.0,
        "Ratio perspectives to claims": 0.8888888888888888,
        "Ratio conflicts to claims": 0.0
    },
    {
        "turn": 15,
        "cardinality conflicts": 0,
        "negation conflicts": 0,
        "subject gaps": 2,
        "object gaps": 2,
        "statement novelty": 1,
        "subject novelty": 0,
        "object novelty": 0,
        "overlaps subject-predicate": 0,
        "overlaps predicate-object": 2,
        "trust": 0.5,
        "Average degree": 11.0,
        "Sparseness": 0.007687674921174762,
        "Shortest path": 2.5655552992529764,
        "Total triples": 3201.0,
        "Total classes": 24,
        "Total predicates": 12,
        "Average population": 14.137254901960784,
        "Total claims": 9.0,
        "Total perspectives": 8.0,
        "Total conflicts": 0,
        "Total sources": 1.0,
        "Ratio claims to triples": 0.0028116213683223993,
        "Ratio perspectives to triples": 0.002499218994064355,
        "Ratio conflicts to triples": 0.0,
        "Ratio perspectives to claims": 0.8888888888888888,
        "Ratio conflicts to claims": 0.0
    },
    {
        "turn": 17,
        "cardinality conflicts": 0,
        "negation conflicts": 0,
        "subject gaps": 2,
        "object gaps": 2,
        "statement novelty": 0,
        "subject novelty": 0,
        "object novelty": 1,
        "overlaps subject-predicate": 0,
        "overlaps predicate-object": 0,
        "trust": 0.5,
        "Average degree": 10.993265993265993,
        "Sparseness": 0.007536079084900634,
        "Shortest path": 2.5772111218991487,
        "Total triples": 3265.0,
        "Total classes": 24,
        "Total predicates": 12,
        "Average population": 14.588235294117647,
        "Total claims": 10.0,
        "Total perspectives": 9.0,
        "Total conflicts": 0,
        "Total sources": 1.0,
        "Ratio claims to triples": 0.0030627871362940277,
        "Ratio perspectives to triples": 0.0027565084226646246,
        "Ratio conflicts to triples": 0.0,
        "Ratio perspectives to claims": 0.9,
        "Ratio conflicts to claims": 0.0
    },
    {
        "turn": 19,
        "cardinality conflicts": 0,
        "negation conflicts": 0,
        "subject gaps": 2,
        "object gaps": 2,
        "statement novelty": 0,
        "subject novelty": 1,
        "object novelty": 1,
        "overlaps subject-predicate": 0,
        "overlaps predicate-object": 0,
        "trust": 0.5,
        "Average degree": 10.970394736842104,
        "Sparseness": 0.00735803324099723,
        "Shortest path": 2.58980750888754,
        "Total triples": 3335.0,
        "Total classes": 24,
        "Total predicates": 12,
        "Average population": 15.117647058823529,
        "Total claims": 11.0,
        "Total perspectives": 10.0,
        "Total conflicts": 0,
        "Total sources": 1.0,
        "Ratio claims to triples": 0.003298350824587706,
        "Ratio perspectives to triples": 0.0029985007496251873,
        "Ratio conflicts to triples": 0.0,
        "Ratio perspectives to claims": 0.9090909090909091,
        "Ratio conflicts to claims": 0.0
    }
]