[
    {
        "turn": 0,
        "cardinality conflicts": 0,
        "negation conflicts": 0,
        "subject gaps": 2,
        "object gaps": 2,
        "statement novelty": 0,
        "subject novelty": 0,
        "object novelty": 0,
        "overlaps subject-predicate": 0,
        "overlaps predicate-object": 2,
        "trust": 0.5,
        "Average degree": 10.882903981264636,
        "Sparseness": 0.00525698051324803,
        "Shortest path": 2.7524894915589284,
        "Total triples": 4647.0,
        "Total classes": 24,
        "Total predicates": 12,
        "Average population": 23.941176470588236,
        "Total claims": 29.0,
        "Total perspectives": 28.0,
        "Total conflicts": 0,
        "Total sources": 1.0,
        "Ratio claims to triples": 0.006240585323864859,
        "Ratio perspectives to triples": 0.006025392726490208,
        "Ratio conflicts to triples": 0.0,
        "Ratio perspectives to claims": 0.9655172413793104,
        "Ratio conflicts to claims": 0.0
    },
    {
        "turn": 3,
        "cardinality conflicts": 0,
        "negation conflicts": 0,
        "subject gaps": 2,
        "object gaps": 2,
        "statement novelty": 1,
        "subject novelty": 0,
        "object novelty": 0,
        "overlaps subject-predicate": 0,
        "overlaps predicate-object": 3,
        "trust": 0.5,
        "Average degree": 10.904651162790698,
        "Sparseness": 0.005228501892915089,
        "Shortest path": 2.7540975173944826,
        "Total triples": 4689.0,
        "Total classes": 24,
        "Total predicates": 12,
        "Average population": 24.137254901960784,
        "Total claims": 29.0,
        "Total perspectives": 28.0,
        "Total conflicts": 0,
        "Total sources": 1.0,
        "Ratio claims to triples": 0.00618468756664534,
        "Ratio perspectives to triples": 0.005971422478140328,
        "Ratio conflicts to triples": 0.0,
        "Ratio perspectives to claims": 0.9655172413793104,
        "Ratio conflicts to claims": 0.0
    },
    {
        "turn": 5,
        "cardinality conflicts": 0,
        "negation conflicts": 0,
        "subject gaps": 2,
        "object gaps": 2,
        "statement novelty": 1,
        "subject novelty": 0,
        "object novelty": 0,
        "overlaps subject-predicate": 0,
        "overlaps predicate-object": 3,
        "trust": 0.5,
        "Average degree": 10.931791907514452,
        "Sparseness": 0.005208326372414715,
        "Shortest path": 2.7565483836437594,
        "Total triples": 4728.0,
        "Total classes": 24,
        "Total predicates": 12,
        "Average population": 24.313725490196077,
        "Total claims": 29.0,
        "Total perspectives": 28.0,
        "Total conflicts": 0,
        "Total sources": 1.0,
        "Ratio claims to triples": 0.006133671742808798,
        "Ratio perspectives to triples": 0.005922165820642978,
        "Ratio conflicts to triples": 0.0,
        "Ratio perspectives to claims": 0.9655172413793104,
        "Ratio conflicts to claims": 0.0
    },
    {
        "turn": 7,
        "cardinality conflicts": 0,
        "negation conflicts": 0,
        "subject gaps": 2,
        "object gaps": 2,
        "statement novelty": 1,
        "subject novelty": 0,
        "object novelty": 0,
        "overlaps subject-predicate": 0,
        "overlaps predicate-object": 1,
        "trust": 0.5,
        "Average degree": 10.958620689655172,
        "Sparseness": 0.005188267934998018,
        "Shortest path": 2.758956655159187,
        "Total triples": 4767.0,
        "Total classes": 24,
        "Total predicates": 12,
        "Average population": 24.49019607843137,
        "Total claims": 29.0,
        "Total perspectives": 28.0,
        "Total conflicts": 0,
        "Total sources": 1.0,
        "Ratio claims to triples": 0.006083490664988462,
        "Ratio perspectives to triples": 0.005873715124816446,
        "Ratio conflicts to triples": 0.0,
        "Ratio perspectives to claims": 0.9655172413793104,
        "Ratio conflicts to claims": 0.0
    },
    {
        "turn": 9,
        "cardinality conflicts": 0,
        "negation conflicts": 0,
        "subject gaps": 2,
        "object gaps": 2,
        "statement novelty": 1,
        "subject novelty": 0,
        "object novelty": 0,
        "overlaps subject-predicate": 0,
        "overlaps predicate-object": 0,
        "trust": 0.5,
        "Average degree": 10.985142857142858,
        "Sparseness": 0.005168326530612245,
        "Shortest path": 2.7613389996730957,
        "Total triples": 4806.0,
        "Total classes": 24,
        "Total predicates": 12,
        "Average population": 24.666666666666668,
        "Total claims": 29.0,
        "Total perspectives": 28.0,
        "Total conflicts": 0,
        "Total sources": 1.0,
        "Ratio claims to triples": 0.006034124011652101,
        "Ratio perspectives to triples": 0.005826050769870994,
        "Ratio conflicts to triples": 0.0,
        "Ratio perspectives to claims": 0.9655172413793104,
        "Ratio conflicts to claims": 0.0
    },
    {
        "turn": 11,
        "cardinality conflicts": 0,
        "negation conflicts": 0,
        "subject gaps": 2,
        "object gaps": 2,
        "statement novelty": 0,
        "subject novelty": 0,
        "object novelty": 1,
        "overlaps subject-predicate": 2,
        "overlaps predicate-object": 0,
        "trust": 0.5,
        "Average degree": 10.980834272829764,
        "Sparseness": 0.005099336654087795,
        "Shortest path": 2.7666799850359216,
        "Total triples": 4870.0,
        "Total classes": 24,
        "Total predicates": 12,
        "Average population": 25.11764705882353,
        "Total claims": 30.0,
        "Total perspectives": 29.0,
        "Total conflicts": 0,
        "Total sources": 1.0,
        "Ratio claims to triples": 0.006160164271047228,
        "Ratio perspectives to triples": 0.00595482546201232,
        "Ratio conflicts to triples": 0.0,
        "Ratio perspectives to claims": 0.9666666666666667,
        "Ratio conflicts to claims": 0.0
    },
    {
        "turn": 13,
        "cardinality conflicts": 0,
        "negation conflicts": 0,
        "subject gaps": 2,
        "object gaps": 2,
        "statement novelty": 1,
        "subject novelty": 0,
        "object novelty": 0,
        "overlaps subject-predicate": 0,
        "overlaps predicate-object": 0,
        "trust": 0.5,
        "Average degree": 11.006726457399104,
        "Sparseness": 0.005080033783104426,
        "Shortest path": 2.768977769725154,
        "Total triples": 4909.0,
        "Total classes": 24,
        "Total predicates": 12,
        "Average population": 25.294117647058822,
        "Total claims": 30.0,
        "Total perspectives": 29.0,
        "Total conflicts": 0,
        "Total sources": 1.0,
        "Ratio claims to triples": 0.006111224281931147,
        "Ratio perspectives to triples": 0.005907516805866775,
        "Ratio conflicts to triples": 0.0,
        "Ratio perspectives to claims": 0.9666666666666667,
        "Ratio conflicts to claims": 0.0
    },
    {
        "turn": 15,
        "cardinality conflicts": 0,
        "negation conflicts": 0,
        "subject gaps": 2,
        "object gaps": 2,
        "statement novelty": 1,
        "subject novelty": 0,
        "object novelty": 0,
        "overlaps subject-predicate": 0,
        "overlaps predicate-object": 0,
        "trust": 0.5,
        "Average degree": 11.032329988851728,
        "Sparseness": 0.005060843217015967,
        "Shortest path": 2.771251393534002,
        "Total triples": 4948.0,
        "Total classes": 24,
        "Total predicates": 12,
        "Average population": 25.470588235294116,
        "Total claims": 30.0,
        "Total perspectives": 29.0,
        "Total conflicts": 0,
        "Total sources": 1.0,
        "Ratio claims to triples": 0.006063055780113177,
        "Ratio perspectives to triples": 0.005860953920776071,
        "Ratio conflicts to triples": 0.0,
        "Ratio perspectives to claims": 0.9666666666666667,
        "Ratio conflicts to claims": 0.0
    },
    {
        "turn": 17,
        "cardinality conflicts": 0,
        "negation conflicts": 0,
        "subject gaps": 2,
        "object gaps": 2,
        "statement novelty": 1,
        "subject novelty": 0,
        "object novelty": 0,
        "overlaps subject-predicate": 0,
        "overlaps predicate-object": 0,
        "trust": 0.5,
        "Average degree": 11.057649667405766,
        "Sparseness": 0.005041764789750296,
        "Shortest path": 2.7735012341547085,
        "Total triples": 4987.0,
        "Total classes": 24,
        "Total predicates": 12,
        "Average population": 25.647058823529413,
        "Total claims": 30.0,
        "Total perspectives": 29.0,
        "Total conflicts": 0,
        "Total sources": 1.0,
        "Ratio claims to triples": 0.0060156406657309,
        "Ratio perspectives to triples": 0.005815119310206537,
        "Ratio conflicts to triples": 0.0,
        "Ratio perspectives to claims": 0.9666666666666667,
        "Ratio conflicts to claims": 0.0
    },
    {
        "turn": 19,
        "cardinality conflicts": 0,
        "negation conflicts": 0,
        "subject gaps": 2,
        "object gaps": 2,
        "statement novelty": 1,
        "subject novelty": 0,
        "object novelty": 0,
        "overlaps subject-predicate": 0,
        "overlaps predicate-object": 0,
        "trust": 0.5,
        "Average degree": 11.082690187431092,
        "Sparseness": 0.0050227983015842725,
        "Shortest path": 2.775727661480124,
        "Total triples": 5026.0,
        "Total classes": 24,
        "Total predicates": 12,
        "Average population": 25.823529411764707,
        "Total claims": 30.0,
        "Total perspectives": 29.0,
        "Total conflicts": 0,
        "Total sources": 1.0,
        "Ratio claims to triples": 0.005968961400716275,
        "Ratio perspectives to triples": 0.0057699960206923995,
        "Ratio conflicts to triples": 0.0,
        "Ratio perspectives to claims": 0.9666666666666667,
        "Ratio conflicts to claims": 0.0
    }
]