[
    {
        "turn": 0,
        "cardinality conflicts": 0,
        "negation conflicts": 0,
        "subject gaps": 2,
        "object gaps": 2,
        "statement novelty": 1,
        "subject novelty": 0,
        "object novelty": 0,
        "overlaps subject-predicate": 3,
        "overlaps predicate-object": 0,
        "trust": 0.5,
        "Average degree": 11.007299270072993,
        "Sparseness": 0.0054922123359440215,
        "Shortest path": 2.740533620206798,
        "Total triples": 4524.0,
        "Total classes": 24,
        "Total predicates": 12,
        "Average population": 22.627450980392158,
        "Total claims": 24.0,
        "Total perspectives": 23.0,
        "Total conflicts": 0,
        "Total sources": 1.0,
        "Ratio claims to triples": 0.005305039787798408,
        "Ratio perspectives to triples": 0.005083996463306808,
        "Ratio conflicts to triples": 0.0,
        "Ratio perspectives to claims": 0.9583333333333334,
        "Ratio conflicts to claims": 0.0
    },
    {
        "turn": 3,
        "cardinality conflicts": 0,
        "negation conflicts": 0,
        "subject gaps": 2,
        "object gaps": 2,
        "statement novelty": 1,
        "subject novelty": 0,
        "object novelty": 0,
        "overlaps subject-predicate": 3,
        "overlaps predicate-object": 0,
        "trust": 0.5,
        "Average degree": 11.028985507246377,
        "Sparseness": 0.005461037597143457,
        "Shortest path": 2.742284843068188,
        "Total triples": 4566.0,
        "Total classes": 24,
        "Total predicates": 12,
        "Average population": 22.823529411764707,
        "Total claims": 24.0,
        "Total perspectives": 23.0,
        "Total conflicts": 0,
        "Total sources": 1.0,
        "Ratio claims to triples": 0.005256241787122208,
        "Ratio perspectives to triples": 0.005037231712658782,
        "Ratio conflicts to triples": 0.0,
        "Ratio perspectives to claims": 0.9583333333333334,
        "Ratio conflicts to claims": 0.0
    },
    {
        "turn": 5,
        "cardinality conflicts": 0,
        "negation conflicts": 0,
        "subject gaps": 2,
        "object gaps": 2,
        "statement novelty": 1,
        "subject novelty": 0,
        "object novelty": 0,
        "overlaps subject-predicate": 1,
        "overlaps predicate-object": 0,
        "trust": 0.5,
        "Average degree": 11.05642256902761,
        "Sparseness": 0.0054389102579807435,
        "Shortest path": 2.7448921876442887,
        "Total triples": 4605.0,
        "Total classes": 24,
        "Total predicates": 12,
        "Average population": 23.0,
        "Total claims": 24.0,
        "Total perspectives": 23.0,
        "Total conflicts": 0,
        "Total sources": 1.0,
        "Ratio claims to triples": 0.005211726384364821,
        "Ratio perspectives to triples": 0.00499457111834962,
        "Ratio conflicts to triples": 0.0,
        "Ratio perspectives to claims": 0.9583333333333334,
        "Ratio conflicts to claims": 0.0
    },
    {
        "turn": 7,
        "cardinality conflicts": 0,
        "negation conflicts": 0,
        "subject gaps": 2,
        "object gaps": 2,
        "statement novelty": 1,
        "subject novelty": 0,
        "object novelty": 1,
        "overlaps subject-predicate": 2,
        "overlaps predicate-object": 0,
        "trust": 0.5,
        "Average degree": 11.087008343265792,
        "Sparseness": 0.005413959805148589,
        "Shortest path": 2.746570101353754,
        "Total triples": 4651.0,
        "Total classes": 24,
        "Total predicates": 12,
        "Average population": 23.254901960784313,
        "Total claims": 24.0,
        "Total perspectives": 23.0,
        "Total conflicts": 0,
        "Total sources": 1.0,
        "Ratio claims to triples": 0.005160180606321221,
        "Ratio perspectives to triples": 0.004945173081057837,
        "Ratio conflicts to triples": 0.0,
        "Ratio perspectives to claims": 0.9583333333333334,
        "Ratio conflicts to claims": 0.0
    },
    {
        "turn": 9,
        "cardinality conflicts": 0,
        "negation conflicts": 0,
        "subject gaps": 2,
        "object gaps": 2,
        "statement novelty": 1,
        "subject novelty": 0,
        "object novelty": 1,
        "overlaps subject-predicate": 2,
        "overlaps predicate-object": 0,
        "trust": 0.5,
        "Average degree": 11.117159763313609,
        "Sparseness": 0.00538916704597178,
        "Shortest path": 2.748223449900446,
        "Total triples": 4697.0,
        "Total classes": 24,
        "Total predicates": 12,
        "Average population": 23.50980392156863,
        "Total claims": 24.0,
        "Total perspectives": 23.0,
        "Total conflicts": 0,
        "Total sources": 1.0,
        "Ratio claims to triples": 0.005109644453906749,
        "Ratio perspectives to triples": 0.0048967426016606344,
        "Ratio conflicts to triples": 0.0,
        "Ratio perspectives to claims": 0.9583333333333334,
        "Ratio conflicts to claims": 0.0
    },
    {
        "turn": 11,
        "cardinality conflicts": 0,
        "negation conflicts": 0,
        "subject gaps": 2,
        "object gaps": 2,
        "statement novelty": 0,
        "subject novelty": 0,
        "object novelty": 1,
        "overlaps subject-predicate": 0,
        "overlaps predicate-object": 0,
        "trust": 0.5,
        "Average degree": 11.110851808634772,
        "Sparseness": 0.005314187915022009,
        "Shortest path": 2.7539286142706025,
        "Total triples": 4761.0,
        "Total classes": 24,
        "Total predicates": 12,
        "Average population": 23.96078431372549,
        "Total claims": 25.0,
        "Total perspectives": 24.0,
        "Total conflicts": 0,
        "Total sources": 1.0,
        "Ratio claims to triples": 0.005250997689561016,
        "Ratio perspectives to triples": 0.005040957781978576,
        "Ratio conflicts to triples": 0.0,
        "Ratio perspectives to claims": 0.96,
        "Ratio conflicts to claims": 0.0
    },
    {
        "turn": 13,
        "cardinality conflicts": 0,
        "negation conflicts": 0,
        "subject gaps": 2,
        "object gaps": 2,
        "statement novelty": 1,
        "subject novelty": 0,
        "object novelty": 0,
        "overlaps subject-predicate": 0,
        "overlaps predicate-object": 0,
        "trust": 0.5,
        "Average degree": 11.136890951276103,
        "Sparseness": 0.00529309166078994,
        "Shortest path": 2.756375120927212,
        "Total triples": 4800.0,
        "Total classes": 24,
        "Total predicates": 12,
        "Average population": 24.137254901960784,
        "Total claims": 25.0,
        "Total perspectives": 24.0,
        "Total conflicts": 0,
        "Total sources": 1.0,
        "Ratio claims to triples": 0.005208333333333333,
        "Ratio perspectives to triples": 0.005,
        "Ratio conflicts to triples": 0.0,
        "Ratio perspectives to claims": 0.96,
        "Ratio conflicts to claims": 0.0
    },
    {
        "turn": 15,
        "cardinality conflicts": 0,
        "negation conflicts": 0,
        "subject gaps": 2,
        "object gaps": 2,
        "statement novelty": 0,
        "subject novelty": 1,
        "object novelty": 0,
        "overlaps subject-predicate": 0,
        "overlaps predicate-object": 1,
        "trust": 0.5,
        "Average degree": 11.130434782608695,
        "Sparseness": 0.005220742633621164,
        "Shortest path": 2.76186432014595,
        "Total triples": 4864.0,
        "Total classes": 24,
        "Total predicates": 12,
        "Average population": 24.58823529411765,
        "Total claims": 26.0,
        "Total perspectives": 25.0,
        "Total conflicts": 0,
        "Total sources": 1.0,
        "Ratio claims to triples": 0.005345394736842105,
        "Ratio perspectives to triples": 0.005139802631578948,
        "Ratio conflicts to triples": 0.0,
        "Ratio perspectives to claims": 0.9615384615384616,
        "Ratio conflicts to claims": 0.0
    },
    {
        "turn": 17,
        "cardinality conflicts": 0,
        "negation conflicts": 0,
        "subject gaps": 2,
        "object gaps": 2,
        "statement novelty": 0,
        "subject novelty": 0,
        "object novelty": 1,
        "overlaps subject-predicate": 1,
        "overlaps predicate-object": 0,
        "trust": 0.5,
        "Average degree": 11.124153498871332,
        "Sparseness": 0.005150344715132306,
        "Shortest path": 2.767208682455268,
        "Total triples": 4928.0,
        "Total classes": 24,
        "Total predicates": 12,
        "Average population": 25.03921568627451,
        "Total claims": 27.0,
        "Total perspectives": 26.0,
        "Total conflicts": 0,
        "Total sources": 1.0,
        "Ratio claims to triples": 0.005478896103896104,
        "Ratio perspectives to triples": 0.005275974025974026,
        "Ratio conflicts to triples": 0.0,
        "Ratio perspectives to claims": 0.9629629629629629,
        "Ratio conflicts to claims": 0.0
    },
    {
        "turn": 19,
        "cardinality conflicts": 0,
        "negation conflicts": 0,
        "subject gaps": 2,
        "object gaps": 2,
        "statement novelty": 1,
        "subject novelty": 0,
        "object novelty": 0,
        "overlaps subject-predicate": 1,
        "overlaps predicate-object": 0,
        "trust": 0.5,
        "Average degree": 11.149270482603816,
        "Sparseness": 0.0051304918495341245,
        "Shortest path": 2.7695078122044414,
        "Total triples": 4967.0,
        "Total classes": 24,
        "Total predicates": 12,
        "Average population": 25.215686274509803,
        "Total claims": 27.0,
        "Total perspectives": 26.0,
        "Total conflicts": 0,
        "Total sources": 1.0,
        "Ratio claims to triples": 0.005435876786792832,
        "Ratio perspectives to triples": 0.0052345480169116165,
        "Ratio conflicts to triples": 0.0,
        "Ratio perspectives to claims": 0.9629629629629629,
        "Ratio conflicts to claims": 0.0
    }
]