[
    {
        "turn": 0,
        "cardinality conflicts": 0,
        "negation conflicts": 0,
        "subject gaps": 2,
        "object gaps": 2,
        "statement novelty": 1,
        "subject novelty": 0,
        "object novelty": 0,
        "overlaps subject-predicate": 0,
        "overlaps predicate-object": 0,
        "trust": 0.5,
        "Average degree": 10.914489311163896,
        "Sparseness": 0.00533454449027031,
        "Shortest path": 2.749040419588715,
        "Total triples": 4595.0,
        "Total classes": 24,
        "Total predicates": 12,
        "Average population": 23.392156862745097,
        "Total claims": 27.0,
        "Total perspectives": 26.0,
        "Total conflicts": 0,
        "Total sources": 1.0,
        "Ratio claims to triples": 0.0058759521218716,
        "Ratio perspectives to triples": 0.0056583242655059846,
        "Ratio conflicts to triples": 0.0,
        "Ratio perspectives to claims": 0.9629629629629629,
        "Ratio conflicts to claims": 0.0
    },
    {
        "turn": 3,
        "cardinality conflicts": 0,
        "negation conflicts": 0,
        "subject gaps": 2,
        "object gaps": 2,
        "statement novelty": 1,
        "subject novelty": 0,
        "object novelty": 0,
        "overlaps subject-predicate": 0,
        "overlaps predicate-object": 0,
        "trust": 0.5,
        "Average degree": 10.93632075471698,
        "Sparseness": 0.005305213154147384,
        "Shortest path": 2.7506905615824997,
        "Total triples": 4637.0,
        "Total classes": 24,
        "Total predicates": 12,
        "Average population": 23.58823529411765,
        "Total claims": 27.0,
        "Total perspectives": 26.0,
        "Total conflicts": 0,
        "Total sources": 1.0,
        "Ratio claims to triples": 0.005822730213500108,
        "Ratio perspectives to triples": 0.005607073538926029,
        "Ratio conflicts to triples": 0.0,
        "Ratio perspectives to claims": 0.9629629629629629,
        "Ratio conflicts to claims": 0.0
    },
    {
        "turn": 5,
        "cardinality conflicts": 0,
        "negation conflicts": 0,
        "subject gaps": 2,
        "object gaps": 2,
        "statement novelty": 1,
        "subject novelty": 0,
        "object novelty": 0,
        "overlaps subject-predicate": 0,
        "overlaps predicate-object": 0,
        "trust": 0.5,
        "Average degree": 10.963657678780773,
        "Sparseness": 0.005284431610933895,
        "Shortest path": 2.7531908921288575,
        "Total triples": 4676.0,
        "Total classes": 24,
        "Total predicates": 12,
        "Average population": 23.764705882352942,
        "Total claims": 27.0,
        "Total perspectives": 26.0,
        "Total conflicts": 0,
        "Total sources": 1.0,
        "Ratio claims to triples": 0.005774165953806672,
        "Ratio perspectives to triples": 0.005560307955517536,
        "Ratio conflicts to triples": 0.0,
        "Ratio perspectives to claims": 0.9629629629629629,
        "Ratio conflicts to claims": 0.0
    },
    {
        "turn": 7,
        "cardinality conflicts": 0,
        "negation conflicts": 0,
        "subject gaps": 2,
        "object gaps": 2,
        "statement novelty": 0,
        "subject novelty": 0,
        "object novelty": 0,
        "overlaps subject-predicate": 0,
        "overlaps predicate-object": 0,
        "trust": 0.5,
        "Average degree": 10.967592592592593,
        "Sparseness": 0.005221729252400549,
        "Shortest path": 2.759610639028368,
        "Total triples": 4738.0,
        "Total classes": 24,
        "Total predicates": 12,
        "Average population": 24.19607843137255,
        "Total claims": 28.0,
        "Total perspectives": 27.0,
        "Total conflicts": 0,
        "Total sources": 1.0,
        "Ratio claims to triples": 0.0059096665259603205,
        "Ratio perspectives to triples": 0.005698607007176023,
        "Ratio conflicts to triples": 0.0,
        "Ratio perspectives to claims": 0.9642857142857143,
        "Ratio conflicts to claims": 0.0
    },
    {
        "turn": 9,
        "cardinality conflicts": 0,
        "negation conflicts": 0,
        "subject gaps": 2,
        "object gaps": 2,
        "statement novelty": 0,
        "subject novelty": 0,
        "object novelty": 1,
        "overlaps subject-predicate": 0,
        "overlaps predicate-object": 0,
        "trust": 0.5,
        "Average degree": 10.963470319634704,
        "Sparseness": 0.005151320864869373,
        "Shortest path": 2.7650384866275277,
        "Total triples": 4802.0,
        "Total classes": 24,
        "Total predicates": 12,
        "Average population": 24.647058823529413,
        "Total claims": 29.0,
        "Total perspectives": 28.0,
        "Total conflicts": 0,
        "Total sources": 1.0,
        "Ratio claims to triples": 0.006039150354019159,
        "Ratio perspectives to triples": 0.0058309037900874635,
        "Ratio conflicts to triples": 0.0,
        "Ratio perspectives to claims": 0.9655172413793104,
        "Ratio conflicts to claims": 0.0
    },
    {
        "turn": 11,
        "cardinality conflicts": 0,
        "negation conflicts": 0,
        "subject gaps": 2,
        "object gaps": 2,
        "statement novelty": 1,
        "subject novelty": 0,
        "object novelty": 0,
        "overlaps subject-predicate": 0,
        "overlaps predicate-object": 0,
        "trust": 0.5,
        "Average degree": 10.989784335981838,
        "Sparseness": 0.005131667270063814,
        "Shortest path": 2.767371788257146,
        "Total triples": 4841.0,
        "Total classes": 24,
        "Total predicates": 12,
        "Average population": 24.823529411764707,
        "Total claims": 29.0,
        "Total perspectives": 28.0,
        "Total conflicts": 0,
        "Total sources": 1.0,
        "Ratio claims to triples": 0.005990497831026648,
        "Ratio perspectives to triples": 0.005783928940301591,
        "Ratio conflicts to triples": 0.0,
        "Ratio perspectives to claims": 0.9655172413793104,
        "Ratio conflicts to claims": 0.0
    },
    {
        "turn": 13,
        "cardinality conflicts": 0,
        "negation conflicts": 0,
        "subject gaps": 2,
        "object gaps": 2,
        "statement novelty": 1,
        "subject novelty": 0,
        "object novelty": 0,
        "overlaps subject-predicate": 0,
        "overlaps predicate-object": 0,
        "trust": 0.5,
        "Average degree": 11.015801354401805,
        "Sparseness": 0.005112127959887694,
        "Shortest path": 2.7696802744512885,
        "Total triples": 4880.0,
        "Total classes": 24,
        "Total predicates": 12,
        "Average population": 25.0,
        "Total claims": 29.0,
        "Total perspectives": 28.0,
        "Total conflicts": 0,
        "Total sources": 1.0,
        "Ratio claims to triples": 0.005942622950819672,
        "Ratio perspectives to triples": 0.005737704918032787,
        "Ratio conflicts to triples": 0.0,
        "Ratio perspectives to claims": 0.9655172413793104,
        "Ratio conflicts to claims": 0.0
    },
    {
        "turn": 15,
        "cardinality conflicts": 0,
        "negation conflicts": 0,
        "subject gaps": 2,
        "object gaps": 2,
        "statement novelty": 0,
        "subject novelty": 1,
        "object novelty": 1,
        "overlaps subject-predicate": 0,
        "overlaps predicate-object": 0,
        "trust": 0.5,
        "Average degree": 11.0,
        "Sparseness": 0.0050296296296296296,
        "Shortest path": 2.775375108144852,
        "Total triples": 4950.0,
        "Total classes": 24,
        "Total predicates": 12,
        "Average population": 25.529411764705884,
        "Total claims": 30.0,
        "Total perspectives": 29.0,
        "Total conflicts": 0,
        "Total sources": 1.0,
        "Ratio claims to triples": 0.006060606060606061,
        "Ratio perspectives to triples": 0.005858585858585859,
        "Ratio conflicts to triples": 0.0,
        "Ratio perspectives to claims": 0.9666666666666667,
        "Ratio conflicts to claims": 0.0
    },
    {
        "turn": 17,
        "cardinality conflicts": 0,
        "negation conflicts": 0,
        "subject gaps": 2,
        "object gaps": 2,
        "statement novelty": 1,
        "subject novelty": 0,
        "object novelty": 0,
        "overlaps subject-predicate": 0,
        "overlaps predicate-object": 0,
        "trust": 0.5,
        "Average degree": 11.025414364640884,
        "Sparseness": 0.005010836055065474,
        "Shortest path": 2.777594973842468,
        "Total triples": 4989.0,
        "Total classes": 24,
        "Total predicates": 12,
        "Average population": 25.705882352941178,
        "Total claims": 30.0,
        "Total perspectives": 29.0,
        "Total conflicts": 0,
        "Total sources": 1.0,
        "Ratio claims to triples": 0.006013229104028864,
        "Ratio perspectives to triples": 0.005812788133894568,
        "Ratio conflicts to triples": 0.0,
        "Ratio perspectives to claims": 0.9666666666666667,
        "Ratio conflicts to claims": 0.0
    },
    {
        "turn": 19,
        "cardinality conflicts": 0,
        "negation conflicts": 0,
        "subject gaps": 2,
        "object gaps": 2,
        "statement novelty": 0,
        "subject novelty": 1,
        "object novelty": 1,
        "overlaps subject-predicate": 0,
        "overlaps predicate-object": 0,
        "trust": 0.5,
        "Average degree": 11.009793253536452,
        "Sparseness": 0.004931556157577724,
        "Shortest path": 2.783057268367388,
        "Total triples": 5059.0,
        "Total classes": 24,
        "Total predicates": 12,
        "Average population": 26.235294117647058,
        "Total claims": 31.0,
        "Total perspectives": 30.0,
        "Total conflicts": 0,
        "Total sources": 1.0,
        "Ratio claims to triples": 0.0061276932200039535,
        "Ratio perspectives to triples": 0.005930025696778019,
        "Ratio conflicts to triples": 0.0,
        "Ratio perspectives to claims": 0.967741935483871,
        "Ratio conflicts to claims": 0.0
    }
]