[
    {
        "turn": 0,
        "cardinality conflicts": 0,
        "negation conflicts": 0,
        "subject gaps": 2,
        "object gaps": 2,
        "statement novelty": 0,
        "subject novelty": 0,
        "object novelty": 1,
        "overlaps subject-predicate": 0,
        "overlaps predicate-object": 0,
        "trust": 0.5,
        "Average degree": 11.065512978986403,
        "Sparseness": 0.0055968011294445525,
        "Shortest path": 2.7350995606359154,
        "Total triples": 4476.0,
        "Total classes": 24,
        "Total predicates": 12,
        "Average population": 22.058823529411764,
        "Total claims": 23.0,
        "Total perspectives": 22.0,
        "Total conflicts": 0,
        "Total sources": 1.0,
        "Ratio claims to triples": 0.0051385165326184095,
        "Ratio perspectives to triples": 0.004915102770330653,
        "Ratio conflicts to triples": 0.0,
        "Ratio perspectives to claims": 0.9565217391304348,
        "Ratio conflicts to claims": 0.0
    },
    {
        "turn": 3,
        "cardinality conflicts": 0,
        "negation conflicts": 0,
        "subject gaps": 2,
        "object gaps": 2,
        "statement novelty": 1,
        "subject novelty": 0,
        "object novelty": 0,
        "overlaps subject-predicate": 0,
        "overlaps predicate-object": 0,
        "trust": 0.5,
        "Average degree": 11.087116564417178,
        "Sparseness": 0.00556437954006549,
        "Shortest path": 2.7369138240303883,
        "Total triples": 4518.0,
        "Total classes": 24,
        "Total predicates": 12,
        "Average population": 22.254901960784313,
        "Total claims": 23.0,
        "Total perspectives": 22.0,
        "Total conflicts": 0,
        "Total sources": 1.0,
        "Ratio claims to triples": 0.005090748118636565,
        "Ratio perspectives to triples": 0.004869411243913236,
        "Ratio conflicts to triples": 0.0,
        "Ratio perspectives to claims": 0.9565217391304348,
        "Ratio conflicts to claims": 0.0
    },
    {
        "turn": 5,
        "cardinality conflicts": 0,
        "negation conflicts": 0,
        "subject gaps": 2,
        "object gaps": 2,
        "statement novelty": 1,
        "subject novelty": 0,
        "object novelty": 0,
        "overlaps subject-predicate": 0,
        "overlaps predicate-object": 0,
        "trust": 0.5,
        "Average degree": 11.114634146341464,
        "Sparseness": 0.005541344437834622,
        "Shortest path": 2.7395931981297834,
        "Total triples": 4557.0,
        "Total classes": 24,
        "Total predicates": 12,
        "Average population": 22.431372549019606,
        "Total claims": 23.0,
        "Total perspectives": 22.0,
        "Total conflicts": 0,
        "Total sources": 1.0,
        "Ratio claims to triples": 0.005047180162387536,
        "Ratio perspectives to triples": 0.0048277375466315555,
        "Ratio conflicts to triples": 0.0,
        "Ratio perspectives to claims": 0.9565217391304348,
        "Ratio conflicts to claims": 0.0
    },
    {
        "turn": 7,
        "cardinality conflicts": 0,
        "negation conflicts": 0,
        "subject gaps": 2,
        "object gaps": 2,
        "statement novelty": 0,
        "subject novelty": 0,
        "object novelty": 0,
        "overlaps subject-predicate": 0,
        "overlaps predicate-object": 2,
        "trust": 0.5,
        "Average degree": 11.120481927710843,
        "Sparseness": 0.005479750326607635,
        "Shortest path": 2.744944555059805,
        "Total triples": 4615.0,
        "Total classes": 24,
        "Total predicates": 12,
        "Average population": 22.80392156862745,
        "Total claims": 24.0,
        "Total perspectives": 23.0,
        "Total conflicts": 0,
        "Total sources": 1.0,
        "Ratio claims to triples": 0.005200433369447454,
        "Ratio perspectives to triples": 0.004983748645720477,
        "Ratio conflicts to triples": 0.0,
        "Ratio perspectives to claims": 0.9583333333333334,
        "Ratio conflicts to claims": 0.0
    },
    {
        "turn": 9,
        "cardinality conflicts": 0,
        "negation conflicts": 0,
        "subject gaps": 2,
        "object gaps": 2,
        "statement novelty": 1,
        "subject novelty": 0,
        "object novelty": 0,
        "overlaps subject-predicate": 0,
        "overlaps predicate-object": 2,
        "trust": 0.5,
        "Average degree": 11.147305389221557,
        "Sparseness": 0.005457348775502887,
        "Shortest path": 2.7475179138126626,
        "Total triples": 4654.0,
        "Total classes": 24,
        "Total predicates": 12,
        "Average population": 22.980392156862745,
        "Total claims": 24.0,
        "Total perspectives": 23.0,
        "Total conflicts": 0,
        "Total sources": 1.0,
        "Ratio claims to triples": 0.005156854318865492,
        "Ratio perspectives to triples": 0.004941985388912763,
        "Ratio conflicts to triples": 0.0,
        "Ratio perspectives to claims": 0.9583333333333334,
        "Ratio conflicts to claims": 0.0
    },
    {
        "turn": 11,
        "cardinality conflicts": 0,
        "negation conflicts": 0,
        "subject gaps": 2,
        "object gaps": 2,
        "statement novelty": 1,
        "subject novelty": 1,
        "object novelty": 0,
        "overlaps subject-predicate": 0,
        "overlaps predicate-object": 3,
        "trust": 0.5,
        "Average degree": 11.17717003567182,
        "Sparseness": 0.0054320701390253665,
        "Shortest path": 2.7491761508408357,
        "Total triples": 4700.0,
        "Total classes": 24,
        "Total predicates": 12,
        "Average population": 23.235294117647058,
        "Total claims": 24.0,
        "Total perspectives": 23.0,
        "Total conflicts": 0,
        "Total sources": 1.0,
        "Ratio claims to triples": 0.005106382978723404,
        "Ratio perspectives to triples": 0.004893617021276595,
        "Ratio conflicts to triples": 0.0,
        "Ratio perspectives to claims": 0.9583333333333334,
        "Ratio conflicts to claims": 0.0
    },
    {
        "turn": 13,
        "cardinality conflicts": 0,
        "negation conflicts": 0,
        "subject gaps": 2,
        "object gaps": 2,
        "statement novelty": 1,
        "subject novelty": 0,
        "object novelty": 0,
        "overlaps subject-predicate": 0,
        "overlaps predicate-object": 3,
        "trust": 0.5,
        "Average degree": 11.203309692671395,
        "Sparseness": 0.005409967081915173,
        "Shortest path": 2.7516947137241736,
        "Total triples": 4739.0,
        "Total classes": 24,
        "Total predicates": 12,
        "Average population": 23.41176470588235,
        "Total claims": 24.0,
        "Total perspectives": 23.0,
        "Total conflicts": 0,
        "Total sources": 1.0,
        "Ratio claims to triples": 0.005064359569529437,
        "Ratio perspectives to triples": 0.00485334458746571,
        "Ratio conflicts to triples": 0.0,
        "Ratio perspectives to claims": 0.9583333333333334,
        "Ratio conflicts to claims": 0.0
    },
    {
        "turn": 15,
        "cardinality conflicts": 0,
        "negation conflicts": 0,
        "subject gaps": 2,
        "object gaps": 2,
        "statement novelty": 1,
        "subject novelty": 0,
        "object novelty": 0,
        "overlaps subject-predicate": 0,
        "overlaps predicate-object": 2,
        "trust": 0.5,
        "Average degree": 11.229142185663925,
        "Sparseness": 0.005388006920730571,
        "Shortest path": 2.7541853874334694,
        "Total triples": 4778.0,
        "Total classes": 24,
        "Total predicates": 12,
        "Average population": 23.58823529411765,
        "Total claims": 24.0,
        "Total perspectives": 23.0,
        "Total conflicts": 0,
        "Total sources": 1.0,
        "Ratio claims to triples": 0.0050230221850146506,
        "Ratio perspectives to triples": 0.004813729593972373,
        "Ratio conflicts to triples": 0.0,
        "Ratio perspectives to claims": 0.9583333333333334,
        "Ratio conflicts to claims": 0.0
    },
    {
        "turn": 17,
        "cardinality conflicts": 0,
        "negation conflicts": 0,
        "subject gaps": 2,
        "object gaps": 2,
        "statement novelty": 1,
        "subject novelty": 0,
        "object novelty": 0,
        "overlaps subject-predicate": 0,
        "overlaps predicate-object": 3,
        "trust": 0.5,
        "Average degree": 11.254672897196262,
        "Sparseness": 0.005366189186828544,
        "Shortest path": 2.756648630923102,
        "Total triples": 4817.0,
        "Total classes": 24,
        "Total predicates": 12,
        "Average population": 23.764705882352942,
        "Total claims": 24.0,
        "Total perspectives": 23.0,
        "Total conflicts": 0,
        "Total sources": 1.0,
        "Ratio claims to triples": 0.0049823541623417065,
        "Ratio perspectives to triples": 0.004774756072244135,
        "Ratio conflicts to triples": 0.0,
        "Ratio perspectives to claims": 0.9583333333333334,
        "Ratio conflicts to claims": 0.0
    },
    {
        "turn": 19,
        "cardinality conflicts": 0,
        "negation conflicts": 0,
        "subject gaps": 2,
        "object gaps": 2,
        "statement novelty": 1,
        "subject novelty": 0,
        "object novelty": 0,
        "overlaps subject-predicate": 0,
        "overlaps predicate-object": 3,
        "trust": 0.5,
        "Average degree": 11.279907084785133,
        "Sparseness": 0.005344513375447344,
        "Shortest path": 2.759084893174513,
        "Total triples": 4856.0,
        "Total classes": 24,
        "Total predicates": 12,
        "Average population": 23.941176470588236,
        "Total claims": 24.0,
        "Total perspectives": 23.0,
        "Total conflicts": 0,
        "Total sources": 1.0,
        "Ratio claims to triples": 0.004942339373970346,
        "Ratio perspectives to triples": 0.004736408566721581,
        "Ratio conflicts to triples": 0.0,
        "Ratio perspectives to claims": 0.9583333333333334,
        "Ratio conflicts to claims": 0.0
    }
]