[
    {
        "turn": 0,
        "cardinality conflicts": 0,
        "negation conflicts": 0,
        "subject gaps": 2,
        "object gaps": 2,
        "statement novelty": 0,
        "subject novelty": 1,
        "object novelty": 1,
        "overlaps subject-predicate": 0,
        "overlaps predicate-object": 0,
        "trust": 0.5,
        "Average degree": 10.97226753670473,
        "Sparseness": 0.007281068954597106,
        "Shortest path": 2.5978259710627047,
        "Total triples": 3363.0,
        "Total classes": 24,
        "Total predicates": 12,
        "Average population": 15.117647058823529,
        "Total claims": 10.0,
        "Total perspectives": 9.0,
        "Total conflicts": 0,
        "Total sources": 1.0,
        "Ratio claims to triples": 0.0029735355337496285,
        "Ratio perspectives to triples": 0.0026761819803746653,
        "Ratio conflicts to triples": 0.0,
        "Ratio perspectives to claims": 0.9,
        "Ratio conflicts to claims": 0.0
    },
    {
        "turn": 3,
        "cardinality conflicts": 0,
        "negation conflicts": 0,
        "subject gaps": 2,
        "object gaps": 2,
        "statement novelty": 0,
        "subject novelty": 1,
        "object novelty": 1,
        "overlaps subject-predicate": 0,
        "overlaps predicate-object": 0,
        "trust": 0.5,
        "Average degree": 10.94267515923567,
        "Sparseness": 0.007099679500182563,
        "Shortest path": 2.6086916770792064,
        "Total triples": 3436.0,
        "Total classes": 24,
        "Total predicates": 12,
        "Average population": 15.666666666666666,
        "Total claims": 11.0,
        "Total perspectives": 10.0,
        "Total conflicts": 0,
        "Total sources": 1.0,
        "Ratio claims to triples": 0.0032013969732246797,
        "Ratio perspectives to triples": 0.002910360884749709,
        "Ratio conflicts to triples": 0.0,
        "Ratio perspectives to claims": 0.9090909090909091,
        "Ratio conflicts to claims": 0.0
    },
    {
        "turn": 5,
        "cardinality conflicts": 0,
        "negation conflicts": 0,
        "subject gaps": 2,
        "object gaps": 2,
        "statement novelty": 1,
        "subject novelty": 0,
        "object novelty": 0,
        "overlaps subject-predicate": 0,
        "overlaps predicate-object": 0,
        "trust": 0.5,
        "Average degree": 10.979462875197472,
        "Sparseness": 0.007062834267973416,
        "Shortest path": 2.6130491731157637,
        "Total triples": 3475.0,
        "Total classes": 24,
        "Total predicates": 12,
        "Average population": 15.843137254901961,
        "Total claims": 11.0,
        "Total perspectives": 10.0,
        "Total conflicts": 0,
        "Total sources": 1.0,
        "Ratio claims to triples": 0.0031654676258992807,
        "Ratio perspectives to triples": 0.0028776978417266188,
        "Ratio conflicts to triples": 0.0,
        "Ratio perspectives to claims": 0.9090909090909091,
        "Ratio conflicts to claims": 0.0
    },
    {
        "turn": 7,
        "cardinality conflicts": 0,
        "negation conflicts": 0,
        "subject gaps": 2,
        "object gaps": 2,
        "statement novelty": 0,
        "subject novelty": 0,
        "object novelty": 1,
        "overlaps subject-predicate": 0,
        "overlaps predicate-object": 0,
        "trust": 0.5,
        "Average degree": 10.973643410852713,
        "Sparseness": 0.00693467940628568,
        "Shortest path": 2.622966921854687,
        "Total triples": 3539.0,
        "Total classes": 24,
        "Total predicates": 12,
        "Average population": 16.294117647058822,
        "Total claims": 12.0,
        "Total perspectives": 11.0,
        "Total conflicts": 0,
        "Total sources": 1.0,
        "Ratio claims to triples": 0.003390788358293303,
        "Ratio perspectives to triples": 0.0031082226617688614,
        "Ratio conflicts to triples": 0.0,
        "Ratio perspectives to claims": 0.9166666666666666,
        "Ratio conflicts to claims": 0.0
    },
    {
        "turn": 9,
        "cardinality conflicts": 0,
        "negation conflicts": 0,
        "subject gaps": 2,
        "object gaps": 2,
        "statement novelty": 1,
        "subject novelty": 0,
        "object novelty": 0,
        "overlaps subject-predicate": 0,
        "overlaps predicate-object": 0,
        "trust": 0.5,
        "Average degree": 11.009230769230768,
        "Sparseness": 0.006899408284023668,
        "Shortest path": 2.6271139030461064,
        "Total triples": 3578.0,
        "Total classes": 24,
        "Total predicates": 12,
        "Average population": 16.470588235294116,
        "Total claims": 12.0,
        "Total perspectives": 11.0,
        "Total conflicts": 0,
        "Total sources": 1.0,
        "Ratio claims to triples": 0.003353828954723309,
        "Ratio perspectives to triples": 0.0030743432084963667,
        "Ratio conflicts to triples": 0.0,
        "Ratio perspectives to claims": 0.9166666666666666,
        "Ratio conflicts to claims": 0.0
    },
    {
        "turn": 11,
        "cardinality conflicts": 0,
        "negation conflicts": 0,
        "subject gaps": 2,
        "object gaps": 2,
        "statement novelty": 0,
        "subject novelty": 0,
        "object novelty": 1,
        "overlaps subject-predicate": 0,
        "overlaps predicate-object": 0,
        "trust": 0.5,
        "Average degree": 11.003021148036254,
        "Sparseness": 0.006777046576792837,
        "Shortest path": 2.6365435506944985,
        "Total triples": 3642.0,
        "Total classes": 24,
        "Total predicates": 12,
        "Average population": 16.92156862745098,
        "Total claims": 13.0,
        "Total perspectives": 12.0,
        "Total conflicts": 0,
        "Total sources": 1.0,
        "Ratio claims to triples": 0.0035694673256452497,
        "Ratio perspectives to triples": 0.0032948929159802307,
        "Ratio conflicts to triples": 0.0,
        "Ratio perspectives to claims": 0.9230769230769231,
        "Ratio conflicts to claims": 0.0
    },
    {
        "turn": 13,
        "cardinality conflicts": 0,
        "negation conflicts": 0,
        "subject gaps": 2,
        "object gaps": 2,
        "statement novelty": 0,
        "subject novelty": 0,
        "object novelty": 0,
        "overlaps subject-predicate": 0,
        "overlaps predicate-object": 1,
        "trust": 0.5,
        "Average degree": 11.011904761904763,
        "Sparseness": 0.006685356434240363,
        "Shortest path": 2.644564793130367,
        "Total triples": 3700.0,
        "Total classes": 24,
        "Total predicates": 12,
        "Average population": 17.294117647058822,
        "Total claims": 14.0,
        "Total perspectives": 13.0,
        "Total conflicts": 0,
        "Total sources": 1.0,
        "Ratio claims to triples": 0.0037837837837837837,
        "Ratio perspectives to triples": 0.0035135135135135136,
        "Ratio conflicts to triples": 0.0,
        "Ratio perspectives to claims": 0.9285714285714286,
        "Ratio conflicts to claims": 0.0
    },
    {
        "turn": 15,
        "cardinality conflicts": 0,
        "negation conflicts": 0,
        "subject gaps": 2,
        "object gaps": 2,
        "statement novelty": 0,
        "subject novelty": 0,
        "object novelty": 1,
        "overlaps subject-predicate": 0,
        "overlaps predicate-object": 0,
        "trust": 0.5,
        "Average degree": 11.005847953216374,
        "Sparseness": 0.006570397729215827,
        "Shortest path": 2.653408166585326,
        "Total triples": 3764.0,
        "Total classes": 24,
        "Total predicates": 12,
        "Average population": 17.745098039215687,
        "Total claims": 15.0,
        "Total perspectives": 14.0,
        "Total conflicts": 0,
        "Total sources": 1.0,
        "Ratio claims to triples": 0.003985122210414453,
        "Ratio perspectives to triples": 0.0037194473963868225,
        "Ratio conflicts to triples": 0.0,
        "Ratio perspectives to claims": 0.9333333333333333,
        "Ratio conflicts to claims": 0.0
    },
    {
        "turn": 17,
        "cardinality conflicts": 0,
        "negation conflicts": 0,
        "subject gaps": 2,
        "object gaps": 2,
        "statement novelty": 0,
        "subject novelty": 0,
        "object novelty": 0,
        "overlaps subject-predicate": 0,
        "overlaps predicate-object": 1,
        "trust": 0.5,
        "Average degree": 11.014409221902017,
        "Sparseness": 0.006484149855907781,
        "Shortest path": 2.660952879973053,
        "Total triples": 3822.0,
        "Total classes": 24,
        "Total predicates": 12,
        "Average population": 18.11764705882353,
        "Total claims": 16.0,
        "Total perspectives": 15.0,
        "Total conflicts": 0,
        "Total sources": 1.0,
        "Ratio claims to triples": 0.004186289900575615,
        "Ratio perspectives to triples": 0.003924646781789639,
        "Ratio conflicts to triples": 0.0,
        "Ratio perspectives to claims": 0.9375,
        "Ratio conflicts to claims": 0.0
    },
    {
        "turn": 19,
        "cardinality conflicts": 0,
        "negation conflicts": 0,
        "subject gaps": 2,
        "object gaps": 2,
        "statement novelty": 1,
        "subject novelty": 0,
        "object novelty": 0,
        "overlaps subject-predicate": 0,
        "overlaps predicate-object": 2,
        "trust": 0.5,
        "Average degree": 11.050071530758226,
        "Sparseness": 0.006455164848209479,
        "Shortest path": 2.664559686166484,
        "Total triples": 3862.0,
        "Total classes": 24,
        "Total predicates": 12,
        "Average population": 18.294117647058822,
        "Total claims": 16.0,
        "Total perspectives": 15.0,
        "Total conflicts": 0,
        "Total sources": 1.0,
        "Ratio claims to triples": 0.004142931123770067,
        "Ratio perspectives to triples": 0.0038839979285344383,
        "Ratio conflicts to triples": 0.0,
        "Ratio perspectives to claims": 0.9375,
        "Ratio conflicts to claims": 0.0
    }
]