[
    {
        "turn": 0,
        "cardinality conflicts": 0,
        "negation conflicts": 0,
        "subject gaps": 2,
        "object gaps": 2,
        "statement novelty": 0,
        "subject novelty": 1,
        "object novelty": 1,
        "overlaps subject-predicate": 0,
        "overlaps predicate-object": 0,
        "trust": 0.5,
        "Average degree": 10.829174664107486,
        "Sparseness": 0.008425403678884178,
        "Shortest path": 2.508939908460062,
        "Total triples": 2821.0,
        "Total classes": 24,
        "Total predicates": 12,
        "Average population": 11.745098039215685,
        "Total claims": 6.0,
        "Total perspectives": 5.0,
        "Total conflicts": 0,
        "Total sources": 1.0,
        "Ratio claims to triples": 0.0021269053527118043,
        "Ratio perspectives to triples": 0.001772421127259837,
        "Ratio conflicts to triples": 0.0,
        "Ratio perspectives to claims": 0.8333333333333334,
        "Ratio conflicts to claims": 0.0
    },
    {
        "turn": 3,
        "cardinality conflicts": 0,
        "negation conflicts": 0,
        "subject gaps": 2,
        "object gaps": 2,
        "statement novelty": 1,
        "subject novelty": 0,
        "object novelty": 0,
        "overlaps subject-predicate": 0,
        "overlaps predicate-object": 0,
        "trust": 0.5,
        "Average degree": 10.86527514231499,
        "Sparseness": 0.008353466868782158,
        "Shortest path": 2.514058340127416,
        "Total triples": 2863.0,
        "Total classes": 24,
        "Total predicates": 12,
        "Average population": 11.941176470588236,
        "Total claims": 6.0,
        "Total perspectives": 5.0,
        "Total conflicts": 0,
        "Total sources": 1.0,
        "Ratio claims to triples": 0.00209570380719525,
        "Ratio perspectives to triples": 0.0017464198393293748,
        "Ratio conflicts to triples": 0.0,
        "Ratio perspectives to claims": 0.8333333333333334,
        "Ratio conflicts to claims": 0.0
    },
    {
        "turn": 5,
        "cardinality conflicts": 0,
        "negation conflicts": 0,
        "subject gaps": 2,
        "object gaps": 2,
        "statement novelty": 1,
        "subject novelty": 0,
        "object novelty": 0,
        "overlaps subject-predicate": 0,
        "overlaps predicate-object": 0,
        "trust": 0.5,
        "Average degree": 10.909774436090226,
        "Sparseness": 0.008303182768952456,
        "Shortest path": 2.5200147260807384,
        "Total triples": 2902.0,
        "Total classes": 24,
        "Total predicates": 12,
        "Average population": 12.117647058823529,
        "Total claims": 6.0,
        "Total perspectives": 5.0,
        "Total conflicts": 0,
        "Total sources": 1.0,
        "Ratio claims to triples": 0.002067539627842867,
        "Ratio perspectives to triples": 0.0017229496898690559,
        "Ratio conflicts to triples": 0.0,
        "Ratio perspectives to claims": 0.8333333333333334,
        "Ratio conflicts to claims": 0.0
    },
    {
        "turn": 7,
        "cardinality conflicts": 0,
        "negation conflicts": 0,
        "subject gaps": 2,
        "object gaps": 2,
        "statement novelty": 0,
        "subject novelty": 1,
        "object novelty": 1,
        "overlaps subject-predicate": 0,
        "overlaps predicate-object": 0,
        "trust": 0.5,
        "Average degree": 10.886446886446887,
        "Sparseness": 0.008087455889653691,
        "Shortest path": 2.5353698289478106,
        "Total triples": 2972.0,
        "Total classes": 24,
        "Total predicates": 12,
        "Average population": 12.647058823529411,
        "Total claims": 7.0,
        "Total perspectives": 6.0,
        "Total conflicts": 0,
        "Total sources": 1.0,
        "Ratio claims to triples": 0.0023553162853297443,
        "Ratio perspectives to triples": 0.002018842530282638,
        "Ratio conflicts to triples": 0.0,
        "Ratio perspectives to claims": 0.8571428571428571,
        "Ratio conflicts to claims": 0.0
    },
    {
        "turn": 9,
        "cardinality conflicts": 0,
        "negation conflicts": 0,
        "subject gaps": 2,
        "object gaps": 2,
        "statement novelty": 0,
        "subject novelty": 0,
        "object novelty": 1,
        "overlaps subject-predicate": 0,
        "overlaps predicate-object": 0,
        "trust": 0.5,
        "Average degree": 10.881720430107526,
        "Sparseness": 0.007919990750375767,
        "Shortest path": 2.548348487480937,
        "Total triples": 3036.0,
        "Total classes": 24,
        "Total predicates": 12,
        "Average population": 13.098039215686274,
        "Total claims": 8.0,
        "Total perspectives": 7.0,
        "Total conflicts": 0,
        "Total sources": 1.0,
        "Ratio claims to triples": 0.002635046113306983,
        "Ratio perspectives to triples": 0.00230566534914361,
        "Ratio conflicts to triples": 0.0,
        "Ratio perspectives to claims": 0.875,
        "Ratio conflicts to claims": 0.0
    },
    {
        "turn": 11,
        "cardinality conflicts": 0,
        "negation conflicts": 0,
        "subject gaps": 2,
        "object gaps": 2,
        "statement novelty": 1,
        "subject novelty": 0,
        "object novelty": 0,
        "overlaps subject-predicate": 0,
        "overlaps predicate-object": 0,
        "trust": 0.5,
        "Average degree": 10.923623445825932,
        "Sparseness": 0.00787458710473264,
        "Shortest path": 2.5537126350322055,
        "Total triples": 3075.0,
        "Total classes": 24,
        "Total predicates": 12,
        "Average population": 13.27450980392157,
        "Total claims": 8.0,
        "Total perspectives": 7.0,
        "Total conflicts": 0,
        "Total sources": 1.0,
        "Ratio claims to triples": 0.0026016260162601626,
        "Ratio perspectives to triples": 0.0022764227642276423,
        "Ratio conflicts to triples": 0.0,
        "Ratio perspectives to claims": 0.875,
        "Ratio conflicts to claims": 0.0
    },
    {
        "turn": 13,
        "cardinality conflicts": 0,
        "negation conflicts": 0,
        "subject gaps": 2,
        "object gaps": 2,
        "statement novelty": 0,
        "subject novelty": 0,
        "object novelty": 1,
        "overlaps subject-predicate": 0,
        "overlaps predicate-object": 0,
        "trust": 0.5,
        "Average degree": 10.918260869565218,
        "Sparseness": 0.0077156899810964085,
        "Shortest path": 2.5659627329192545,
        "Total triples": 3139.0,
        "Total classes": 24,
        "Total predicates": 12,
        "Average population": 13.72549019607843,
        "Total claims": 9.0,
        "Total perspectives": 8.0,
        "Total conflicts": 0,
        "Total sources": 1.0,
        "Ratio claims to triples": 0.002867155144950621,
        "Ratio perspectives to triples": 0.002548582351067219,
        "Ratio conflicts to triples": 0.0,
        "Ratio perspectives to claims": 0.8888888888888888,
        "Ratio conflicts to claims": 0.0
    },
    {
        "turn": 15,
        "cardinality conflicts": 0,
        "negation conflicts": 0,
        "subject gaps": 2,
        "object gaps": 2,
        "statement novelty": 1,
        "subject novelty": 0,
        "object novelty": 0,
        "overlaps subject-predicate": 0,
        "overlaps predicate-object": 0,
        "trust": 0.5,
        "Average degree": 10.958620689655172,
        "Sparseness": 0.007672413793103449,
        "Shortest path": 2.5710380561014827,
        "Total triples": 3178.0,
        "Total classes": 24,
        "Total predicates": 12,
        "Average population": 13.901960784313726,
        "Total claims": 9.0,
        "Total perspectives": 8.0,
        "Total conflicts": 0,
        "Total sources": 1.0,
        "Ratio claims to triples": 0.0028319697923222154,
        "Ratio perspectives to triples": 0.0025173064820641915,
        "Ratio conflicts to triples": 0.0,
        "Ratio perspectives to claims": 0.8888888888888888,
        "Ratio conflicts to claims": 0.0
    },
    {
        "turn": 17,
        "cardinality conflicts": 0,
        "negation conflicts": 0,
        "subject gaps": 2,
        "object gaps": 2,
        "statement novelty": 1,
        "subject novelty": 0,
        "object novelty": 0,
        "overlaps subject-predicate": 0,
        "overlaps predicate-object": 0,
        "trust": 0.5,
        "Average degree": 10.998290598290598,
        "Sparseness": 0.007629483526919424,
        "Shortest path": 2.5760391054911604,
        "Total triples": 3217.0,
        "Total classes": 24,
        "Total predicates": 12,
        "Average population": 14.07843137254902,
        "Total claims": 9.0,
        "Total perspectives": 8.0,
        "Total conflicts": 0,
        "Total sources": 1.0,
        "Ratio claims to triples": 0.0027976375505129004,
        "Ratio perspectives to triples": 0.0024867889337892445,
        "Ratio conflicts to triples": 0.0,
        "Ratio perspectives to claims": 0.8888888888888888,
        "Ratio conflicts to claims": 0.0
    },
    {
        "turn": 19,
        "cardinality conflicts": 0,
        "negation conflicts": 0,
        "subject gaps": 2,
        "object gaps": 2,
        "statement novelty": 1,
        "subject novelty": 0,
        "object novelty": 0,
        "overlaps subject-predicate": 0,
        "overlaps predicate-object": 0,
        "trust": 0.5,
        "Average degree": 11.03728813559322,
        "Sparseness": 0.0075869003160011494,
        "Shortest path": 2.58095594371385,
        "Total triples": 3256.0,
        "Total classes": 24,
        "Total predicates": 12,
        "Average population": 14.254901960784315,
        "Total claims": 9.0,
        "Total perspectives": 8.0,
        "Total conflicts": 0,
        "Total sources": 1.0,
        "Ratio claims to triples": 0.002764127764127764,
        "Ratio perspectives to triples": 0.002457002457002457,
        "Ratio conflicts to triples": 0.0,
        "Ratio perspectives to claims": 0.8888888888888888,
        "Ratio conflicts to claims": 0.0
    }
]