[
    {
        "turn": 0,
        "cardinality conflicts": 0,
        "negation conflicts": 0,
        "subject gaps": 2,
        "object gaps": 2,
        "statement novelty": 0,
        "subject novelty": 1,
        "object novelty": 0,
        "overlaps subject-predicate": 0,
        "overlaps predicate-object": 2,
        "trust": 0.5,
        "Average degree": 10.924170616113743,
        "Sparseness": 0.005330349722602817,
        "Shortest path": 2.7472606859950637,
        "Total triples": 4610.0,
        "Total classes": 24,
        "Total predicates": 12,
        "Average population": 23.54901960784314,
        "Total claims": 27.0,
        "Total perspectives": 26.0,
        "Total conflicts": 0,
        "Total sources": 1.0,
        "Ratio claims to triples": 0.005856832971800434,
        "Ratio perspectives to triples": 0.005639913232104121,
        "Ratio conflicts to triples": 0.0,
        "Ratio perspectives to claims": 0.9629629629629629,
        "Ratio conflicts to claims": 0.0
    },
    {
        "turn": 3,
        "cardinality conflicts": 0,
        "negation conflicts": 0,
        "subject gaps": 2,
        "object gaps": 2,
        "statement novelty": 0,
        "subject novelty": 0,
        "object novelty": 1,
        "overlaps subject-predicate": 0,
        "overlaps predicate-object": 0,
        "trust": 0.5,
        "Average degree": 10.914819136522754,
        "Sparseness": 0.005248832798465244,
        "Shortest path": 2.752123796333657,
        "Total triples": 4677.0,
        "Total classes": 24,
        "Total predicates": 12,
        "Average population": 24.019607843137255,
        "Total claims": 28.0,
        "Total perspectives": 27.0,
        "Total conflicts": 0,
        "Total sources": 1.0,
        "Ratio claims to triples": 0.005986743639084883,
        "Ratio perspectives to triples": 0.005772931366260423,
        "Ratio conflicts to triples": 0.0,
        "Ratio perspectives to claims": 0.9642857142857143,
        "Ratio conflicts to claims": 0.0
    },
    {
        "turn": 5,
        "cardinality conflicts": 0,
        "negation conflicts": 0,
        "subject gaps": 2,
        "object gaps": 2,
        "statement novelty": 1,
        "subject novelty": 0,
        "object novelty": 0,
        "overlaps subject-predicate": 0,
        "overlaps predicate-object": 0,
        "trust": 0.5,
        "Average degree": 10.94199535962877,
        "Sparseness": 0.005228492525341703,
        "Shortest path": 2.754591191917885,
        "Total triples": 4716.0,
        "Total classes": 24,
        "Total predicates": 12,
        "Average population": 24.19607843137255,
        "Total claims": 28.0,
        "Total perspectives": 27.0,
        "Total conflicts": 0,
        "Total sources": 1.0,
        "Ratio claims to triples": 0.005937234944868533,
        "Ratio perspectives to triples": 0.0057251908396946565,
        "Ratio conflicts to triples": 0.0,
        "Ratio perspectives to claims": 0.9642857142857143,
        "Ratio conflicts to claims": 0.0
    },
    {
        "turn": 7,
        "cardinality conflicts": 0,
        "negation conflicts": 0,
        "subject gaps": 2,
        "object gaps": 2,
        "statement novelty": 0,
        "subject novelty": 1,
        "object novelty": 1,
        "overlaps subject-predicate": 0,
        "overlaps predicate-object": 0,
        "trust": 0.5,
        "Average degree": 10.926940639269406,
        "Sparseness": 0.00514219886991514,
        "Shortest path": 2.7606705805609915,
        "Total triples": 4786.0,
        "Total classes": 24,
        "Total predicates": 12,
        "Average population": 24.725490196078432,
        "Total claims": 29.0,
        "Total perspectives": 28.0,
        "Total conflicts": 0,
        "Total sources": 1.0,
        "Ratio claims to triples": 0.00605933974091099,
        "Ratio perspectives to triples": 0.0058503969912244045,
        "Ratio conflicts to triples": 0.0,
        "Ratio perspectives to claims": 0.9655172413793104,
        "Ratio conflicts to claims": 0.0
    },
    {
        "turn": 9,
        "cardinality conflicts": 0,
        "negation conflicts": 0,
        "subject gaps": 2,
        "object gaps": 2,
        "statement novelty": 1,
        "subject novelty": 0,
        "object novelty": 0,
        "overlaps subject-predicate": 0,
        "overlaps predicate-object": 0,
        "trust": 0.5,
        "Average degree": 10.953461975028377,
        "Sparseness": 0.005122648522664757,
        "Shortest path": 2.7630275513362914,
        "Total triples": 4825.0,
        "Total classes": 24,
        "Total predicates": 12,
        "Average population": 24.901960784313726,
        "Total claims": 29.0,
        "Total perspectives": 28.0,
        "Total conflicts": 0,
        "Total sources": 1.0,
        "Ratio claims to triples": 0.006010362694300518,
        "Ratio perspectives to triples": 0.005803108808290156,
        "Ratio conflicts to triples": 0.0,
        "Ratio perspectives to claims": 0.9655172413793104,
        "Ratio conflicts to claims": 0.0
    },
    {
        "turn": 11,
        "cardinality conflicts": 0,
        "negation conflicts": 0,
        "subject gaps": 2,
        "object gaps": 2,
        "statement novelty": 1,
        "subject novelty": 0,
        "object novelty": 0,
        "overlaps subject-predicate": 0,
        "overlaps predicate-object": 0,
        "trust": 0.5,
        "Average degree": 10.979683972911964,
        "Sparseness": 0.005103210716997284,
        "Shortest path": 2.7653594521176874,
        "Total triples": 4864.0,
        "Total classes": 24,
        "Total predicates": 12,
        "Average population": 25.07843137254902,
        "Total claims": 29.0,
        "Total perspectives": 28.0,
        "Total conflicts": 0,
        "Total sources": 1.0,
        "Ratio claims to triples": 0.005962171052631579,
        "Ratio perspectives to triples": 0.005756578947368421,
        "Ratio conflicts to triples": 0.0,
        "Ratio perspectives to claims": 0.9655172413793104,
        "Ratio conflicts to claims": 0.0
    },
    {
        "turn": 13,
        "cardinality conflicts": 0,
        "negation conflicts": 0,
        "subject gaps": 2,
        "object gaps": 2,
        "statement novelty": 0,
        "subject novelty": 0,
        "object novelty": 0,
        "overlaps subject-predicate": 0,
        "overlaps predicate-object": 1,
        "trust": 0.5,
        "Average degree": 10.986607142857142,
        "Sparseness": 0.005050970583545918,
        "Shortest path": 2.770046887470072,
        "Total triples": 4922.0,
        "Total classes": 24,
        "Total predicates": 12,
        "Average population": 25.45098039215686,
        "Total claims": 30.0,
        "Total perspectives": 29.0,
        "Total conflicts": 0,
        "Total sources": 1.0,
        "Ratio claims to triples": 0.006095083299471759,
        "Ratio perspectives to triples": 0.0058919138561560344,
        "Ratio conflicts to triples": 0.0,
        "Ratio perspectives to claims": 0.9666666666666667,
        "Ratio conflicts to claims": 0.0
    },
    {
        "turn": 15,
        "cardinality conflicts": 0,
        "negation conflicts": 0,
        "subject gaps": 2,
        "object gaps": 2,
        "statement novelty": 0,
        "subject novelty": 0,
        "object novelty": 0,
        "overlaps subject-predicate": 0,
        "overlaps predicate-object": 4,
        "trust": 0.5,
        "Average degree": 10.993377483443709,
        "Sparseness": 0.004999780711372308,
        "Shortest path": 2.7746344200114645,
        "Total triples": 4980.0,
        "Total classes": 24,
        "Total predicates": 12,
        "Average population": 25.823529411764707,
        "Total claims": 31.0,
        "Total perspectives": 30.0,
        "Total conflicts": 0,
        "Total sources": 1.0,
        "Ratio claims to triples": 0.006224899598393574,
        "Ratio perspectives to triples": 0.006024096385542169,
        "Ratio conflicts to triples": 0.0,
        "Ratio perspectives to claims": 0.967741935483871,
        "Ratio conflicts to claims": 0.0
    },
    {
        "turn": 17,
        "cardinality conflicts": 0,
        "negation conflicts": 0,
        "subject gaps": 2,
        "object gaps": 2,
        "statement novelty": 1,
        "subject novelty": 0,
        "object novelty": 0,
        "overlaps subject-predicate": 0,
        "overlaps predicate-object": 0,
        "trust": 0.5,
        "Average degree": 11.018660812294183,
        "Sparseness": 0.004981197005498114,
        "Shortest path": 2.7768470826648652,
        "Total triples": 5019.0,
        "Total classes": 24,
        "Total predicates": 12,
        "Average population": 26.0,
        "Total claims": 31.0,
        "Total perspectives": 30.0,
        "Total conflicts": 0,
        "Total sources": 1.0,
        "Ratio claims to triples": 0.00617652918908149,
        "Ratio perspectives to triples": 0.005977286312014346,
        "Ratio conflicts to triples": 0.0,
        "Ratio perspectives to claims": 0.967741935483871,
        "Ratio conflicts to claims": 0.0
    },
    {
        "turn": 19,
        "cardinality conflicts": 0,
        "negation conflicts": 0,
        "subject gaps": 2,
        "object gaps": 2,
        "statement novelty": 0,
        "subject novelty": 0,
        "object novelty": 1,
        "overlaps subject-predicate": 1,
        "overlaps predicate-object": 0,
        "trust": 0.5,
        "Average degree": 11.014084507042254,
        "Sparseness": 0.004917076423035253,
        "Shortest path": 2.781790022632038,
        "Total triples": 5083.0,
        "Total classes": 24,
        "Total predicates": 12,
        "Average population": 26.45098039215686,
        "Total claims": 32.0,
        "Total perspectives": 31.0,
        "Total conflicts": 0,
        "Total sources": 1.0,
        "Ratio claims to triples": 0.0062954947865433795,
        "Ratio perspectives to triples": 0.006098760574463899,
        "Ratio conflicts to triples": 0.0,
        "Ratio perspectives to claims": 0.96875,
        "Ratio conflicts to claims": 0.0
    }
]