[
    {
        "turn": 0,
        "cardinality conflicts": 0,
        "negation conflicts": 0,
        "subject gaps": 2,
        "object gaps": 2,
        "statement novelty": 0,
        "subject novelty": 0,
        "object novelty": 1,
        "overlaps subject-predicate": 0,
        "overlaps predicate-object": 0,
        "trust": 0.5,
        "Average degree": 11.029619181946403,
        "Sparseness": 0.006345972893345879,
        "Shortest path": 2.674706955766457,
        "Total triples": 3910.0,
        "Total classes": 24,
        "Total predicates": 12,
        "Average population": 18.49019607843137,
        "Total claims": 16.0,
        "Total perspectives": 15.0,
        "Total conflicts": 0,
        "Total sources": 1.0,
        "Ratio claims to triples": 0.004092071611253197,
        "Ratio perspectives to triples": 0.0038363171355498722,
        "Ratio conflicts to triples": 0.0,
        "Ratio perspectives to claims": 0.9375,
        "Ratio conflicts to claims": 0.0
    },
    {
        "turn": 3,
        "cardinality conflicts": 0,
        "negation conflicts": 0,
        "subject gaps": 2,
        "object gaps": 2,
        "statement novelty": 1,
        "subject novelty": 0,
        "object novelty": 0,
        "overlaps subject-predicate": 0,
        "overlaps predicate-object": 0,
        "trust": 0.5,
        "Average degree": 11.054545454545455,
        "Sparseness": 0.006304464766003228,
        "Shortest path": 2.677236489001195,
        "Total triples": 3952.0,
        "Total classes": 24,
        "Total predicates": 12,
        "Average population": 18.686274509803923,
        "Total claims": 16.0,
        "Total perspectives": 15.0,
        "Total conflicts": 0,
        "Total sources": 1.0,
        "Ratio claims to triples": 0.004048582995951417,
        "Ratio perspectives to triples": 0.0037955465587044533,
        "Ratio conflicts to triples": 0.0,
        "Ratio perspectives to claims": 0.9375,
        "Ratio conflicts to claims": 0.0
    },
    {
        "turn": 5,
        "cardinality conflicts": 0,
        "negation conflicts": 0,
        "subject gaps": 2,
        "object gaps": 2,
        "statement novelty": 0,
        "subject novelty": 1,
        "object novelty": 1,
        "overlaps subject-predicate": 0,
        "overlaps predicate-object": 0,
        "trust": 0.5,
        "Average degree": 11.034293552812072,
        "Sparseness": 0.006179425373653896,
        "Shortest path": 2.6859501952094544,
        "Total triples": 4022.0,
        "Total classes": 24,
        "Total predicates": 12,
        "Average population": 19.215686274509803,
        "Total claims": 17.0,
        "Total perspectives": 16.0,
        "Total conflicts": 0,
        "Total sources": 1.0,
        "Ratio claims to triples": 0.004226752859273993,
        "Ratio perspectives to triples": 0.003978120338140228,
        "Ratio conflicts to triples": 0.0,
        "Ratio perspectives to claims": 0.9411764705882353,
        "Ratio conflicts to claims": 0.0
    },
    {
        "turn": 7,
        "cardinality conflicts": 0,
        "negation conflicts": 0,
        "subject gaps": 2,
        "object gaps": 2,
        "statement novelty": 0,
        "subject novelty": 0,
        "object novelty": 0,
        "overlaps subject-predicate": 0,
        "overlaps predicate-object": 1,
        "trust": 0.5,
        "Average degree": 11.041948579161028,
        "Sparseness": 0.006103043098507474,
        "Shortest path": 2.6926301198059344,
        "Total triples": 4080.0,
        "Total classes": 24,
        "Total predicates": 12,
        "Average population": 19.58823529411765,
        "Total claims": 18.0,
        "Total perspectives": 17.0,
        "Total conflicts": 0,
        "Total sources": 1.0,
        "Ratio claims to triples": 0.004411764705882353,
        "Ratio perspectives to triples": 0.004166666666666667,
        "Ratio conflicts to triples": 0.0,
        "Ratio perspectives to claims": 0.9444444444444444,
        "Ratio conflicts to claims": 0.0
    },
    {
        "turn": 9,
        "cardinality conflicts": 0,
        "negation conflicts": 0,
        "subject gaps": 2,
        "object gaps": 2,
        "statement novelty": 1,
        "subject novelty": 1,
        "object novelty": 0,
        "overlaps subject-predicate": 0,
        "overlaps predicate-object": 2,
        "trust": 0.5,
        "Average degree": 11.076510067114095,
        "Sparseness": 0.006071798567632089,
        "Shortest path": 2.6949014938298332,
        "Total triples": 4126.0,
        "Total classes": 24,
        "Total predicates": 12,
        "Average population": 19.84313725490196,
        "Total claims": 18.0,
        "Total perspectives": 17.0,
        "Total conflicts": 0,
        "Total sources": 1.0,
        "Ratio claims to triples": 0.004362578768783325,
        "Ratio perspectives to triples": 0.004120213281628696,
        "Ratio conflicts to triples": 0.0,
        "Ratio perspectives to claims": 0.9444444444444444,
        "Ratio conflicts to claims": 0.0
    },
    {
        "turn": 11,
        "cardinality conflicts": 0,
        "negation conflicts": 0,
        "subject gaps": 2,
        "object gaps": 2,
        "statement novelty": 1,
        "subject novelty": 0,
        "object novelty": 0,
        "overlaps subject-predicate": 0,
        "overlaps predicate-object": 1,
        "trust": 0.5,
        "Average degree": 11.106666666666667,
        "Sparseness": 0.006044444444444444,
        "Shortest path": 2.698068535825545,
        "Total triples": 4165.0,
        "Total classes": 24,
        "Total predicates": 12,
        "Average population": 20.019607843137255,
        "Total claims": 18.0,
        "Total perspectives": 17.0,
        "Total conflicts": 0,
        "Total sources": 1.0,
        "Ratio claims to triples": 0.004321728691476591,
        "Ratio perspectives to triples": 0.004081632653061225,
        "Ratio conflicts to triples": 0.0,
        "Ratio perspectives to claims": 0.9444444444444444,
        "Ratio conflicts to claims": 0.0
    },
    {
        "turn": 13,
        "cardinality conflicts": 0,
        "negation conflicts": 0,
        "subject gaps": 2,
        "object gaps": 2,
        "statement novelty": 0,
        "subject novelty": 0,
        "object novelty": 1,
        "overlaps subject-predicate": 0,
        "overlaps predicate-object": 0,
        "trust": 0.5,
        "Average degree": 11.0997375328084,
        "Sparseness": 0.0059502896783571345,
        "Shortest path": 2.705226235682432,
        "Total triples": 4229.0,
        "Total classes": 24,
        "Total predicates": 12,
        "Average population": 20.470588235294116,
        "Total claims": 19.0,
        "Total perspectives": 18.0,
        "Total conflicts": 0,
        "Total sources": 1.0,
        "Ratio claims to triples": 0.004492787893118941,
        "Ratio perspectives to triples": 0.00425632537242847,
        "Ratio conflicts to triples": 0.0,
        "Ratio perspectives to claims": 0.9473684210526315,
        "Ratio conflicts to claims": 0.0
    },
    {
        "turn": 15,
        "cardinality conflicts": 0,
        "negation conflicts": 0,
        "subject gaps": 2,
        "object gaps": 2,
        "statement novelty": 1,
        "subject novelty": 0,
        "object novelty": 0,
        "overlaps subject-predicate": 0,
        "overlaps predicate-object": 0,
        "trust": 0.5,
        "Average degree": 11.129074315514993,
        "Sparseness": 0.005923959142530287,
        "Shortest path": 2.7082628395192008,
        "Total triples": 4268.0,
        "Total classes": 24,
        "Total predicates": 12,
        "Average population": 20.647058823529413,
        "Total claims": 19.0,
        "Total perspectives": 18.0,
        "Total conflicts": 0,
        "Total sources": 1.0,
        "Ratio claims to triples": 0.004451733833177133,
        "Ratio perspectives to triples": 0.004217432052483599,
        "Ratio conflicts to triples": 0.0,
        "Ratio perspectives to claims": 0.9473684210526315,
        "Ratio conflicts to claims": 0.0
    },
    {
        "turn": 17,
        "cardinality conflicts": 0,
        "negation conflicts": 0,
        "subject gaps": 2,
        "object gaps": 2,
        "statement novelty": 0,
        "subject novelty": 1,
        "object novelty": 1,
        "overlaps subject-predicate": 0,
        "overlaps predicate-object": 0,
        "trust": 0.5,
        "Average degree": 11.108834827144687,
        "Sparseness": 0.005813486436018041,
        "Shortest path": 2.715877080665813,
        "Total triples": 4338.0,
        "Total classes": 24,
        "Total predicates": 12,
        "Average population": 21.176470588235293,
        "Total claims": 20.0,
        "Total perspectives": 19.0,
        "Total conflicts": 0,
        "Total sources": 1.0,
        "Ratio claims to triples": 0.004610419548178884,
        "Ratio perspectives to triples": 0.00437989857076994,
        "Ratio conflicts to triples": 0.0,
        "Ratio perspectives to claims": 0.95,
        "Ratio conflicts to claims": 0.0
    },
    {
        "turn": 19,
        "cardinality conflicts": 0,
        "negation conflicts": 0,
        "subject gaps": 2,
        "object gaps": 2,
        "statement novelty": 0,
        "subject novelty": 0,
        "object novelty": 0,
        "overlaps subject-predicate": 0,
        "overlaps predicate-object": 1,
        "trust": 0.5,
        "Average degree": 11.11504424778761,
        "Sparseness": 0.005745739442303666,
        "Shortest path": 2.7217718318424042,
        "Total triples": 4396.0,
        "Total classes": 24,
        "Total predicates": 12,
        "Average population": 21.54901960784314,
        "Total claims": 21.0,
        "Total perspectives": 20.0,
        "Total conflicts": 0,
        "Total sources": 1.0,
        "Ratio claims to triples": 0.004777070063694267,
        "Ratio perspectives to triples": 0.004549590536851683,
        "Ratio conflicts to triples": 0.0,
        "Ratio perspectives to claims": 0.9523809523809523,
        "Ratio conflicts to claims": 0.0
    }
]