[
    {
        "turn": 0,
        "cardinality conflicts": 0,
        "negation conflicts": 0,
        "subject gaps": 2,
        "object gaps": 2,
        "statement novelty": 0,
        "subject novelty": 0,
        "object novelty": 1,
        "overlaps subject-predicate": 0,
        "overlaps predicate-object": 0,
        "trust": 0.5,
        "Average degree": 10.83378016085791,
        "Sparseness": 0.005967483414672714,
        "Shortest path": 2.697364017489249,
        "Total triples": 4041.0,
        "Total classes": 24,
        "Total predicates": 12,
        "Average population": 19.941176470588236,
        "Total claims": 21.0,
        "Total perspectives": 20.0,
        "Total conflicts": 0,
        "Total sources": 1.0,
        "Ratio claims to triples": 0.005196733481811433,
        "Ratio perspectives to triples": 0.004949269982677555,
        "Ratio conflicts to triples": 0.0,
        "Ratio perspectives to claims": 0.9523809523809523,
        "Ratio conflicts to claims": 0.0
    },
    {
        "turn": 3,
        "cardinality conflicts": 0,
        "negation conflicts": 0,
        "subject gaps": 2,
        "object gaps": 2,
        "statement novelty": 0,
        "subject novelty": 0,
        "object novelty": 1,
        "overlaps subject-predicate": 0,
        "overlaps predicate-object": 0,
        "trust": 0.5,
        "Average degree": 10.824769433465086,
        "Sparseness": 0.005865494609265017,
        "Shortest path": 2.703651172734573,
        "Total triples": 4108.0,
        "Total classes": 24,
        "Total predicates": 12,
        "Average population": 20.41176470588235,
        "Total claims": 22.0,
        "Total perspectives": 21.0,
        "Total conflicts": 0,
        "Total sources": 1.0,
        "Ratio claims to triples": 0.005355404089581304,
        "Ratio perspectives to triples": 0.005111976630963973,
        "Ratio conflicts to triples": 0.0,
        "Ratio perspectives to claims": 0.9545454545454546,
        "Ratio conflicts to claims": 0.0
    },
    {
        "turn": 5,
        "cardinality conflicts": 0,
        "negation conflicts": 0,
        "subject gaps": 2,
        "object gaps": 2,
        "statement novelty": 0,
        "subject novelty": 0,
        "object novelty": 0,
        "overlaps subject-predicate": 0,
        "overlaps predicate-object": 1,
        "trust": 0.5,
        "Average degree": 10.834850455136541,
        "Sparseness": 0.005796797556822313,
        "Shortest path": 2.7098504551365408,
        "Total triples": 4166.0,
        "Total classes": 24,
        "Total predicates": 12,
        "Average population": 20.784313725490197,
        "Total claims": 23.0,
        "Total perspectives": 22.0,
        "Total conflicts": 0,
        "Total sources": 1.0,
        "Ratio claims to triples": 0.005520883341334613,
        "Ratio perspectives to triples": 0.00528084493518963,
        "Ratio conflicts to triples": 0.0,
        "Ratio perspectives to claims": 0.9565217391304348,
        "Ratio conflicts to claims": 0.0
    },
    {
        "turn": 7,
        "cardinality conflicts": 0,
        "negation conflicts": 0,
        "subject gaps": 2,
        "object gaps": 2,
        "statement novelty": 0,
        "subject novelty": 1,
        "object novelty": 1,
        "overlaps subject-predicate": 0,
        "overlaps predicate-object": 0,
        "trust": 0.5,
        "Average degree": 10.81992337164751,
        "Sparseness": 0.005690854019563228,
        "Shortest path": 2.7174027365402265,
        "Total triples": 4236.0,
        "Total classes": 24,
        "Total predicates": 12,
        "Average population": 21.313725490196077,
        "Total claims": 24.0,
        "Total perspectives": 23.0,
        "Total conflicts": 0,
        "Total sources": 1.0,
        "Ratio claims to triples": 0.0056657223796034,
        "Ratio perspectives to triples": 0.005429650613786591,
        "Ratio conflicts to triples": 0.0,
        "Ratio perspectives to claims": 0.9583333333333334,
        "Ratio conflicts to claims": 0.0
    },
    {
        "turn": 9,
        "cardinality conflicts": 0,
        "negation conflicts": 0,
        "subject gaps": 2,
        "object gaps": 2,
        "statement novelty": 0,
        "subject novelty": 0,
        "object novelty": 0,
        "overlaps subject-predicate": 0,
        "overlaps predicate-object": 2,
        "trust": 0.5,
        "Average degree": 10.829760403530896,
        "Sparseness": 0.005626151906101465,
        "Shortest path": 2.723253977352338,
        "Total triples": 4294.0,
        "Total classes": 24,
        "Total predicates": 12,
        "Average population": 21.686274509803923,
        "Total claims": 25.0,
        "Total perspectives": 24.0,
        "Total conflicts": 0,
        "Total sources": 1.0,
        "Ratio claims to triples": 0.005822077317186773,
        "Ratio perspectives to triples": 0.0055891942244993015,
        "Ratio conflicts to triples": 0.0,
        "Ratio perspectives to claims": 0.96,
        "Ratio conflicts to claims": 0.0
    },
    {
        "turn": 11,
        "cardinality conflicts": 0,
        "negation conflicts": 0,
        "subject gaps": 2,
        "object gaps": 2,
        "statement novelty": 1,
        "subject novelty": 0,
        "object novelty": 0,
        "overlaps subject-predicate": 0,
        "overlaps predicate-object": 0,
        "trust": 0.5,
        "Average degree": 10.859649122807017,
        "Sparseness": 0.005602979880779643,
        "Shortest path": 2.72606547736971,
        "Total triples": 4333.0,
        "Total classes": 24,
        "Total predicates": 12,
        "Average population": 21.862745098039216,
        "Total claims": 25.0,
        "Total perspectives": 24.0,
        "Total conflicts": 0,
        "Total sources": 1.0,
        "Ratio claims to triples": 0.005769674590353104,
        "Ratio perspectives to triples": 0.0055388876067389795,
        "Ratio conflicts to triples": 0.0,
        "Ratio perspectives to claims": 0.96,
        "Ratio conflicts to claims": 0.0
    },
    {
        "turn": 13,
        "cardinality conflicts": 0,
        "negation conflicts": 0,
        "subject gaps": 2,
        "object gaps": 2,
        "statement novelty": 1,
        "subject novelty": 0,
        "object novelty": 0,
        "overlaps subject-predicate": 0,
        "overlaps predicate-object": 0,
        "trust": 0.5,
        "Average degree": 10.889165628891655,
        "Sparseness": 0.005579946930021138,
        "Shortest path": 2.7288472467647815,
        "Total triples": 4372.0,
        "Total classes": 24,
        "Total predicates": 12,
        "Average population": 22.03921568627451,
        "Total claims": 25.0,
        "Total perspectives": 24.0,
        "Total conflicts": 0,
        "Total sources": 1.0,
        "Ratio claims to triples": 0.0057182067703568165,
        "Ratio perspectives to triples": 0.0054894784995425435,
        "Ratio conflicts to triples": 0.0,
        "Ratio perspectives to claims": 0.96,
        "Ratio conflicts to claims": 0.0
    },
    {
        "turn": 15,
        "cardinality conflicts": 0,
        "negation conflicts": 0,
        "subject gaps": 2,
        "object gaps": 2,
        "statement novelty": 0,
        "subject novelty": 0,
        "object novelty": 1,
        "overlaps subject-predicate": 0,
        "overlaps predicate-object": 0,
        "trust": 0.5,
        "Average degree": 10.885889570552147,
        "Sparseness": 0.005499642440438104,
        "Shortest path": 2.735104987865724,
        "Total triples": 4436.0,
        "Total classes": 24,
        "Total predicates": 12,
        "Average population": 22.49019607843137,
        "Total claims": 26.0,
        "Total perspectives": 25.0,
        "Total conflicts": 0,
        "Total sources": 1.0,
        "Ratio claims to triples": 0.005861136158701533,
        "Ratio perspectives to triples": 0.00563570784490532,
        "Ratio conflicts to triples": 0.0,
        "Ratio perspectives to claims": 0.9615384615384616,
        "Ratio conflicts to claims": 0.0
    },
    {
        "turn": 17,
        "cardinality conflicts": 0,
        "negation conflicts": 0,
        "subject gaps": 2,
        "object gaps": 2,
        "statement novelty": 1,
        "subject novelty": 0,
        "object novelty": 0,
        "overlaps subject-predicate": 0,
        "overlaps predicate-object": 0,
        "trust": 0.5,
        "Average degree": 10.914634146341463,
        "Sparseness": 0.005477394408090423,
        "Shortest path": 2.7377765865570742,
        "Total triples": 4475.0,
        "Total classes": 24,
        "Total predicates": 12,
        "Average population": 22.666666666666668,
        "Total claims": 26.0,
        "Total perspectives": 25.0,
        "Total conflicts": 0,
        "Total sources": 1.0,
        "Ratio claims to triples": 0.005810055865921788,
        "Ratio perspectives to triples": 0.00558659217877095,
        "Ratio conflicts to triples": 0.0,
        "Ratio perspectives to claims": 0.9615384615384616,
        "Ratio conflicts to claims": 0.0
    },
    {
        "turn": 19,
        "cardinality conflicts": 0,
        "negation conflicts": 0,
        "subject gaps": 2,
        "object gaps": 2,
        "statement novelty": 0,
        "subject novelty": 0,
        "object novelty": 1,
        "overlaps subject-predicate": 0,
        "overlaps predicate-object": 0,
        "trust": 0.5,
        "Average degree": 10.911057692307692,
        "Sparseness": 0.005399986131656805,
        "Shortest path": 2.743786448208831,
        "Total triples": 4539.0,
        "Total classes": 24,
        "Total predicates": 12,
        "Average population": 23.11764705882353,
        "Total claims": 27.0,
        "Total perspectives": 26.0,
        "Total conflicts": 0,
        "Total sources": 1.0,
        "Ratio claims to triples": 0.005948446794448116,
        "Ratio perspectives to triples": 0.005728133950209297,
        "Ratio conflicts to triples": 0.0,
        "Ratio perspectives to claims": 0.9629629629629629,
        "Ratio conflicts to claims": 0.0
    }
]