[
    {
        "turn": 0,
        "cardinality conflicts": 0,
        "negation conflicts": 0,
        "subject gaps": 2,
        "object gaps": 2,
        "statement novelty": 0,
        "subject novelty": 1,
        "object novelty": 0,
        "overlaps subject-predicate": 0,
        "overlaps predicate-object": 2,
        "trust": 0.5,
        "Average degree": 11.023842917251052,
        "Sparseness": 0.006314311061453393,
        "Shortest path": 2.6764226168901777,
        "Total triples": 3930.0,
        "Total classes": 24,
        "Total predicates": 12,
        "Average population": 18.686274509803923,
        "Total claims": 17.0,
        "Total perspectives": 16.0,
        "Total conflicts": 0,
        "Total sources": 1.0,
        "Ratio claims to triples": 0.004325699745547073,
        "Ratio perspectives to triples": 0.004071246819338422,
        "Ratio conflicts to triples": 0.0,
        "Ratio perspectives to claims": 0.9411764705882353,
        "Ratio conflicts to claims": 0.0
    },
    {
        "turn": 3,
        "cardinality conflicts": 0,
        "negation conflicts": 0,
        "subject gaps": 2,
        "object gaps": 2,
        "statement novelty": 0,
        "subject novelty": 0,
        "object novelty": 0,
        "overlaps subject-predicate": 0,
        "overlaps predicate-object": 1,
        "trust": 0.5,
        "Average degree": 11.024861878453038,
        "Sparseness": 0.006223100637953664,
        "Shortest path": 2.682454169627779,
        "Total triples": 3991.0,
        "Total classes": 24,
        "Total predicates": 12,
        "Average population": 19.07843137254902,
        "Total claims": 18.0,
        "Total perspectives": 17.0,
        "Total conflicts": 0,
        "Total sources": 1.0,
        "Ratio claims to triples": 0.0045101478326234025,
        "Ratio perspectives to triples": 0.004259584064144325,
        "Ratio conflicts to triples": 0.0,
        "Ratio perspectives to claims": 0.9444444444444444,
        "Ratio conflicts to claims": 0.0
    },
    {
        "turn": 5,
        "cardinality conflicts": 0,
        "negation conflicts": 0,
        "subject gaps": 2,
        "object gaps": 2,
        "statement novelty": 0,
        "subject novelty": 1,
        "object novelty": 0,
        "overlaps subject-predicate": 0,
        "overlaps predicate-object": 0,
        "trust": 0.5,
        "Average degree": 11.014925373134329,
        "Sparseness": 0.006114119178377264,
        "Shortest path": 2.6918544628635477,
        "Total triples": 4059.0,
        "Total classes": 24,
        "Total predicates": 12,
        "Average population": 19.58823529411765,
        "Total claims": 19.0,
        "Total perspectives": 18.0,
        "Total conflicts": 0,
        "Total sources": 1.0,
        "Ratio claims to triples": 0.004680955900468096,
        "Ratio perspectives to triples": 0.004434589800443459,
        "Ratio conflicts to triples": 0.0,
        "Ratio perspectives to claims": 0.9473684210526315,
        "Ratio conflicts to claims": 0.0
    },
    {
        "turn": 7,
        "cardinality conflicts": 0,
        "negation conflicts": 0,
        "subject gaps": 2,
        "object gaps": 2,
        "statement novelty": 0,
        "subject novelty": 0,
        "object novelty": 1,
        "overlaps subject-predicate": 0,
        "overlaps predicate-object": 0,
        "trust": 0.5,
        "Average degree": 11.009345794392523,
        "Sparseness": 0.0060178145850007395,
        "Shortest path": 2.699224634628703,
        "Total triples": 4123.0,
        "Total classes": 24,
        "Total predicates": 12,
        "Average population": 20.03921568627451,
        "Total claims": 20.0,
        "Total perspectives": 19.0,
        "Total conflicts": 0,
        "Total sources": 1.0,
        "Ratio claims to triples": 0.004850836769342712,
        "Ratio perspectives to triples": 0.004608294930875576,
        "Ratio conflicts to triples": 0.0,
        "Ratio perspectives to claims": 0.95,
        "Ratio conflicts to claims": 0.0
    },
    {
        "turn": 9,
        "cardinality conflicts": 0,
        "negation conflicts": 0,
        "subject gaps": 2,
        "object gaps": 2,
        "statement novelty": 1,
        "subject novelty": 0,
        "object novelty": 0,
        "overlaps subject-predicate": 0,
        "overlaps predicate-object": 0,
        "trust": 0.5,
        "Average degree": 11.039787798408488,
        "Sparseness": 0.005991036312082685,
        "Shortest path": 2.7023471102328087,
        "Total triples": 4162.0,
        "Total classes": 24,
        "Total predicates": 12,
        "Average population": 20.215686274509803,
        "Total claims": 20.0,
        "Total perspectives": 19.0,
        "Total conflicts": 0,
        "Total sources": 1.0,
        "Ratio claims to triples": 0.004805382027871216,
        "Ratio perspectives to triples": 0.004565112926477655,
        "Ratio conflicts to triples": 0.0,
        "Ratio perspectives to claims": 0.95,
        "Ratio conflicts to claims": 0.0
    },
    {
        "turn": 11,
        "cardinality conflicts": 0,
        "negation conflicts": 0,
        "subject gaps": 2,
        "object gaps": 2,
        "statement novelty": 0,
        "subject novelty": 0,
        "object novelty": 1,
        "overlaps subject-predicate": 0,
        "overlaps predicate-object": 0,
        "trust": 0.5,
        "Average degree": 11.033942558746736,
        "Sparseness": 0.005898533632378706,
        "Shortest path": 2.7094011843205514,
        "Total triples": 4226.0,
        "Total classes": 24,
        "Total predicates": 12,
        "Average population": 20.666666666666668,
        "Total claims": 21.0,
        "Total perspectives": 20.0,
        "Total conflicts": 0,
        "Total sources": 1.0,
        "Ratio claims to triples": 0.0049692380501656416,
        "Ratio perspectives to triples": 0.00473260766682442,
        "Ratio conflicts to triples": 0.0,
        "Ratio perspectives to claims": 0.9523809523809523,
        "Ratio conflicts to claims": 0.0
    },
    {
        "turn": 13,
        "cardinality conflicts": 0,
        "negation conflicts": 0,
        "subject gaps": 2,
        "object gaps": 2,
        "statement novelty": 1,
        "subject novelty": 0,
        "object novelty": 0,
        "overlaps subject-predicate": 0,
        "overlaps predicate-object": 0,
        "trust": 0.5,
        "Average degree": 11.06355382619974,
        "Sparseness": 0.005872744309359549,
        "Shortest path": 2.712395775430795,
        "Total triples": 4265.0,
        "Total classes": 24,
        "Total predicates": 12,
        "Average population": 20.84313725490196,
        "Total claims": 21.0,
        "Total perspectives": 20.0,
        "Total conflicts": 0,
        "Total sources": 1.0,
        "Ratio claims to triples": 0.00492379835873388,
        "Ratio perspectives to triples": 0.004689331770222743,
        "Ratio conflicts to triples": 0.0,
        "Ratio perspectives to claims": 0.9523809523809523,
        "Ratio conflicts to claims": 0.0
    },
    {
        "turn": 15,
        "cardinality conflicts": 0,
        "negation conflicts": 0,
        "subject gaps": 2,
        "object gaps": 2,
        "statement novelty": 0,
        "subject novelty": 0,
        "object novelty": 1,
        "overlaps subject-predicate": 0,
        "overlaps predicate-object": 0,
        "trust": 0.5,
        "Average degree": 11.057471264367816,
        "Sparseness": 0.005783825839315336,
        "Shortest path": 2.719153495147851,
        "Total triples": 4329.0,
        "Total classes": 24,
        "Total predicates": 12,
        "Average population": 21.294117647058822,
        "Total claims": 22.0,
        "Total perspectives": 21.0,
        "Total conflicts": 0,
        "Total sources": 1.0,
        "Ratio claims to triples": 0.005082005082005082,
        "Ratio perspectives to triples": 0.004851004851004851,
        "Ratio conflicts to triples": 0.0,
        "Ratio perspectives to claims": 0.9545454545454546,
        "Ratio conflicts to claims": 0.0
    },
    {
        "turn": 17,
        "cardinality conflicts": 0,
        "negation conflicts": 0,
        "subject gaps": 2,
        "object gaps": 2,
        "statement novelty": 1,
        "subject novelty": 0,
        "object novelty": 0,
        "overlaps subject-predicate": 0,
        "overlaps predicate-object": 0,
        "trust": 0.5,
        "Average degree": 11.086294416243655,
        "Sparseness": 0.005758973433997268,
        "Shortest path": 2.722028005856591,
        "Total triples": 4368.0,
        "Total classes": 24,
        "Total predicates": 12,
        "Average population": 21.470588235294116,
        "Total claims": 22.0,
        "Total perspectives": 21.0,
        "Total conflicts": 0,
        "Total sources": 1.0,
        "Ratio claims to triples": 0.005036630036630037,
        "Ratio perspectives to triples": 0.004807692307692308,
        "Ratio conflicts to triples": 0.0,
        "Ratio perspectives to claims": 0.9545454545454546,
        "Ratio conflicts to claims": 0.0
    },
    {
        "turn": 19,
        "cardinality conflicts": 0,
        "negation conflicts": 0,
        "subject gaps": 2,
        "object gaps": 2,
        "statement novelty": 0,
        "subject novelty": 0,
        "object novelty": 1,
        "overlaps subject-predicate": 1,
        "overlaps predicate-object": 0,
        "trust": 0.5,
        "Average degree": 11.08,
        "Sparseness": 0.0056734375,
        "Shortest path": 2.7285075093867333,
        "Total triples": 4432.0,
        "Total classes": 24,
        "Total predicates": 12,
        "Average population": 21.92156862745098,
        "Total claims": 23.0,
        "Total perspectives": 22.0,
        "Total conflicts": 0,
        "Total sources": 1.0,
        "Ratio claims to triples": 0.005189530685920578,
        "Ratio perspectives to triples": 0.004963898916967509,
        "Ratio conflicts to triples": 0.0,
        "Ratio perspectives to claims": 0.9565217391304348,
        "Ratio conflicts to claims": 0.0
    }
]