[
    {
        "turn": 0,
        "cardinality conflicts": 0,
        "negation conflicts": 0,
        "subject gaps": 2,
        "object gaps": 2,
        "statement novelty": 0,
        "subject novelty": 1,
        "object novelty": 1,
        "overlaps subject-predicate": 0,
        "overlaps predicate-object": 0,
        "trust": 0.5,
        "Average degree": 10.762264150943397,
        "Sparseness": 0.008252046991812033,
        "Shortest path": 2.5189856261368906,
        "Total triples": 2852.0,
        "Total classes": 24,
        "Total predicates": 12,
        "Average population": 12.098039215686274,
        "Total claims": 7.0,
        "Total perspectives": 6.0,
        "Total conflicts": 0,
        "Total sources": 1.0,
        "Ratio claims to triples": 0.0024544179523141654,
        "Ratio perspectives to triples": 0.0021037868162692847,
        "Ratio conflicts to triples": 0.0,
        "Ratio perspectives to claims": 0.8571428571428571,
        "Ratio conflicts to claims": 0.0
    },
    {
        "turn": 3,
        "cardinality conflicts": 0,
        "negation conflicts": 0,
        "subject gaps": 2,
        "object gaps": 2,
        "statement novelty": 0,
        "subject novelty": 0,
        "object novelty": 1,
        "overlaps subject-predicate": 1,
        "overlaps predicate-object": 0,
        "trust": 0.5,
        "Average degree": 10.751381215469614,
        "Sparseness": 0.008058362076859681,
        "Shortest path": 2.5317118917045525,
        "Total triples": 2919.0,
        "Total classes": 24,
        "Total predicates": 12,
        "Average population": 12.568627450980392,
        "Total claims": 8.0,
        "Total perspectives": 7.0,
        "Total conflicts": 0,
        "Total sources": 1.0,
        "Ratio claims to triples": 0.0027406646111682084,
        "Ratio perspectives to triples": 0.002398081534772182,
        "Ratio conflicts to triples": 0.0,
        "Ratio perspectives to claims": 0.875,
        "Ratio conflicts to claims": 0.0
    },
    {
        "turn": 5,
        "cardinality conflicts": 0,
        "negation conflicts": 0,
        "subject gaps": 2,
        "object gaps": 2,
        "statement novelty": 1,
        "subject novelty": 0,
        "object novelty": 0,
        "overlaps subject-predicate": 0,
        "overlaps predicate-object": 0,
        "trust": 0.5,
        "Average degree": 10.795620437956204,
        "Sparseness": 0.008011881293622463,
        "Shortest path": 2.53735037830769,
        "Total triples": 2958.0,
        "Total classes": 24,
        "Total predicates": 12,
        "Average population": 12.745098039215685,
        "Total claims": 8.0,
        "Total perspectives": 7.0,
        "Total conflicts": 0,
        "Total sources": 1.0,
        "Ratio claims to triples": 0.002704530087897228,
        "Ratio perspectives to triples": 0.0023664638269100743,
        "Ratio conflicts to triples": 0.0,
        "Ratio perspectives to claims": 0.875,
        "Ratio conflicts to claims": 0.0
    },
    {
        "turn": 7,
        "cardinality conflicts": 0,
        "negation conflicts": 0,
        "subject gaps": 2,
        "object gaps": 2,
        "statement novelty": 0,
        "subject novelty": 0,
        "object novelty": 1,
        "overlaps subject-predicate": 0,
        "overlaps predicate-object": 0,
        "trust": 0.5,
        "Average degree": 10.792857142857143,
        "Sparseness": 0.007847576530612245,
        "Shortest path": 2.5502363915154613,
        "Total triples": 3022.0,
        "Total classes": 24,
        "Total predicates": 12,
        "Average population": 13.196078431372548,
        "Total claims": 9.0,
        "Total perspectives": 8.0,
        "Total conflicts": 0,
        "Total sources": 1.0,
        "Ratio claims to triples": 0.0029781601588352085,
        "Ratio perspectives to triples": 0.0026472534745201853,
        "Ratio conflicts to triples": 0.0,
        "Ratio perspectives to claims": 0.8888888888888888,
        "Ratio conflicts to claims": 0.0
    },
    {
        "turn": 9,
        "cardinality conflicts": 0,
        "negation conflicts": 0,
        "subject gaps": 2,
        "object gaps": 2,
        "statement novelty": 0,
        "subject novelty": 1,
        "object novelty": 0,
        "overlaps subject-predicate": 0,
        "overlaps predicate-object": 1,
        "trust": 0.5,
        "Average degree": 10.79020979020979,
        "Sparseness": 0.00768986258496748,
        "Shortest path": 2.5626063953559575,
        "Total triples": 3086.0,
        "Total classes": 24,
        "Total predicates": 12,
        "Average population": 13.647058823529411,
        "Total claims": 10.0,
        "Total perspectives": 9.0,
        "Total conflicts": 0,
        "Total sources": 1.0,
        "Ratio claims to triples": 0.0032404406999351912,
        "Ratio perspectives to triples": 0.002916396629941672,
        "Ratio conflicts to triples": 0.0,
        "Ratio perspectives to claims": 0.9,
        "Ratio conflicts to claims": 0.0
    },
    {
        "turn": 11,
        "cardinality conflicts": 0,
        "negation conflicts": 0,
        "subject gaps": 2,
        "object gaps": 2,
        "statement novelty": 1,
        "subject novelty": 1,
        "object novelty": 0,
        "overlaps subject-predicate": 0,
        "overlaps predicate-object": 2,
        "trust": 0.5,
        "Average degree": 10.837370242214533,
        "Sparseness": 0.0076417906873720385,
        "Shortest path": 2.566736430528986,
        "Total triples": 3132.0,
        "Total classes": 24,
        "Total predicates": 12,
        "Average population": 13.901960784313726,
        "Total claims": 10.0,
        "Total perspectives": 9.0,
        "Total conflicts": 0,
        "Total sources": 1.0,
        "Ratio claims to triples": 0.0031928480204342275,
        "Ratio perspectives to triples": 0.0028735632183908046,
        "Ratio conflicts to triples": 0.0,
        "Ratio perspectives to claims": 0.9,
        "Ratio conflicts to claims": 0.0
    },
    {
        "turn": 13,
        "cardinality conflicts": 0,
        "negation conflicts": 0,
        "subject gaps": 2,
        "object gaps": 2,
        "statement novelty": 1,
        "subject novelty": 1,
        "object novelty": 0,
        "overlaps subject-predicate": 0,
        "overlaps predicate-object": 2,
        "trust": 0.5,
        "Average degree": 10.883561643835616,
        "Sparseness": 0.007594060799399512,
        "Shortest path": 2.570789962170164,
        "Total triples": 3178.0,
        "Total classes": 24,
        "Total predicates": 12,
        "Average population": 14.156862745098039,
        "Total claims": 10.0,
        "Total perspectives": 9.0,
        "Total conflicts": 0,
        "Total sources": 1.0,
        "Ratio claims to triples": 0.0031466331025802393,
        "Ratio perspectives to triples": 0.0028319697923222154,
        "Ratio conflicts to triples": 0.0,
        "Ratio perspectives to claims": 0.9,
        "Ratio conflicts to claims": 0.0
    },
    {
        "turn": 15,
        "cardinality conflicts": 0,
        "negation conflicts": 0,
        "subject gaps": 2,
        "object gaps": 2,
        "statement novelty": 1,
        "subject novelty": 0,
        "object novelty": 0,
        "overlaps subject-predicate": 0,
        "overlaps predicate-object": 2,
        "trust": 0.5,
        "Average degree": 10.923599320882852,
        "Sparseness": 0.007552151642592982,
        "Shortest path": 2.575753900881235,
        "Total triples": 3217.0,
        "Total classes": 24,
        "Total predicates": 12,
        "Average population": 14.333333333333334,
        "Total claims": 10.0,
        "Total perspectives": 9.0,
        "Total conflicts": 0,
        "Total sources": 1.0,
        "Ratio claims to triples": 0.003108486167236556,
        "Ratio perspectives to triples": 0.0027976375505129004,
        "Ratio conflicts to triples": 0.0,
        "Ratio perspectives to claims": 0.9,
        "Ratio conflicts to claims": 0.0
    },
    {
        "turn": 17,
        "cardinality conflicts": 0,
        "negation conflicts": 0,
        "subject gaps": 2,
        "object gaps": 2,
        "statement novelty": 0,
        "subject novelty": 0,
        "object novelty": 0,
        "overlaps subject-predicate": 0,
        "overlaps predicate-object": 2,
        "trust": 0.5,
        "Average degree": 10.934891485809683,
        "Sparseness": 0.0074386637718401,
        "Shortest path": 2.585669538416871,
        "Total triples": 3275.0,
        "Total classes": 24,
        "Total predicates": 12,
        "Average population": 14.705882352941176,
        "Total claims": 11.0,
        "Total perspectives": 10.0,
        "Total conflicts": 0,
        "Total sources": 1.0,
        "Ratio claims to triples": 0.0033587786259541984,
        "Ratio perspectives to triples": 0.0030534351145038168,
        "Ratio conflicts to triples": 0.0,
        "Ratio perspectives to claims": 0.9090909090909091,
        "Ratio conflicts to claims": 0.0
    },
    {
        "turn": 19,
        "cardinality conflicts": 0,
        "negation conflicts": 0,
        "subject gaps": 2,
        "object gaps": 2,
        "statement novelty": 0,
        "subject novelty": 0,
        "object novelty": 1,
        "overlaps subject-predicate": 0,
        "overlaps predicate-object": 0,
        "trust": 0.5,
        "Average degree": 10.92962356792144,
        "Sparseness": 0.007296669622121445,
        "Shortest path": 2.596630087735773,
        "Total triples": 3339.0,
        "Total classes": 24,
        "Total predicates": 12,
        "Average population": 15.156862745098039,
        "Total claims": 12.0,
        "Total perspectives": 11.0,
        "Total conflicts": 0,
        "Total sources": 1.0,
        "Ratio claims to triples": 0.0035938903863432167,
        "Ratio perspectives to triples": 0.0032943995208146153,
        "Ratio conflicts to triples": 0.0,
        "Ratio perspectives to claims": 0.9166666666666666,
        "Ratio conflicts to claims": 0.0
    }
]