[
    {
        "turn": 0,
        "cardinality conflicts": 0,
        "negation conflicts": 0,
        "subject gaps": 2,
        "object gaps": 2,
        "statement novelty": 1,
        "subject novelty": 0,
        "object novelty": 0,
        "overlaps subject-predicate": 0,
        "overlaps predicate-object": 0,
        "trust": 0.5,
        "Average degree": 11.094766619519095,
        "Sparseness": 0.006405934592246859,
        "Shortest path": 2.665301657644518,
        "Total triples": 3922.0,
        "Total classes": 24,
        "Total predicates": 12,
        "Average population": 18.607843137254903,
        "Total claims": 15.0,
        "Total perspectives": 14.0,
        "Total conflicts": 0,
        "Total sources": 1.0,
        "Ratio claims to triples": 0.0038245792962774095,
        "Ratio perspectives to triples": 0.0035696073431922487,
        "Ratio conflicts to triples": 0.0,
        "Ratio perspectives to claims": 0.9333333333333333,
        "Ratio conflicts to claims": 0.0
    },
    {
        "turn": 3,
        "cardinality conflicts": 0,
        "negation conflicts": 0,
        "subject gaps": 2,
        "object gaps": 2,
        "statement novelty": 1,
        "subject novelty": 0,
        "object novelty": 0,
        "overlaps subject-predicate": 0,
        "overlaps predicate-object": 0,
        "trust": 0.5,
        "Average degree": 11.119214586255259,
        "Sparseness": 0.006363487938879042,
        "Shortest path": 2.667916857084325,
        "Total triples": 3964.0,
        "Total classes": 24,
        "Total predicates": 12,
        "Average population": 18.80392156862745,
        "Total claims": 15.0,
        "Total perspectives": 14.0,
        "Total conflicts": 0,
        "Total sources": 1.0,
        "Ratio claims to triples": 0.0037840565085771947,
        "Ratio perspectives to triples": 0.0035317860746720484,
        "Ratio conflicts to triples": 0.0,
        "Ratio perspectives to claims": 0.9333333333333333,
        "Ratio conflicts to claims": 0.0
    },
    {
        "turn": 5,
        "cardinality conflicts": 0,
        "negation conflicts": 0,
        "subject gaps": 2,
        "object gaps": 2,
        "statement novelty": 1,
        "subject novelty": 0,
        "object novelty": 0,
        "overlaps subject-predicate": 0,
        "overlaps predicate-object": 0,
        "trust": 0.5,
        "Average degree": 11.15041782729805,
        "Sparseness": 0.006333361783350533,
        "Shortest path": 2.6714024312070954,
        "Total triples": 4003.0,
        "Total classes": 24,
        "Total predicates": 12,
        "Average population": 18.980392156862745,
        "Total claims": 15.0,
        "Total perspectives": 14.0,
        "Total conflicts": 0,
        "Total sources": 1.0,
        "Ratio claims to triples": 0.0037471896077941546,
        "Ratio perspectives to triples": 0.0034973769672745443,
        "Ratio conflicts to triples": 0.0,
        "Ratio perspectives to claims": 0.9333333333333333,
        "Ratio conflicts to claims": 0.0
    },
    {
        "turn": 7,
        "cardinality conflicts": 0,
        "negation conflicts": 0,
        "subject gaps": 2,
        "object gaps": 2,
        "statement novelty": 0,
        "subject novelty": 0,
        "object novelty": 1,
        "overlaps subject-predicate": 0,
        "overlaps predicate-object": 0,
        "trust": 0.5,
        "Average degree": 11.142465753424657,
        "Sparseness": 0.006230061925314318,
        "Shortest path": 2.6792904522990773,
        "Total triples": 4067.0,
        "Total classes": 24,
        "Total predicates": 12,
        "Average population": 19.431372549019606,
        "Total claims": 16.0,
        "Total perspectives": 15.0,
        "Total conflicts": 0,
        "Total sources": 1.0,
        "Ratio claims to triples": 0.003934103761986722,
        "Ratio perspectives to triples": 0.003688222276862552,
        "Ratio conflicts to triples": 0.0,
        "Ratio perspectives to claims": 0.9375,
        "Ratio conflicts to claims": 0.0
    },
    {
        "turn": 9,
        "cardinality conflicts": 0,
        "negation conflicts": 0,
        "subject gaps": 2,
        "object gaps": 2,
        "statement novelty": 1,
        "subject novelty": 0,
        "object novelty": 0,
        "overlaps subject-predicate": 0,
        "overlaps predicate-object": 0,
        "trust": 0.5,
        "Average degree": 11.172789115646259,
        "Sparseness": 0.00620111990374381,
        "Shortest path": 2.682622476783629,
        "Total triples": 4106.0,
        "Total classes": 24,
        "Total predicates": 12,
        "Average population": 19.607843137254903,
        "Total claims": 16.0,
        "Total perspectives": 15.0,
        "Total conflicts": 0,
        "Total sources": 1.0,
        "Ratio claims to triples": 0.003896736483195324,
        "Ratio perspectives to triples": 0.003653190452995616,
        "Ratio conflicts to triples": 0.0,
        "Ratio perspectives to claims": 0.9375,
        "Ratio conflicts to claims": 0.0
    },
    {
        "turn": 11,
        "cardinality conflicts": 0,
        "negation conflicts": 0,
        "subject gaps": 2,
        "object gaps": 2,
        "statement novelty": 1,
        "subject novelty": 0,
        "object novelty": 0,
        "overlaps subject-predicate": 0,
        "overlaps predicate-object": 0,
        "trust": 0.5,
        "Average degree": 11.202702702702704,
        "Sparseness": 0.006172388604821037,
        "Shortest path": 2.685912299308781,
        "Total triples": 4145.0,
        "Total classes": 24,
        "Total predicates": 12,
        "Average population": 19.784313725490197,
        "Total claims": 16.0,
        "Total perspectives": 15.0,
        "Total conflicts": 0,
        "Total sources": 1.0,
        "Ratio claims to triples": 0.0038600723763570566,
        "Ratio perspectives to triples": 0.0036188178528347406,
        "Ratio conflicts to triples": 0.0,
        "Ratio perspectives to claims": 0.9375,
        "Ratio conflicts to claims": 0.0
    },
    {
        "turn": 13,
        "cardinality conflicts": 0,
        "negation conflicts": 0,
        "subject gaps": 2,
        "object gaps": 2,
        "statement novelty": 0,
        "subject novelty": 0,
        "object novelty": 0,
        "overlaps subject-predicate": 0,
        "overlaps predicate-object": 2,
        "trust": 0.5,
        "Average degree": 11.208,
        "Sparseness": 0.006096,
        "Shortest path": 2.6925073431241655,
        "Total triples": 4203.0,
        "Total classes": 24,
        "Total predicates": 12,
        "Average population": 20.15686274509804,
        "Total claims": 17.0,
        "Total perspectives": 16.0,
        "Total conflicts": 0,
        "Total sources": 1.0,
        "Ratio claims to triples": 0.004044729954794195,
        "Ratio perspectives to triples": 0.0038068046633357128,
        "Ratio conflicts to triples": 0.0,
        "Ratio perspectives to claims": 0.9411764705882353,
        "Ratio conflicts to claims": 0.0
    },
    {
        "turn": 15,
        "cardinality conflicts": 0,
        "negation conflicts": 0,
        "subject gaps": 2,
        "object gaps": 2,
        "statement novelty": 0,
        "subject novelty": 0,
        "object novelty": 1,
        "overlaps subject-predicate": 0,
        "overlaps predicate-object": 0,
        "trust": 0.5,
        "Average degree": 11.199475065616799,
        "Sparseness": 0.006000234222690667,
        "Shortest path": 2.699756157287172,
        "Total triples": 4267.0,
        "Total classes": 24,
        "Total predicates": 12,
        "Average population": 20.607843137254903,
        "Total claims": 18.0,
        "Total perspectives": 17.0,
        "Total conflicts": 0,
        "Total sources": 1.0,
        "Ratio claims to triples": 0.004218420435903445,
        "Ratio perspectives to triples": 0.00398406374501992,
        "Ratio conflicts to triples": 0.0,
        "Ratio perspectives to claims": 0.9444444444444444,
        "Ratio conflicts to claims": 0.0
    },
    {
        "turn": 17,
        "cardinality conflicts": 0,
        "negation conflicts": 0,
        "subject gaps": 2,
        "object gaps": 2,
        "statement novelty": 0,
        "subject novelty": 0,
        "object novelty": 1,
        "overlaps subject-predicate": 0,
        "overlaps predicate-object": 0,
        "trust": 0.5,
        "Average degree": 11.191214470284237,
        "Sparseness": 0.005907430776729497,
        "Shortest path": 2.7067868735187246,
        "Total triples": 4331.0,
        "Total classes": 24,
        "Total predicates": 12,
        "Average population": 21.058823529411764,
        "Total claims": 19.0,
        "Total perspectives": 18.0,
        "Total conflicts": 0,
        "Total sources": 1.0,
        "Ratio claims to triples": 0.004386977603324867,
        "Ratio perspectives to triples": 0.004156084045255137,
        "Ratio conflicts to triples": 0.0,
        "Ratio perspectives to claims": 0.9473684210526315,
        "Ratio conflicts to claims": 0.0
    },
    {
        "turn": 19,
        "cardinality conflicts": 0,
        "negation conflicts": 0,
        "subject gaps": 2,
        "object gaps": 2,
        "statement novelty": 0,
        "subject novelty": 0,
        "object novelty": 0,
        "overlaps subject-predicate": 0,
        "overlaps predicate-object": 1,
        "trust": 0.5,
        "Average degree": 11.196428571428571,
        "Sparseness": 0.005837411495210329,
        "Shortest path": 2.712848932676519,
        "Total triples": 4389.0,
        "Total classes": 24,
        "Total predicates": 12,
        "Average population": 21.431372549019606,
        "Total claims": 20.0,
        "Total perspectives": 19.0,
        "Total conflicts": 0,
        "Total sources": 1.0,
        "Ratio claims to triples": 0.00455684666210982,
        "Ratio perspectives to triples": 0.004329004329004329,
        "Ratio conflicts to triples": 0.0,
        "Ratio perspectives to claims": 0.95,
        "Ratio conflicts to claims": 0.0
    }
]