[
    {
        "turn": 0,
        "cardinality conflicts": 0,
        "negation conflicts": 0,
        "subject gaps": 2,
        "object gaps": 2,
        "statement novelty": 0,
        "subject novelty": 1,
        "object novelty": 1,
        "overlaps subject-predicate": 0,
        "overlaps predicate-object": 0,
        "trust": 0.5,
        "Average degree": 10.841300191204589,
        "Sparseness": 0.008412270728149483,
        "Shortest path": 2.506955891079317,
        "Total triples": 2835.0,
        "Total classes": 24,
        "Total predicates": 12,
        "Average population": 11.901960784313726,
        "Total claims": 6.0,
        "Total perspectives": 5.0,
        "Total conflicts": 0,
        "Total sources": 1.0,
        "Ratio claims to triples": 0.0021164021164021165,
        "Ratio perspectives to triples": 0.001763668430335097,
        "Ratio conflicts to triples": 0.0,
        "Ratio perspectives to claims": 0.8333333333333334,
        "Ratio conflicts to claims": 0.0
    },
    {
        "turn": 3,
        "cardinality conflicts": 0,
        "negation conflicts": 0,
        "subject gaps": 2,
        "object gaps": 2,
        "statement novelty": 1,
        "subject novelty": 0,
        "object novelty": 0,
        "overlaps subject-predicate": 0,
        "overlaps predicate-object": 0,
        "trust": 0.5,
        "Average degree": 10.877126654064272,
        "Sparseness": 0.008340450470088372,
        "Shortest path": 2.512079681503122,
        "Total triples": 2877.0,
        "Total classes": 24,
        "Total predicates": 12,
        "Average population": 12.098039215686274,
        "Total claims": 6.0,
        "Total perspectives": 5.0,
        "Total conflicts": 0,
        "Total sources": 1.0,
        "Ratio claims to triples": 0.0020855057351407717,
        "Ratio perspectives to triples": 0.001737921445950643,
        "Ratio conflicts to triples": 0.0,
        "Ratio perspectives to claims": 0.8333333333333334,
        "Ratio conflicts to claims": 0.0
    },
    {
        "turn": 5,
        "cardinality conflicts": 0,
        "negation conflicts": 0,
        "subject gaps": 2,
        "object gaps": 2,
        "statement novelty": 1,
        "subject novelty": 0,
        "object novelty": 0,
        "overlaps subject-predicate": 0,
        "overlaps predicate-object": 0,
        "trust": 0.5,
        "Average degree": 10.92134831460674,
        "Sparseness": 0.008290199048941632,
        "Shortest path": 2.518034445685857,
        "Total triples": 2916.0,
        "Total classes": 24,
        "Total predicates": 12,
        "Average population": 12.27450980392157,
        "Total claims": 6.0,
        "Total perspectives": 5.0,
        "Total conflicts": 0,
        "Total sources": 1.0,
        "Ratio claims to triples": 0.00205761316872428,
        "Ratio perspectives to triples": 0.0017146776406035665,
        "Ratio conflicts to triples": 0.0,
        "Ratio perspectives to claims": 0.8333333333333334,
        "Ratio conflicts to claims": 0.0
    },
    {
        "turn": 7,
        "cardinality conflicts": 0,
        "negation conflicts": 0,
        "subject gaps": 2,
        "object gaps": 2,
        "statement novelty": 0,
        "subject novelty": 0,
        "object novelty": 1,
        "overlaps subject-predicate": 1,
        "overlaps predicate-object": 0,
        "trust": 0.5,
        "Average degree": 10.915750915750916,
        "Sparseness": 0.008114291081324049,
        "Shortest path": 2.5316530564236985,
        "Total triples": 2980.0,
        "Total classes": 24,
        "Total predicates": 12,
        "Average population": 12.72549019607843,
        "Total claims": 7.0,
        "Total perspectives": 6.0,
        "Total conflicts": 0,
        "Total sources": 1.0,
        "Ratio claims to triples": 0.002348993288590604,
        "Ratio perspectives to triples": 0.0020134228187919465,
        "Ratio conflicts to triples": 0.0,
        "Ratio perspectives to claims": 0.8571428571428571,
        "Ratio conflicts to claims": 0.0
    },
    {
        "turn": 9,
        "cardinality conflicts": 0,
        "negation conflicts": 0,
        "subject gaps": 2,
        "object gaps": 2,
        "statement novelty": 1,
        "subject novelty": 0,
        "object novelty": 0,
        "overlaps subject-predicate": 1,
        "overlaps predicate-object": 0,
        "trust": 0.5,
        "Average degree": 10.958257713248639,
        "Sparseness": 0.008066508344834173,
        "Shortest path": 2.5372710773799705,
        "Total triples": 3019.0,
        "Total classes": 24,
        "Total predicates": 12,
        "Average population": 12.901960784313726,
        "Total claims": 7.0,
        "Total perspectives": 6.0,
        "Total conflicts": 0,
        "Total sources": 1.0,
        "Ratio claims to triples": 0.0023186485591255384,
        "Ratio perspectives to triples": 0.001987413050679033,
        "Ratio conflicts to triples": 0.0,
        "Ratio perspectives to claims": 0.8571428571428571,
        "Ratio conflicts to claims": 0.0
    },
    {
        "turn": 11,
        "cardinality conflicts": 0,
        "negation conflicts": 0,
        "subject gaps": 2,
        "object gaps": 2,
        "statement novelty": 1,
        "subject novelty": 0,
        "object novelty": 1,
        "overlaps subject-predicate": 2,
        "overlaps predicate-object": 0,
        "trust": 0.5,
        "Average degree": 11.005385996409336,
        "Sparseness": 0.008012918655660454,
        "Shortest path": 2.541809281479664,
        "Total triples": 3065.0,
        "Total classes": 24,
        "Total predicates": 12,
        "Average population": 13.156862745098039,
        "Total claims": 7.0,
        "Total perspectives": 6.0,
        "Total conflicts": 0,
        "Total sources": 1.0,
        "Ratio claims to triples": 0.0022838499184339315,
        "Ratio perspectives to triples": 0.001957585644371941,
        "Ratio conflicts to triples": 0.0,
        "Ratio perspectives to claims": 0.8571428571428571,
        "Ratio conflicts to claims": 0.0
    },
    {
        "turn": 13,
        "cardinality conflicts": 0,
        "negation conflicts": 0,
        "subject gaps": 2,
        "object gaps": 2,
        "statement novelty": 0,
        "subject novelty": 1,
        "object novelty": 1,
        "overlaps subject-predicate": 0,
        "overlaps predicate-object": 0,
        "trust": 0.5,
        "Average degree": 10.980735551663749,
        "Sparseness": 0.007811900957241574,
        "Shortest path": 2.5560205241650538,
        "Total triples": 3135.0,
        "Total classes": 24,
        "Total predicates": 12,
        "Average population": 13.686274509803921,
        "Total claims": 8.0,
        "Total perspectives": 7.0,
        "Total conflicts": 0,
        "Total sources": 1.0,
        "Ratio claims to triples": 0.002551834130781499,
        "Ratio perspectives to triples": 0.0022328548644338117,
        "Ratio conflicts to triples": 0.0,
        "Ratio perspectives to claims": 0.875,
        "Ratio conflicts to claims": 0.0
    },
    {
        "turn": 15,
        "cardinality conflicts": 0,
        "negation conflicts": 0,
        "subject gaps": 2,
        "object gaps": 2,
        "statement novelty": 1,
        "subject novelty": 0,
        "object novelty": 0,
        "overlaps subject-predicate": 2,
        "overlaps predicate-object": 0,
        "trust": 0.5,
        "Average degree": 11.020833333333334,
        "Sparseness": 0.007767288773148148,
        "Shortest path": 2.561213768115942,
        "Total triples": 3174.0,
        "Total classes": 24,
        "Total predicates": 12,
        "Average population": 13.862745098039216,
        "Total claims": 8.0,
        "Total perspectives": 7.0,
        "Total conflicts": 0,
        "Total sources": 1.0,
        "Ratio claims to triples": 0.002520478890989288,
        "Ratio perspectives to triples": 0.002205419029615627,
        "Ratio conflicts to triples": 0.0,
        "Ratio perspectives to claims": 0.875,
        "Ratio conflicts to claims": 0.0
    },
    {
        "turn": 17,
        "cardinality conflicts": 0,
        "negation conflicts": 0,
        "subject gaps": 2,
        "object gaps": 2,
        "statement novelty": 1,
        "subject novelty": 0,
        "object novelty": 1,
        "overlaps subject-predicate": 2,
        "overlaps predicate-object": 0,
        "trust": 0.5,
        "Average degree": 11.065292096219931,
        "Sparseness": 0.007717197482315986,
        "Shortest path": 2.5653423709565804,
        "Total triples": 3220.0,
        "Total classes": 24,
        "Total predicates": 12,
        "Average population": 14.117647058823529,
        "Total claims": 8.0,
        "Total perspectives": 7.0,
        "Total conflicts": 0,
        "Total sources": 1.0,
        "Ratio claims to triples": 0.002484472049689441,
        "Ratio perspectives to triples": 0.002173913043478261,
        "Ratio conflicts to triples": 0.0,
        "Ratio perspectives to claims": 0.875,
        "Ratio conflicts to claims": 0.0
    },
    {
        "turn": 19,
        "cardinality conflicts": 0,
        "negation conflicts": 0,
        "subject gaps": 2,
        "object gaps": 2,
        "statement novelty": 1,
        "subject novelty": 0,
        "object novelty": 0,
        "overlaps subject-predicate": 2,
        "overlaps predicate-object": 0,
        "trust": 0.5,
        "Average degree": 11.103918228279387,
        "Sparseness": 0.0076733542483508384,
        "Shortest path": 2.5703728683477625,
        "Total triples": 3259.0,
        "Total classes": 24,
        "Total predicates": 12,
        "Average population": 14.294117647058824,
        "Total claims": 8.0,
        "Total perspectives": 7.0,
        "Total conflicts": 0,
        "Total sources": 1.0,
        "Ratio claims to triples": 0.00245474071801166,
        "Ratio perspectives to triples": 0.0021478981282602025,
        "Ratio conflicts to triples": 0.0,
        "Ratio perspectives to claims": 0.875,
        "Ratio conflicts to claims": 0.0
    }
]