[
    {
        "turn": 0,
        "cardinality conflicts": 1,
        "negation conflicts": 0,
        "subject gaps": 2,
        "object gaps": 2,
        "statement novelty": 0,
        "subject novelty": 0,
        "object novelty": 1,
        "overlaps subject-predicate": 1,
        "overlaps predicate-object": 0,
        "trust": 0.5,
        "Average degree": 11.043847241867043,
        "Sparseness": 0.006369923716962523,
        "Shortest path": 2.6737561655801354,
        "Total triples": 3904.0,
        "Total classes": 24,
        "Total predicates": 12,
        "Average population": 18.41176470588235,
        "Total claims": 16.0,
        "Total perspectives": 15.0,
        "Total conflicts": 0,
        "Total sources": 1.0,
        "Ratio claims to triples": 0.004098360655737705,
        "Ratio perspectives to triples": 0.0038422131147540983,
        "Ratio conflicts to triples": 0.0,
        "Ratio perspectives to claims": 0.9375,
        "Ratio conflicts to claims": 0.0
    },
    {
        "turn": 3,
        "cardinality conflicts": 0,
        "negation conflicts": 0,
        "subject gaps": 2,
        "object gaps": 2,
        "statement novelty": 0,
        "subject novelty": 1,
        "object novelty": 0,
        "overlaps subject-predicate": 0,
        "overlaps predicate-object": 1,
        "trust": 0.5,
        "Average degree": 11.030555555555555,
        "Sparseness": 0.006253858024691358,
        "Shortest path": 2.6807950857672695,
        "Total triples": 3971.0,
        "Total classes": 24,
        "Total predicates": 12,
        "Average population": 18.88235294117647,
        "Total claims": 17.0,
        "Total perspectives": 16.0,
        "Total conflicts": 0,
        "Total sources": 1.0,
        "Ratio claims to triples": 0.004281037522034752,
        "Ratio perspectives to triples": 0.004029211785444472,
        "Ratio conflicts to triples": 0.0,
        "Ratio perspectives to claims": 0.9411764705882353,
        "Ratio conflicts to claims": 0.0
    },
    {
        "turn": 5,
        "cardinality conflicts": 0,
        "negation conflicts": 0,
        "subject gaps": 2,
        "object gaps": 2,
        "statement novelty": 0,
        "subject novelty": 0,
        "object novelty": 1,
        "overlaps subject-predicate": 0,
        "overlaps predicate-object": 0,
        "trust": 0.5,
        "Average degree": 11.024590163934427,
        "Sparseness": 0.00615313983696139,
        "Shortest path": 2.6885059017888513,
        "Total triples": 4035.0,
        "Total classes": 24,
        "Total predicates": 12,
        "Average population": 19.333333333333332,
        "Total claims": 18.0,
        "Total perspectives": 17.0,
        "Total conflicts": 0,
        "Total sources": 1.0,
        "Ratio claims to triples": 0.0044609665427509295,
        "Ratio perspectives to triples": 0.004213135068153655,
        "Ratio conflicts to triples": 0.0,
        "Ratio perspectives to claims": 0.9444444444444444,
        "Ratio conflicts to claims": 0.0
    },
    {
        "turn": 7,
        "cardinality conflicts": 0,
        "negation conflicts": 0,
        "subject gaps": 2,
        "object gaps": 2,
        "statement novelty": 1,
        "subject novelty": 0,
        "object novelty": 0,
        "overlaps subject-predicate": 0,
        "overlaps predicate-object": 0,
        "trust": 0.5,
        "Average degree": 11.055630936227951,
        "Sparseness": 0.0061251654641557235,
        "Shortest path": 2.6917659725089966,
        "Total triples": 4074.0,
        "Total classes": 24,
        "Total predicates": 12,
        "Average population": 19.50980392156863,
        "Total claims": 18.0,
        "Total perspectives": 17.0,
        "Total conflicts": 0,
        "Total sources": 1.0,
        "Ratio claims to triples": 0.004418262150220913,
        "Ratio perspectives to triples": 0.004172803141875307,
        "Ratio conflicts to triples": 0.0,
        "Ratio perspectives to claims": 0.9444444444444444,
        "Ratio conflicts to claims": 0.0
    },
    {
        "turn": 9,
        "cardinality conflicts": 0,
        "negation conflicts": 0,
        "subject gaps": 2,
        "object gaps": 2,
        "statement novelty": 0,
        "subject novelty": 1,
        "object novelty": 1,
        "overlaps subject-predicate": 0,
        "overlaps predicate-object": 0,
        "trust": 0.5,
        "Average degree": 11.035952063914781,
        "Sparseness": 0.006007081547727752,
        "Shortest path": 2.699969818020417,
        "Total triples": 4144.0,
        "Total classes": 24,
        "Total predicates": 12,
        "Average population": 20.03921568627451,
        "Total claims": 19.0,
        "Total perspectives": 18.0,
        "Total conflicts": 0,
        "Total sources": 1.0,
        "Ratio claims to triples": 0.004584942084942085,
        "Ratio perspectives to triples": 0.004343629343629344,
        "Ratio conflicts to triples": 0.0,
        "Ratio perspectives to claims": 0.9473684210526315,
        "Ratio conflicts to claims": 0.0
    },
    {
        "turn": 11,
        "cardinality conflicts": 0,
        "negation conflicts": 0,
        "subject gaps": 2,
        "object gaps": 2,
        "statement novelty": 0,
        "subject novelty": 1,
        "object novelty": 1,
        "overlaps subject-predicate": 0,
        "overlaps predicate-object": 0,
        "trust": 0.5,
        "Average degree": 11.016993464052288,
        "Sparseness": 0.005893459780426331,
        "Shortest path": 2.707880778838586,
        "Total triples": 4214.0,
        "Total classes": 24,
        "Total predicates": 12,
        "Average population": 20.568627450980394,
        "Total claims": 20.0,
        "Total perspectives": 19.0,
        "Total conflicts": 0,
        "Total sources": 1.0,
        "Ratio claims to triples": 0.004746084480303749,
        "Ratio perspectives to triples": 0.004508780256288562,
        "Ratio conflicts to triples": 0.0,
        "Ratio perspectives to claims": 0.95,
        "Ratio conflicts to claims": 0.0
    },
    {
        "turn": 13,
        "cardinality conflicts": 0,
        "negation conflicts": 0,
        "subject gaps": 2,
        "object gaps": 2,
        "statement novelty": 0,
        "subject novelty": 0,
        "object novelty": 1,
        "overlaps subject-predicate": 0,
        "overlaps predicate-object": 0,
        "trust": 0.5,
        "Average degree": 11.011583011583012,
        "Sparseness": 0.005803928583851364,
        "Shortest path": 2.7147534132070215,
        "Total triples": 4278.0,
        "Total classes": 24,
        "Total predicates": 12,
        "Average population": 21.019607843137255,
        "Total claims": 21.0,
        "Total perspectives": 20.0,
        "Total conflicts": 0,
        "Total sources": 1.0,
        "Ratio claims to triples": 0.004908835904628331,
        "Ratio perspectives to triples": 0.004675081813931743,
        "Ratio conflicts to triples": 0.0,
        "Ratio perspectives to claims": 0.9523809523809523,
        "Ratio conflicts to claims": 0.0
    },
    {
        "turn": 15,
        "cardinality conflicts": 0,
        "negation conflicts": 0,
        "subject gaps": 2,
        "object gaps": 2,
        "statement novelty": 1,
        "subject novelty": 0,
        "object novelty": 0,
        "overlaps subject-predicate": 0,
        "overlaps predicate-object": 0,
        "trust": 0.5,
        "Average degree": 11.040920716112533,
        "Sparseness": 0.005779004585265664,
        "Shortest path": 2.7176745663471644,
        "Total triples": 4317.0,
        "Total classes": 24,
        "Total predicates": 12,
        "Average population": 21.19607843137255,
        "Total claims": 21.0,
        "Total perspectives": 20.0,
        "Total conflicts": 0,
        "Total sources": 1.0,
        "Ratio claims to triples": 0.004864489228630994,
        "Ratio perspectives to triples": 0.0046328468844104706,
        "Ratio conflicts to triples": 0.0,
        "Ratio perspectives to claims": 0.9523809523809523,
        "Ratio conflicts to claims": 0.0
    },
    {
        "turn": 17,
        "cardinality conflicts": 0,
        "negation conflicts": 0,
        "subject gaps": 2,
        "object gaps": 2,
        "statement novelty": 1,
        "subject novelty": 0,
        "object novelty": 0,
        "overlaps subject-predicate": 0,
        "overlaps predicate-object": 0,
        "trust": 0.5,
        "Average degree": 11.069885641677255,
        "Sparseness": 0.005754243431621537,
        "Shortest path": 2.7205641289271267,
        "Total triples": 4356.0,
        "Total classes": 24,
        "Total predicates": 12,
        "Average population": 21.372549019607842,
        "Total claims": 21.0,
        "Total perspectives": 20.0,
        "Total conflicts": 0,
        "Total sources": 1.0,
        "Ratio claims to triples": 0.0048209366391184574,
        "Ratio perspectives to triples": 0.004591368227731864,
        "Ratio conflicts to triples": 0.0,
        "Ratio perspectives to claims": 0.9523809523809523,
        "Ratio conflicts to claims": 0.0
    },
    {
        "turn": 19,
        "cardinality conflicts": 0,
        "negation conflicts": 0,
        "subject gaps": 2,
        "object gaps": 2,
        "statement novelty": 0,
        "subject novelty": 0,
        "object novelty": 0,
        "overlaps subject-predicate": 0,
        "overlaps predicate-object": 1,
        "trust": 0.5,
        "Average degree": 11.076537013801756,
        "Sparseness": 0.005687891701786341,
        "Shortest path": 2.72635763510148,
        "Total triples": 4414.0,
        "Total classes": 24,
        "Total predicates": 12,
        "Average population": 21.745098039215687,
        "Total claims": 22.0,
        "Total perspectives": 21.0,
        "Total conflicts": 0,
        "Total sources": 1.0,
        "Ratio claims to triples": 0.004984141368373357,
        "Ratio perspectives to triples": 0.00475758948799275,
        "Ratio conflicts to triples": 0.0,
        "Ratio perspectives to claims": 0.9545454545454546,
        "Ratio conflicts to claims": 0.0
    }
]