[
    {
        "turn": 0,
        "cardinality conflicts": 0,
        "negation conflicts": 0,
        "subject gaps": 2,
        "object gaps": 2,
        "statement novelty": 0,
        "subject novelty": 0,
        "object novelty": 1,
        "overlaps subject-predicate": 0,
        "overlaps predicate-object": 0,
        "trust": 0.5,
        "Average degree": 10.95066185318893,
        "Sparseness": 0.005411542209884428,
        "Shortest path": 2.744598611050701,
        "Total triples": 4550.0,
        "Total classes": 24,
        "Total predicates": 12,
        "Average population": 22.92156862745098,
        "Total claims": 25.0,
        "Total perspectives": 24.0,
        "Total conflicts": 0,
        "Total sources": 1.0,
        "Ratio claims to triples": 0.005494505494505495,
        "Ratio perspectives to triples": 0.005274725274725275,
        "Ratio conflicts to triples": 0.0,
        "Ratio perspectives to claims": 0.96,
        "Ratio conflicts to claims": 0.0
    },
    {
        "turn": 3,
        "cardinality conflicts": 0,
        "negation conflicts": 0,
        "subject gaps": 2,
        "object gaps": 2,
        "statement novelty": 1,
        "subject novelty": 0,
        "object novelty": 0,
        "overlaps subject-predicate": 0,
        "overlaps predicate-object": 0,
        "trust": 0.5,
        "Average degree": 10.972520908004778,
        "Sparseness": 0.005381340025036791,
        "Shortest path": 2.746300012004596,
        "Total triples": 4592.0,
        "Total classes": 24,
        "Total predicates": 12,
        "Average population": 23.11764705882353,
        "Total claims": 25.0,
        "Total perspectives": 24.0,
        "Total conflicts": 0,
        "Total sources": 1.0,
        "Ratio claims to triples": 0.00544425087108014,
        "Ratio perspectives to triples": 0.005226480836236934,
        "Ratio conflicts to triples": 0.0,
        "Ratio perspectives to claims": 0.96,
        "Ratio conflicts to claims": 0.0
    },
    {
        "turn": 5,
        "cardinality conflicts": 0,
        "negation conflicts": 0,
        "subject gaps": 2,
        "object gaps": 2,
        "statement novelty": 1,
        "subject novelty": 0,
        "object novelty": 0,
        "overlaps subject-predicate": 0,
        "overlaps predicate-object": 0,
        "trust": 0.5,
        "Average degree": 11.0,
        "Sparseness": 0.005359933649663452,
        "Shortest path": 2.748856835404069,
        "Total triples": 4631.0,
        "Total classes": 24,
        "Total predicates": 12,
        "Average population": 23.294117647058822,
        "Total claims": 25.0,
        "Total perspectives": 24.0,
        "Total conflicts": 0,
        "Total sources": 1.0,
        "Ratio claims to triples": 0.005398402072986396,
        "Ratio perspectives to triples": 0.005182465990066941,
        "Ratio conflicts to triples": 0.0,
        "Ratio perspectives to claims": 0.96,
        "Ratio conflicts to claims": 0.0
    },
    {
        "turn": 7,
        "cardinality conflicts": 0,
        "negation conflicts": 0,
        "subject gaps": 2,
        "object gaps": 2,
        "statement novelty": 1,
        "subject novelty": 0,
        "object novelty": 0,
        "overlaps subject-predicate": 0,
        "overlaps predicate-object": 0,
        "trust": 0.5,
        "Average degree": 11.0271546635183,
        "Sparseness": 0.005338656191935145,
        "Shortest path": 2.751371130481382,
        "Total triples": 4670.0,
        "Total classes": 24,
        "Total predicates": 12,
        "Average population": 23.470588235294116,
        "Total claims": 25.0,
        "Total perspectives": 24.0,
        "Total conflicts": 0,
        "Total sources": 1.0,
        "Ratio claims to triples": 0.0053533190578158455,
        "Ratio perspectives to triples": 0.005139186295503212,
        "Ratio conflicts to triples": 0.0,
        "Ratio perspectives to claims": 0.96,
        "Ratio conflicts to claims": 0.0
    },
    {
        "turn": 9,
        "cardinality conflicts": 0,
        "negation conflicts": 0,
        "subject gaps": 2,
        "object gaps": 2,
        "statement novelty": 1,
        "subject novelty": 0,
        "object novelty": 0,
        "overlaps subject-predicate": 0,
        "overlaps predicate-object": 0,
        "trust": 0.5,
        "Average degree": 11.053990610328638,
        "Sparseness": 0.005317507549207609,
        "Shortest path": 2.7538576543475504,
        "Total triples": 4709.0,
        "Total classes": 24,
        "Total predicates": 12,
        "Average population": 23.647058823529413,
        "Total claims": 25.0,
        "Total perspectives": 24.0,
        "Total conflicts": 0,
        "Total sources": 1.0,
        "Ratio claims to triples": 0.005308982798895732,
        "Ratio perspectives to triples": 0.005096623486939902,
        "Ratio conflicts to triples": 0.0,
        "Ratio perspectives to claims": 0.96,
        "Ratio conflicts to claims": 0.0
    },
    {
        "turn": 11,
        "cardinality conflicts": 0,
        "negation conflicts": 0,
        "subject gaps": 2,
        "object gaps": 2,
        "statement novelty": 0,
        "subject novelty": 0,
        "object novelty": 1,
        "overlaps subject-predicate": 0,
        "overlaps predicate-object": 0,
        "trust": 0.5,
        "Average degree": 11.04861111111111,
        "Sparseness": 0.005244502314814815,
        "Shortest path": 2.7594389725762842,
        "Total triples": 4773.0,
        "Total classes": 24,
        "Total predicates": 12,
        "Average population": 24.098039215686274,
        "Total claims": 26.0,
        "Total perspectives": 25.0,
        "Total conflicts": 0,
        "Total sources": 1.0,
        "Ratio claims to triples": 0.005447307772889169,
        "Ratio perspectives to triples": 0.005237795935470354,
        "Ratio conflicts to triples": 0.0,
        "Ratio perspectives to claims": 0.9615384615384616,
        "Ratio conflicts to claims": 0.0
    },
    {
        "turn": 13,
        "cardinality conflicts": 0,
        "negation conflicts": 0,
        "subject gaps": 2,
        "object gaps": 2,
        "statement novelty": 1,
        "subject novelty": 0,
        "object novelty": 0,
        "overlaps subject-predicate": 0,
        "overlaps predicate-object": 0,
        "trust": 0.5,
        "Average degree": 11.074798619102417,
        "Sparseness": 0.005224051559866042,
        "Shortest path": 2.7618349392542942,
        "Total triples": 4812.0,
        "Total classes": 24,
        "Total predicates": 12,
        "Average population": 24.274509803921568,
        "Total claims": 26.0,
        "Total perspectives": 25.0,
        "Total conflicts": 0,
        "Total sources": 1.0,
        "Ratio claims to triples": 0.005403158769742311,
        "Ratio perspectives to triples": 0.005195344970906068,
        "Ratio conflicts to triples": 0.0,
        "Ratio perspectives to claims": 0.9615384615384616,
        "Ratio conflicts to claims": 0.0
    },
    {
        "turn": 15,
        "cardinality conflicts": 0,
        "negation conflicts": 0,
        "subject gaps": 2,
        "object gaps": 2,
        "statement novelty": 1,
        "subject novelty": 0,
        "object novelty": 0,
        "overlaps subject-predicate": 0,
        "overlaps predicate-object": 0,
        "trust": 0.5,
        "Average degree": 11.100686498855834,
        "Sparseness": 0.005203724164654996,
        "Shortest path": 2.7642050741675646,
        "Total triples": 4851.0,
        "Total classes": 24,
        "Total predicates": 12,
        "Average population": 24.45098039215686,
        "Total claims": 26.0,
        "Total perspectives": 25.0,
        "Total conflicts": 0,
        "Total sources": 1.0,
        "Ratio claims to triples": 0.005359719645433931,
        "Ratio perspectives to triples": 0.00515357658214801,
        "Ratio conflicts to triples": 0.0,
        "Ratio perspectives to claims": 0.9615384615384616,
        "Ratio conflicts to claims": 0.0
    },
    {
        "turn": 17,
        "cardinality conflicts": 0,
        "negation conflicts": 0,
        "subject gaps": 2,
        "object gaps": 2,
        "statement novelty": 0,
        "subject novelty": 0,
        "object novelty": 0,
        "overlaps subject-predicate": 0,
        "overlaps predicate-object": 2,
        "trust": 0.5,
        "Average degree": 11.106334841628959,
        "Sparseness": 0.00514936221617084,
        "Shortest path": 2.768969422423556,
        "Total triples": 4909.0,
        "Total classes": 24,
        "Total predicates": 12,
        "Average population": 24.823529411764707,
        "Total claims": 27.0,
        "Total perspectives": 26.0,
        "Total conflicts": 0,
        "Total sources": 1.0,
        "Ratio claims to triples": 0.005500101853738032,
        "Ratio perspectives to triples": 0.005296394377673661,
        "Ratio conflicts to triples": 0.0,
        "Ratio perspectives to claims": 0.9629629629629629,
        "Ratio conflicts to claims": 0.0
    },
    {
        "turn": 19,
        "cardinality conflicts": 0,
        "negation conflicts": 0,
        "subject gaps": 2,
        "object gaps": 2,
        "statement novelty": 1,
        "subject novelty": 1,
        "object novelty": 0,
        "overlaps subject-predicate": 0,
        "overlaps predicate-object": 3,
        "trust": 0.5,
        "Average degree": 11.134831460674157,
        "Sparseness": 0.005126877919454614,
        "Shortest path": 2.7704022952187155,
        "Total triples": 4955.0,
        "Total classes": 24,
        "Total predicates": 12,
        "Average population": 25.07843137254902,
        "Total claims": 27.0,
        "Total perspectives": 26.0,
        "Total conflicts": 0,
        "Total sources": 1.0,
        "Ratio claims to triples": 0.00544904137235116,
        "Ratio perspectives to triples": 0.005247225025227043,
        "Ratio conflicts to triples": 0.0,
        "Ratio perspectives to claims": 0.9629629629629629,
        "Ratio conflicts to claims": 0.0
    }
]