[
    {
        "turn": 0,
        "cardinality conflicts": 0,
        "negation conflicts": 0,
        "subject gaps": 2,
        "object gaps": 2,
        "statement novelty": 0,
        "subject novelty": 1,
        "object novelty": 0,
        "overlaps subject-predicate": 0,
        "overlaps predicate-object": 1,
        "trust": 0.5,
        "Average degree": 11.21951219512195,
        "Sparseness": 0.0058615024363877855,
        "Shortest path": 2.7198042444502377,
        "Total triples": 4370.0,
        "Total classes": 24,
        "Total predicates": 12,
        "Average population": 20.88235294117647,
        "Total claims": 19.0,
        "Total perspectives": 18.0,
        "Total conflicts": 0,
        "Total sources": 1.0,
        "Ratio claims to triples": 0.004347826086956522,
        "Ratio perspectives to triples": 0.004118993135011442,
        "Ratio conflicts to triples": 0.0,
        "Ratio perspectives to claims": 0.9473684210526315,
        "Ratio conflicts to claims": 0.0
    },
    {
        "turn": 3,
        "cardinality conflicts": 0,
        "negation conflicts": 0,
        "subject gaps": 2,
        "object gaps": 2,
        "statement novelty": 0,
        "subject novelty": 0,
        "object novelty": 1,
        "overlaps subject-predicate": 0,
        "overlaps predicate-object": 0,
        "trust": 0.5,
        "Average degree": 11.204545454545455,
        "Sparseness": 0.005763123660850933,
        "Shortest path": 2.72550409276073,
        "Total triples": 4437.0,
        "Total classes": 24,
        "Total predicates": 12,
        "Average population": 21.352941176470587,
        "Total claims": 20.0,
        "Total perspectives": 19.0,
        "Total conflicts": 0,
        "Total sources": 1.0,
        "Ratio claims to triples": 0.00450755014649538,
        "Ratio perspectives to triples": 0.00428217263917061,
        "Ratio conflicts to triples": 0.0,
        "Ratio perspectives to claims": 0.95,
        "Ratio conflicts to claims": 0.0
    },
    {
        "turn": 5,
        "cardinality conflicts": 0,
        "negation conflicts": 0,
        "subject gaps": 2,
        "object gaps": 2,
        "statement novelty": 1,
        "subject novelty": 0,
        "object novelty": 0,
        "overlaps subject-predicate": 0,
        "overlaps predicate-object": 0,
        "trust": 0.5,
        "Average degree": 11.232120451693852,
        "Sparseness": 0.005738268821757878,
        "Shortest path": 2.7283279635315854,
        "Total triples": 4476.0,
        "Total classes": 24,
        "Total predicates": 12,
        "Average population": 21.529411764705884,
        "Total claims": 20.0,
        "Total perspectives": 19.0,
        "Total conflicts": 0,
        "Total sources": 1.0,
        "Ratio claims to triples": 0.004468275245755138,
        "Ratio perspectives to triples": 0.0042448614834673815,
        "Ratio conflicts to triples": 0.0,
        "Ratio perspectives to claims": 0.95,
        "Ratio conflicts to claims": 0.0
    },
    {
        "turn": 7,
        "cardinality conflicts": 0,
        "negation conflicts": 0,
        "subject gaps": 2,
        "object gaps": 2,
        "statement novelty": 0,
        "subject novelty": 0,
        "object novelty": 1,
        "overlaps subject-predicate": 0,
        "overlaps predicate-object": 0,
        "trust": 0.5,
        "Average degree": 11.223733003708281,
        "Sparseness": 0.005653334474186416,
        "Shortest path": 2.73465285341884,
        "Total triples": 4540.0,
        "Total classes": 24,
        "Total predicates": 12,
        "Average population": 21.980392156862745,
        "Total claims": 21.0,
        "Total perspectives": 20.0,
        "Total conflicts": 0,
        "Total sources": 1.0,
        "Ratio claims to triples": 0.004625550660792952,
        "Ratio perspectives to triples": 0.004405286343612335,
        "Ratio conflicts to triples": 0.0,
        "Ratio perspectives to claims": 0.9523809523809523,
        "Ratio conflicts to claims": 0.0
    },
    {
        "turn": 9,
        "cardinality conflicts": 0,
        "negation conflicts": 0,
        "subject gaps": 2,
        "object gaps": 2,
        "statement novelty": 0,
        "subject novelty": 1,
        "object novelty": 1,
        "overlaps subject-predicate": 0,
        "overlaps predicate-object": 0,
        "trust": 0.5,
        "Average degree": 11.20291616038882,
        "Sparseness": 0.0055526930044335916,
        "Shortest path": 2.7414568385202793,
        "Total triples": 4610.0,
        "Total classes": 24,
        "Total predicates": 12,
        "Average population": 22.50980392156863,
        "Total claims": 22.0,
        "Total perspectives": 21.0,
        "Total conflicts": 0,
        "Total sources": 1.0,
        "Ratio claims to triples": 0.004772234273318872,
        "Ratio perspectives to triples": 0.00455531453362256,
        "Ratio conflicts to triples": 0.0,
        "Ratio perspectives to claims": 0.9545454545454546,
        "Ratio conflicts to claims": 0.0
    },
    {
        "turn": 11,
        "cardinality conflicts": 0,
        "negation conflicts": 0,
        "subject gaps": 2,
        "object gaps": 2,
        "statement novelty": 1,
        "subject novelty": 0,
        "object novelty": 0,
        "overlaps subject-predicate": 0,
        "overlaps predicate-object": 0,
        "trust": 0.5,
        "Average degree": 11.229468599033817,
        "Sparseness": 0.005529592289201615,
        "Shortest path": 2.7440723410966825,
        "Total triples": 4649.0,
        "Total classes": 24,
        "Total predicates": 12,
        "Average population": 22.686274509803923,
        "Total claims": 22.0,
        "Total perspectives": 21.0,
        "Total conflicts": 0,
        "Total sources": 1.0,
        "Ratio claims to triples": 0.004732200473220047,
        "Ratio perspectives to triples": 0.004517100451710045,
        "Ratio conflicts to triples": 0.0,
        "Ratio perspectives to claims": 0.9545454545454546,
        "Ratio conflicts to claims": 0.0
    },
    {
        "turn": 13,
        "cardinality conflicts": 0,
        "negation conflicts": 0,
        "subject gaps": 2,
        "object gaps": 2,
        "statement novelty": 0,
        "subject novelty": 1,
        "object novelty": 1,
        "overlaps subject-predicate": 0,
        "overlaps predicate-object": 0,
        "trust": 0.5,
        "Average degree": 11.209026128266034,
        "Sparseness": 0.005433280110132531,
        "Shortest path": 2.750574053623528,
        "Total triples": 4719.0,
        "Total classes": 24,
        "Total predicates": 12,
        "Average population": 23.215686274509803,
        "Total claims": 23.0,
        "Total perspectives": 22.0,
        "Total conflicts": 0,
        "Total sources": 1.0,
        "Ratio claims to triples": 0.004873913964823055,
        "Ratio perspectives to triples": 0.004662004662004662,
        "Ratio conflicts to triples": 0.0,
        "Ratio perspectives to claims": 0.9565217391304348,
        "Ratio conflicts to claims": 0.0
    },
    {
        "turn": 15,
        "cardinality conflicts": 0,
        "negation conflicts": 0,
        "subject gaps": 2,
        "object gaps": 2,
        "statement novelty": 0,
        "subject novelty": 0,
        "object novelty": 1,
        "overlaps subject-predicate": 0,
        "overlaps predicate-object": 0,
        "trust": 0.5,
        "Average degree": 11.201405152224824,
        "Sparseness": 0.005357074299754839,
        "Shortest path": 2.75627005938539,
        "Total triples": 4783.0,
        "Total classes": 24,
        "Total predicates": 12,
        "Average population": 23.666666666666668,
        "Total claims": 24.0,
        "Total perspectives": 23.0,
        "Total conflicts": 0,
        "Total sources": 1.0,
        "Ratio claims to triples": 0.005017771273259461,
        "Ratio perspectives to triples": 0.004808697470206983,
        "Ratio conflicts to triples": 0.0,
        "Ratio perspectives to claims": 0.9583333333333334,
        "Ratio conflicts to claims": 0.0
    },
    {
        "turn": 17,
        "cardinality conflicts": 0,
        "negation conflicts": 0,
        "subject gaps": 2,
        "object gaps": 2,
        "statement novelty": 0,
        "subject novelty": 0,
        "object novelty": 0,
        "overlaps subject-predicate": 0,
        "overlaps predicate-object": 1,
        "trust": 0.5,
        "Average degree": 11.206018518518519,
        "Sparseness": 0.005299425582990398,
        "Shortest path": 2.7612334234582208,
        "Total triples": 4841.0,
        "Total classes": 24,
        "Total predicates": 12,
        "Average population": 24.03921568627451,
        "Total claims": 25.0,
        "Total perspectives": 24.0,
        "Total conflicts": 0,
        "Total sources": 1.0,
        "Ratio claims to triples": 0.00516422226812642,
        "Ratio perspectives to triples": 0.004957653377401363,
        "Ratio conflicts to triples": 0.0,
        "Ratio perspectives to claims": 0.96,
        "Ratio conflicts to claims": 0.0
    },
    {
        "turn": 19,
        "cardinality conflicts": 0,
        "negation conflicts": 0,
        "subject gaps": 2,
        "object gaps": 2,
        "statement novelty": 1,
        "subject novelty": 1,
        "object novelty": 0,
        "overlaps subject-predicate": 0,
        "overlaps predicate-object": 2,
        "trust": 0.5,
        "Average degree": 11.23448275862069,
        "Sparseness": 0.005275465715418153,
        "Shortest path": 2.7627475100194436,
        "Total triples": 4887.0,
        "Total classes": 24,
        "Total predicates": 12,
        "Average population": 24.294117647058822,
        "Total claims": 25.0,
        "Total perspectives": 24.0,
        "Total conflicts": 0,
        "Total sources": 1.0,
        "Ratio claims to triples": 0.00511561285041948,
        "Ratio perspectives to triples": 0.004910988336402701,
        "Ratio conflicts to triples": 0.0,
        "Ratio perspectives to claims": 0.96,
        "Ratio conflicts to claims": 0.0
    }
]