[
    {
        "turn": 0,
        "cardinality conflicts": 0,
        "negation conflicts": 0,
        "subject gaps": 2,
        "object gaps": 2,
        "statement novelty": 1,
        "subject novelty": 0,
        "object novelty": 0,
        "overlaps subject-predicate": 0,
        "overlaps predicate-object": 0,
        "trust": 0.5,
        "Average degree": 11.078066914498141,
        "Sparseness": 0.005615363708811837,
        "Shortest path": 2.732046823544605,
        "Total triples": 4470.0,
        "Total classes": 24,
        "Total predicates": 12,
        "Average population": 22.019607843137255,
        "Total claims": 22.0,
        "Total perspectives": 21.0,
        "Total conflicts": 0,
        "Total sources": 1.0,
        "Ratio claims to triples": 0.004921700223713647,
        "Ratio perspectives to triples": 0.004697986577181208,
        "Ratio conflicts to triples": 0.0,
        "Ratio perspectives to claims": 0.9545454545454546,
        "Ratio conflicts to claims": 0.0
    },
    {
        "turn": 3,
        "cardinality conflicts": 0,
        "negation conflicts": 0,
        "subject gaps": 2,
        "object gaps": 2,
        "statement novelty": 1,
        "subject novelty": 0,
        "object novelty": 0,
        "overlaps subject-predicate": 0,
        "overlaps predicate-object": 0,
        "trust": 0.5,
        "Average degree": 11.099630996309964,
        "Sparseness": 0.005582712653694802,
        "Shortest path": 2.733887141827083,
        "Total triples": 4512.0,
        "Total classes": 24,
        "Total predicates": 12,
        "Average population": 22.215686274509803,
        "Total claims": 22.0,
        "Total perspectives": 21.0,
        "Total conflicts": 0,
        "Total sources": 1.0,
        "Ratio claims to triples": 0.004875886524822695,
        "Ratio perspectives to triples": 0.004654255319148936,
        "Ratio conflicts to triples": 0.0,
        "Ratio perspectives to claims": 0.9545454545454546,
        "Ratio conflicts to claims": 0.0
    },
    {
        "turn": 5,
        "cardinality conflicts": 0,
        "negation conflicts": 0,
        "subject gaps": 2,
        "object gaps": 2,
        "statement novelty": 1,
        "subject novelty": 0,
        "object novelty": 0,
        "overlaps subject-predicate": 0,
        "overlaps predicate-object": 0,
        "trust": 0.5,
        "Average degree": 11.12713936430318,
        "Sparseness": 0.0055595076547844645,
        "Shortest path": 2.736590723411132,
        "Total triples": 4551.0,
        "Total classes": 24,
        "Total predicates": 12,
        "Average population": 22.392156862745097,
        "Total claims": 22.0,
        "Total perspectives": 21.0,
        "Total conflicts": 0,
        "Total sources": 1.0,
        "Ratio claims to triples": 0.004834102395078005,
        "Ratio perspectives to triples": 0.004614370468029005,
        "Ratio conflicts to triples": 0.0,
        "Ratio perspectives to claims": 0.9545454545454546,
        "Ratio conflicts to claims": 0.0
    },
    {
        "turn": 7,
        "cardinality conflicts": 0,
        "negation conflicts": 0,
        "subject gaps": 2,
        "object gaps": 2,
        "statement novelty": 1,
        "subject novelty": 0,
        "object novelty": 0,
        "overlaps subject-predicate": 0,
        "overlaps predicate-object": 0,
        "trust": 0.5,
        "Average degree": 11.154313487241799,
        "Sparseness": 0.005536452743053966,
        "Shortest path": 2.739248432386409,
        "Total triples": 4590.0,
        "Total classes": 24,
        "Total predicates": 12,
        "Average population": 22.568627450980394,
        "Total claims": 22.0,
        "Total perspectives": 21.0,
        "Total conflicts": 0,
        "Total sources": 1.0,
        "Ratio claims to triples": 0.004793028322440087,
        "Ratio perspectives to triples": 0.004575163398692811,
        "Ratio conflicts to triples": 0.0,
        "Ratio perspectives to claims": 0.9545454545454546,
        "Ratio conflicts to claims": 0.0
    },
    {
        "turn": 9,
        "cardinality conflicts": 0,
        "negation conflicts": 0,
        "subject gaps": 2,
        "object gaps": 2,
        "statement novelty": 1,
        "subject novelty": 0,
        "object novelty": 0,
        "overlaps subject-predicate": 0,
        "overlaps predicate-object": 0,
        "trust": 0.5,
        "Average degree": 11.181159420289855,
        "Sparseness": 0.005513547574039068,
        "Shortest path": 2.7418788590388403,
        "Total triples": 4629.0,
        "Total classes": 24,
        "Total predicates": 12,
        "Average population": 22.745098039215687,
        "Total claims": 22.0,
        "Total perspectives": 21.0,
        "Total conflicts": 0,
        "Total sources": 1.0,
        "Ratio claims to triples": 0.004752646359904947,
        "Ratio perspectives to triples": 0.004536616979909268,
        "Ratio conflicts to triples": 0.0,
        "Ratio perspectives to claims": 0.9545454545454546,
        "Ratio conflicts to claims": 0.0
    },
    {
        "turn": 11,
        "cardinality conflicts": 0,
        "negation conflicts": 0,
        "subject gaps": 2,
        "object gaps": 2,
        "statement novelty": 1,
        "subject novelty": 0,
        "object novelty": 0,
        "overlaps subject-predicate": 0,
        "overlaps predicate-object": 0,
        "trust": 0.5,
        "Average degree": 11.207683073229292,
        "Sparseness": 0.005490791754877221,
        "Shortest path": 2.7444766368085696,
        "Total triples": 4668.0,
        "Total classes": 24,
        "Total predicates": 12,
        "Average population": 22.92156862745098,
        "Total claims": 22.0,
        "Total perspectives": 21.0,
        "Total conflicts": 0,
        "Total sources": 1.0,
        "Ratio claims to triples": 0.004712939160239932,
        "Ratio perspectives to triples": 0.004498714652956298,
        "Ratio conflicts to triples": 0.0,
        "Ratio perspectives to claims": 0.9545454545454546,
        "Ratio conflicts to claims": 0.0
    },
    {
        "turn": 13,
        "cardinality conflicts": 0,
        "negation conflicts": 0,
        "subject gaps": 2,
        "object gaps": 2,
        "statement novelty": 1,
        "subject novelty": 0,
        "object novelty": 0,
        "overlaps subject-predicate": 0,
        "overlaps predicate-object": 0,
        "trust": 0.5,
        "Average degree": 11.233890214797135,
        "Sparseness": 0.005468184847431947,
        "Shortest path": 2.747045220599767,
        "Total triples": 4707.0,
        "Total classes": 24,
        "Total predicates": 12,
        "Average population": 23.098039215686274,
        "Total claims": 22.0,
        "Total perspectives": 21.0,
        "Total conflicts": 0,
        "Total sources": 1.0,
        "Ratio claims to triples": 0.004673889951136605,
        "Ratio perspectives to triples": 0.004461440407903123,
        "Ratio conflicts to triples": 0.0,
        "Ratio perspectives to claims": 0.9545454545454546,
        "Ratio conflicts to claims": 0.0
    },
    {
        "turn": 15,
        "cardinality conflicts": 0,
        "negation conflicts": 0,
        "subject gaps": 2,
        "object gaps": 2,
        "statement novelty": 1,
        "subject novelty": 0,
        "object novelty": 0,
        "overlaps subject-predicate": 0,
        "overlaps predicate-object": 0,
        "trust": 0.5,
        "Average degree": 11.259786476868328,
        "Sparseness": 0.005445726371246564,
        "Shortest path": 2.7495850978999896,
        "Total triples": 4746.0,
        "Total classes": 24,
        "Total predicates": 12,
        "Average population": 23.274509803921568,
        "Total claims": 22.0,
        "Total perspectives": 21.0,
        "Total conflicts": 0,
        "Total sources": 1.0,
        "Ratio claims to triples": 0.004635482511588706,
        "Ratio perspectives to triples": 0.004424778761061947,
        "Ratio conflicts to triples": 0.0,
        "Ratio perspectives to claims": 0.9545454545454546,
        "Ratio conflicts to claims": 0.0
    },
    {
        "turn": 17,
        "cardinality conflicts": 0,
        "negation conflicts": 0,
        "subject gaps": 2,
        "object gaps": 2,
        "statement novelty": 0,
        "subject novelty": 0,
        "object novelty": 0,
        "overlaps subject-predicate": 0,
        "overlaps predicate-object": 1,
        "trust": 0.5,
        "Average degree": 11.263774912075029,
        "Sparseness": 0.005386134586020788,
        "Shortest path": 2.7546879557925905,
        "Total triples": 4804.0,
        "Total classes": 24,
        "Total predicates": 12,
        "Average population": 23.647058823529413,
        "Total claims": 23.0,
        "Total perspectives": 22.0,
        "Total conflicts": 0,
        "Total sources": 1.0,
        "Ratio claims to triples": 0.004787676935886761,
        "Ratio perspectives to triples": 0.004579517069109076,
        "Ratio conflicts to triples": 0.0,
        "Ratio perspectives to claims": 0.9565217391304348,
        "Ratio conflicts to claims": 0.0
    },
    {
        "turn": 19,
        "cardinality conflicts": 0,
        "negation conflicts": 0,
        "subject gaps": 2,
        "object gaps": 2,
        "statement novelty": 1,
        "subject novelty": 0,
        "object novelty": 0,
        "overlaps subject-predicate": 0,
        "overlaps predicate-object": 1,
        "trust": 0.5,
        "Average degree": 11.28904428904429,
        "Sparseness": 0.005364293825832287,
        "Shortest path": 2.7571432845645214,
        "Total triples": 4843.0,
        "Total classes": 24,
        "Total predicates": 12,
        "Average population": 23.823529411764707,
        "Total claims": 23.0,
        "Total perspectives": 22.0,
        "Total conflicts": 0,
        "Total sources": 1.0,
        "Ratio claims to triples": 0.004749122444765641,
        "Ratio perspectives to triples": 0.0045426388602106136,
        "Ratio conflicts to triples": 0.0,
        "Ratio perspectives to claims": 0.9565217391304348,
        "Ratio conflicts to claims": 0.0
    }
]