[
    {
        "turn": 0,
        "cardinality conflicts": 0,
        "negation conflicts": 0,
        "subject gaps": 2,
        "object gaps": 2,
        "statement novelty": 0,
        "subject novelty": 0,
        "object novelty": 0,
        "overlaps subject-predicate": 0,
        "overlaps predicate-object": 1,
        "trust": 0.5,
        "Average degree": 11.033802816901408,
        "Sparseness": 0.006341995635786551,
        "Shortest path": 2.6737559347623114,
        "Total triples": 3917.0,
        "Total classes": 24,
        "Total predicates": 12,
        "Average population": 18.568627450980394,
        "Total claims": 16.0,
        "Total perspectives": 15.0,
        "Total conflicts": 0,
        "Total sources": 1.0,
        "Ratio claims to triples": 0.0040847587439366865,
        "Ratio perspectives to triples": 0.0038294613224406433,
        "Ratio conflicts to triples": 0.0,
        "Ratio perspectives to claims": 0.9375,
        "Ratio conflicts to claims": 0.0
    },
    {
        "turn": 3,
        "cardinality conflicts": 0,
        "negation conflicts": 0,
        "subject gaps": 2,
        "object gaps": 2,
        "statement novelty": 1,
        "subject novelty": 1,
        "object novelty": 0,
        "overlaps subject-predicate": 0,
        "overlaps predicate-object": 2,
        "trust": 0.5,
        "Average degree": 11.06276150627615,
        "Sparseness": 0.006296575106644958,
        "Shortest path": 2.6753465323391223,
        "Total triples": 3966.0,
        "Total classes": 24,
        "Total predicates": 12,
        "Average population": 18.84313725490196,
        "Total claims": 16.0,
        "Total perspectives": 15.0,
        "Total conflicts": 0,
        "Total sources": 1.0,
        "Ratio claims to triples": 0.004034291477559254,
        "Ratio perspectives to triples": 0.0037821482602118004,
        "Ratio conflicts to triples": 0.0,
        "Ratio perspectives to claims": 0.9375,
        "Ratio conflicts to claims": 0.0
    },
    {
        "turn": 5,
        "cardinality conflicts": 0,
        "negation conflicts": 0,
        "subject gaps": 2,
        "object gaps": 2,
        "statement novelty": 1,
        "subject novelty": 0,
        "object novelty": 0,
        "overlaps subject-predicate": 0,
        "overlaps predicate-object": 2,
        "trust": 0.5,
        "Average degree": 11.094182825484765,
        "Sparseness": 0.006267217102385648,
        "Shortest path": 2.678758726145973,
        "Total triples": 4005.0,
        "Total classes": 24,
        "Total predicates": 12,
        "Average population": 19.019607843137255,
        "Total claims": 16.0,
        "Total perspectives": 15.0,
        "Total conflicts": 0,
        "Total sources": 1.0,
        "Ratio claims to triples": 0.003995006242197253,
        "Ratio perspectives to triples": 0.003745318352059925,
        "Ratio conflicts to triples": 0.0,
        "Ratio perspectives to claims": 0.9375,
        "Ratio conflicts to claims": 0.0
    },
    {
        "turn": 7,
        "cardinality conflicts": 0,
        "negation conflicts": 0,
        "subject gaps": 2,
        "object gaps": 2,
        "statement novelty": 1,
        "subject novelty": 0,
        "object novelty": 0,
        "overlaps subject-predicate": 0,
        "overlaps predicate-object": 0,
        "trust": 0.5,
        "Average degree": 11.125171939477305,
        "Sparseness": 0.0062380682989958925,
        "Shortest path": 2.6821270097498684,
        "Total triples": 4044.0,
        "Total classes": 24,
        "Total predicates": 12,
        "Average population": 19.19607843137255,
        "Total claims": 16.0,
        "Total perspectives": 15.0,
        "Total conflicts": 0,
        "Total sources": 1.0,
        "Ratio claims to triples": 0.003956478733926805,
        "Ratio perspectives to triples": 0.00370919881305638,
        "Ratio conflicts to triples": 0.0,
        "Ratio perspectives to claims": 0.9375,
        "Ratio conflicts to claims": 0.0
    },
    {
        "turn": 9,
        "cardinality conflicts": 0,
        "negation conflicts": 0,
        "subject gaps": 2,
        "object gaps": 2,
        "statement novelty": 1,
        "subject novelty": 0,
        "object novelty": 0,
        "overlaps subject-predicate": 0,
        "overlaps predicate-object": 0,
        "trust": 0.5,
        "Average degree": 11.155737704918034,
        "Sparseness": 0.00620912837050972,
        "Shortest path": 2.6854522213002623,
        "Total triples": 4083.0,
        "Total classes": 24,
        "Total predicates": 12,
        "Average population": 19.372549019607842,
        "Total claims": 16.0,
        "Total perspectives": 15.0,
        "Total conflicts": 0,
        "Total sources": 1.0,
        "Ratio claims to triples": 0.0039186872397746755,
        "Ratio perspectives to triples": 0.0036737692872887582,
        "Ratio conflicts to triples": 0.0,
        "Ratio perspectives to claims": 0.9375,
        "Ratio conflicts to claims": 0.0
    },
    {
        "turn": 11,
        "cardinality conflicts": 0,
        "negation conflicts": 0,
        "subject gaps": 2,
        "object gaps": 2,
        "statement novelty": 1,
        "subject novelty": 0,
        "object novelty": 0,
        "overlaps subject-predicate": 0,
        "overlaps predicate-object": 1,
        "trust": 0.5,
        "Average degree": 11.185888738127543,
        "Sparseness": 0.00618039689304802,
        "Shortest path": 2.688735177865613,
        "Total triples": 4122.0,
        "Total classes": 24,
        "Total predicates": 12,
        "Average population": 19.54901960784314,
        "Total claims": 16.0,
        "Total perspectives": 15.0,
        "Total conflicts": 0,
        "Total sources": 1.0,
        "Ratio claims to triples": 0.0038816108685104317,
        "Ratio perspectives to triples": 0.00363901018922853,
        "Ratio conflicts to triples": 0.0,
        "Ratio perspectives to claims": 0.9375,
        "Ratio conflicts to claims": 0.0
    },
    {
        "turn": 13,
        "cardinality conflicts": 0,
        "negation conflicts": 0,
        "subject gaps": 2,
        "object gaps": 2,
        "statement novelty": 0,
        "subject novelty": 0,
        "object novelty": 1,
        "overlaps subject-predicate": 0,
        "overlaps predicate-object": 0,
        "trust": 0.5,
        "Average degree": 11.177570093457945,
        "Sparseness": 0.0060819855936085675,
        "Shortest path": 2.6961617272227496,
        "Total triples": 4186.0,
        "Total classes": 24,
        "Total predicates": 12,
        "Average population": 20.0,
        "Total claims": 17.0,
        "Total perspectives": 16.0,
        "Total conflicts": 0,
        "Total sources": 1.0,
        "Ratio claims to triples": 0.004061156235069279,
        "Ratio perspectives to triples": 0.003822264691829909,
        "Ratio conflicts to triples": 0.0,
        "Ratio perspectives to claims": 0.9411764705882353,
        "Ratio conflicts to claims": 0.0
    },
    {
        "turn": 15,
        "cardinality conflicts": 0,
        "negation conflicts": 0,
        "subject gaps": 2,
        "object gaps": 2,
        "statement novelty": 1,
        "subject novelty": 0,
        "object novelty": 0,
        "overlaps subject-predicate": 0,
        "overlaps predicate-object": 0,
        "trust": 0.5,
        "Average degree": 11.206896551724139,
        "Sparseness": 0.0060543590681704645,
        "Shortest path": 2.699307104033028,
        "Total triples": 4225.0,
        "Total classes": 24,
        "Total predicates": 12,
        "Average population": 20.176470588235293,
        "Total claims": 17.0,
        "Total perspectives": 16.0,
        "Total conflicts": 0,
        "Total sources": 1.0,
        "Ratio claims to triples": 0.004023668639053254,
        "Ratio perspectives to triples": 0.00378698224852071,
        "Ratio conflicts to triples": 0.0,
        "Ratio perspectives to claims": 0.9411764705882353,
        "Ratio conflicts to claims": 0.0
    },
    {
        "turn": 17,
        "cardinality conflicts": 0,
        "negation conflicts": 0,
        "subject gaps": 2,
        "object gaps": 2,
        "statement novelty": 1,
        "subject novelty": 0,
        "object novelty": 0,
        "overlaps subject-predicate": 0,
        "overlaps predicate-object": 0,
        "trust": 0.5,
        "Average degree": 11.235836627140975,
        "Sparseness": 0.006026930240712678,
        "Shortest path": 2.7024136049029934,
        "Total triples": 4264.0,
        "Total classes": 24,
        "Total predicates": 12,
        "Average population": 20.352941176470587,
        "Total claims": 17.0,
        "Total perspectives": 16.0,
        "Total conflicts": 0,
        "Total sources": 1.0,
        "Ratio claims to triples": 0.00398686679174484,
        "Ratio perspectives to triples": 0.00375234521575985,
        "Ratio conflicts to triples": 0.0,
        "Ratio perspectives to claims": 0.9411764705882353,
        "Ratio conflicts to claims": 0.0
    },
    {
        "turn": 19,
        "cardinality conflicts": 0,
        "negation conflicts": 0,
        "subject gaps": 2,
        "object gaps": 2,
        "statement novelty": 1,
        "subject novelty": 0,
        "object novelty": 0,
        "overlaps subject-predicate": 0,
        "overlaps predicate-object": 0,
        "trust": 0.5,
        "Average degree": 11.264397905759163,
        "Sparseness": 0.0059996984731778185,
        "Shortest path": 2.705481943005359,
        "Total triples": 4303.0,
        "Total classes": 24,
        "Total predicates": 12,
        "Average population": 20.529411764705884,
        "Total claims": 17.0,
        "Total perspectives": 16.0,
        "Total conflicts": 0,
        "Total sources": 1.0,
        "Ratio claims to triples": 0.0039507320474087846,
        "Ratio perspectives to triples": 0.0037183360446200325,
        "Ratio conflicts to triples": 0.0,
        "Ratio perspectives to claims": 0.9411764705882353,
        "Ratio conflicts to claims": 0.0
    }
]