[
    {
        "turn": 0,
        "cardinality conflicts": 0,
        "negation conflicts": 0,
        "subject gaps": 2,
        "object gaps": 2,
        "statement novelty": 0,
        "subject novelty": 0,
        "object novelty": 1,
        "overlaps subject-predicate": 1,
        "overlaps predicate-object": 0,
        "trust": 0.5,
        "Average degree": 11.09325681492109,
        "Sparseness": 0.006475796043300968,
        "Shortest path": 2.669086726364221,
        "Total triples": 3866.0,
        "Total classes": 24,
        "Total predicates": 12,
        "Average population": 17.980392156862745,
        "Total claims": 15.0,
        "Total perspectives": 14.0,
        "Total conflicts": 0,
        "Total sources": 1.0,
        "Ratio claims to triples": 0.0038799793067770304,
        "Ratio perspectives to triples": 0.0036213140196585617,
        "Ratio conflicts to triples": 0.0,
        "Ratio perspectives to claims": 0.9333333333333333,
        "Ratio conflicts to claims": 0.0
    },
    {
        "turn": 3,
        "cardinality conflicts": 0,
        "negation conflicts": 0,
        "subject gaps": 2,
        "object gaps": 2,
        "statement novelty": 1,
        "subject novelty": 0,
        "object novelty": 0,
        "overlaps subject-predicate": 1,
        "overlaps predicate-object": 0,
        "trust": 0.5,
        "Average degree": 11.118065433854907,
        "Sparseness": 0.006432501229237023,
        "Shortest path": 2.671704092756724,
        "Total triples": 3908.0,
        "Total classes": 24,
        "Total predicates": 12,
        "Average population": 18.176470588235293,
        "Total claims": 15.0,
        "Total perspectives": 14.0,
        "Total conflicts": 0,
        "Total sources": 1.0,
        "Ratio claims to triples": 0.0038382804503582393,
        "Ratio perspectives to triples": 0.0035823950870010235,
        "Ratio conflicts to triples": 0.0,
        "Ratio perspectives to claims": 0.9333333333333333,
        "Ratio conflicts to claims": 0.0
    },
    {
        "turn": 5,
        "cardinality conflicts": 0,
        "negation conflicts": 0,
        "subject gaps": 2,
        "object gaps": 2,
        "statement novelty": 0,
        "subject novelty": 0,
        "object novelty": 1,
        "overlaps subject-predicate": 0,
        "overlaps predicate-object": 0,
        "trust": 0.5,
        "Average degree": 11.11048951048951,
        "Sparseness": 0.0063259817105970955,
        "Shortest path": 2.6797437856261386,
        "Total triples": 3972.0,
        "Total classes": 24,
        "Total predicates": 12,
        "Average population": 18.627450980392158,
        "Total claims": 16.0,
        "Total perspectives": 15.0,
        "Total conflicts": 0,
        "Total sources": 1.0,
        "Ratio claims to triples": 0.004028197381671702,
        "Ratio perspectives to triples": 0.0037764350453172208,
        "Ratio conflicts to triples": 0.0,
        "Ratio perspectives to claims": 0.9375,
        "Ratio conflicts to claims": 0.0
    },
    {
        "turn": 7,
        "cardinality conflicts": 0,
        "negation conflicts": 0,
        "subject gaps": 2,
        "object gaps": 2,
        "statement novelty": 0,
        "subject novelty": 0,
        "object novelty": 1,
        "overlaps subject-predicate": 0,
        "overlaps predicate-object": 0,
        "trust": 0.5,
        "Average degree": 11.103163686382393,
        "Sparseness": 0.006222931948861841,
        "Shortest path": 2.687526761929663,
        "Total triples": 4036.0,
        "Total classes": 24,
        "Total predicates": 12,
        "Average population": 19.07843137254902,
        "Total claims": 17.0,
        "Total perspectives": 16.0,
        "Total conflicts": 0,
        "Total sources": 1.0,
        "Ratio claims to triples": 0.00421209117938553,
        "Ratio perspectives to triples": 0.003964321110009911,
        "Ratio conflicts to triples": 0.0,
        "Ratio perspectives to claims": 0.9411764705882353,
        "Ratio conflicts to claims": 0.0
    },
    {
        "turn": 9,
        "cardinality conflicts": 0,
        "negation conflicts": 0,
        "subject gaps": 2,
        "object gaps": 2,
        "statement novelty": 1,
        "subject novelty": 0,
        "object novelty": 0,
        "overlaps subject-predicate": 0,
        "overlaps predicate-object": 0,
        "trust": 0.5,
        "Average degree": 11.133879781420765,
        "Sparseness": 0.006194198094896831,
        "Shortest path": 2.6908157849491303,
        "Total triples": 4075.0,
        "Total classes": 24,
        "Total predicates": 12,
        "Average population": 19.254901960784313,
        "Total claims": 17.0,
        "Total perspectives": 16.0,
        "Total conflicts": 0,
        "Total sources": 1.0,
        "Ratio claims to triples": 0.0041717791411042945,
        "Ratio perspectives to triples": 0.00392638036809816,
        "Ratio conflicts to triples": 0.0,
        "Ratio perspectives to claims": 0.9411764705882353,
        "Ratio conflicts to claims": 0.0
    },
    {
        "turn": 11,
        "cardinality conflicts": 0,
        "negation conflicts": 0,
        "subject gaps": 2,
        "object gaps": 2,
        "statement novelty": 1,
        "subject novelty": 0,
        "object novelty": 0,
        "overlaps subject-predicate": 0,
        "overlaps predicate-object": 0,
        "trust": 0.5,
        "Average degree": 11.164179104477611,
        "Sparseness": 0.006165668512010074,
        "Shortest path": 2.6940630346292256,
        "Total triples": 4114.0,
        "Total classes": 24,
        "Total predicates": 12,
        "Average population": 19.431372549019606,
        "Total claims": 17.0,
        "Total perspectives": 16.0,
        "Total conflicts": 0,
        "Total sources": 1.0,
        "Ratio claims to triples": 0.004132231404958678,
        "Ratio perspectives to triples": 0.003889158969372873,
        "Ratio conflicts to triples": 0.0,
        "Ratio perspectives to claims": 0.9411764705882353,
        "Ratio conflicts to claims": 0.0
    },
    {
        "turn": 13,
        "cardinality conflicts": 0,
        "negation conflicts": 0,
        "subject gaps": 2,
        "object gaps": 2,
        "statement novelty": 1,
        "subject novelty": 0,
        "object novelty": 0,
        "overlaps subject-predicate": 0,
        "overlaps predicate-object": 0,
        "trust": 0.5,
        "Average degree": 11.194070080862534,
        "Sparseness": 0.006137342797567585,
        "Shortest path": 2.697269298063737,
        "Total triples": 4153.0,
        "Total classes": 24,
        "Total predicates": 12,
        "Average population": 19.607843137254903,
        "Total claims": 17.0,
        "Total perspectives": 16.0,
        "Total conflicts": 0,
        "Total sources": 1.0,
        "Ratio claims to triples": 0.0040934264387189985,
        "Ratio perspectives to triples": 0.003852636648206116,
        "Ratio conflicts to triples": 0.0,
        "Ratio perspectives to claims": 0.9411764705882353,
        "Ratio conflicts to claims": 0.0
    },
    {
        "turn": 15,
        "cardinality conflicts": 0,
        "negation conflicts": 0,
        "subject gaps": 2,
        "object gaps": 2,
        "statement novelty": 1,
        "subject novelty": 0,
        "object novelty": 0,
        "overlaps subject-predicate": 0,
        "overlaps predicate-object": 0,
        "trust": 0.5,
        "Average degree": 11.223560910307897,
        "Sparseness": 0.00610922046060189,
        "Shortest path": 2.700435342801052,
        "Total triples": 4192.0,
        "Total classes": 24,
        "Total predicates": 12,
        "Average population": 19.784313725490197,
        "Total claims": 17.0,
        "Total perspectives": 16.0,
        "Total conflicts": 0,
        "Total sources": 1.0,
        "Ratio claims to triples": 0.0040553435114503815,
        "Ratio perspectives to triples": 0.003816793893129771,
        "Ratio conflicts to triples": 0.0,
        "Ratio perspectives to claims": 0.9411764705882353,
        "Ratio conflicts to claims": 0.0
    },
    {
        "turn": 17,
        "cardinality conflicts": 0,
        "negation conflicts": 0,
        "subject gaps": 2,
        "object gaps": 2,
        "statement novelty": 1,
        "subject novelty": 0,
        "object novelty": 0,
        "overlaps subject-predicate": 0,
        "overlaps predicate-object": 0,
        "trust": 0.5,
        "Average degree": 11.252659574468085,
        "Sparseness": 0.006081300928021729,
        "Shortest path": 2.703561917443409,
        "Total triples": 4231.0,
        "Total classes": 24,
        "Total predicates": 12,
        "Average population": 19.96078431372549,
        "Total claims": 17.0,
        "Total perspectives": 16.0,
        "Total conflicts": 0,
        "Total sources": 1.0,
        "Ratio claims to triples": 0.004017962656582368,
        "Ratio perspectives to triples": 0.003781611912077523,
        "Ratio conflicts to triples": 0.0,
        "Ratio perspectives to claims": 0.9411764705882353,
        "Ratio conflicts to claims": 0.0
    },
    {
        "turn": 19,
        "cardinality conflicts": 0,
        "negation conflicts": 0,
        "subject gaps": 2,
        "object gaps": 2,
        "statement novelty": 0,
        "subject novelty": 0,
        "object novelty": 0,
        "overlaps subject-predicate": 0,
        "overlaps predicate-object": 1,
        "trust": 0.5,
        "Average degree": 11.257217847769029,
        "Sparseness": 0.006007123125357362,
        "Shortest path": 2.7098340696900403,
        "Total triples": 4289.0,
        "Total classes": 24,
        "Total predicates": 12,
        "Average population": 20.333333333333332,
        "Total claims": 18.0,
        "Total perspectives": 17.0,
        "Total conflicts": 0,
        "Total sources": 1.0,
        "Ratio claims to triples": 0.004196782466775472,
        "Ratio perspectives to triples": 0.003963627885287946,
        "Ratio conflicts to triples": 0.0,
        "Ratio perspectives to claims": 0.9444444444444444,
        "Ratio conflicts to claims": 0.0
    }
]