[
    {
        "turn": 0,
        "cardinality conflicts": 0,
        "negation conflicts": 0,
        "subject gaps": 2,
        "object gaps": 2,
        "statement novelty": 0,
        "subject novelty": 0,
        "object novelty": 1,
        "overlaps subject-predicate": 1,
        "overlaps predicate-object": 0,
        "trust": 0.5,
        "Average degree": 11.011267605633803,
        "Sparseness": 0.006326125768696687,
        "Shortest path": 2.6766006476092095,
        "Total triples": 3909.0,
        "Total classes": 24,
        "Total predicates": 12,
        "Average population": 18.49019607843137,
        "Total claims": 16.0,
        "Total perspectives": 15.0,
        "Total conflicts": 0,
        "Total sources": 1.0,
        "Ratio claims to triples": 0.004093118444614991,
        "Ratio perspectives to triples": 0.003837298541826554,
        "Ratio conflicts to triples": 0.0,
        "Ratio perspectives to claims": 0.9375,
        "Ratio conflicts to claims": 0.0
    },
    {
        "turn": 3,
        "cardinality conflicts": 0,
        "negation conflicts": 0,
        "subject gaps": 2,
        "object gaps": 2,
        "statement novelty": 1,
        "subject novelty": 0,
        "object novelty": 0,
        "overlaps subject-predicate": 0,
        "overlaps predicate-object": 1,
        "trust": 0.5,
        "Average degree": 11.03631284916201,
        "Sparseness": 0.006284916201117319,
        "Shortest path": 2.6791108333007774,
        "Total triples": 3951.0,
        "Total classes": 24,
        "Total predicates": 12,
        "Average population": 18.686274509803923,
        "Total claims": 16.0,
        "Total perspectives": 15.0,
        "Total conflicts": 0,
        "Total sources": 1.0,
        "Ratio claims to triples": 0.004049607694254619,
        "Ratio perspectives to triples": 0.0037965072133637054,
        "Ratio conflicts to triples": 0.0,
        "Ratio perspectives to claims": 0.9375,
        "Ratio conflicts to claims": 0.0
    },
    {
        "turn": 5,
        "cardinality conflicts": 0,
        "negation conflicts": 0,
        "subject gaps": 2,
        "object gaps": 2,
        "statement novelty": 1,
        "subject novelty": 0,
        "object novelty": 0,
        "overlaps subject-predicate": 0,
        "overlaps predicate-object": 1,
        "trust": 0.5,
        "Average degree": 11.067961165048544,
        "Sparseness": 0.006255758972455039,
        "Shortest path": 2.682505008475882,
        "Total triples": 3990.0,
        "Total classes": 24,
        "Total predicates": 12,
        "Average population": 18.862745098039216,
        "Total claims": 16.0,
        "Total perspectives": 15.0,
        "Total conflicts": 0,
        "Total sources": 1.0,
        "Ratio claims to triples": 0.0040100250626566416,
        "Ratio perspectives to triples": 0.0037593984962406013,
        "Ratio conflicts to triples": 0.0,
        "Ratio perspectives to claims": 0.9375,
        "Ratio conflicts to claims": 0.0
    },
    {
        "turn": 7,
        "cardinality conflicts": 0,
        "negation conflicts": 0,
        "subject gaps": 2,
        "object gaps": 2,
        "statement novelty": 1,
        "subject novelty": 1,
        "object novelty": 0,
        "overlaps subject-predicate": 0,
        "overlaps predicate-object": 2,
        "trust": 0.5,
        "Average degree": 11.103163686382393,
        "Sparseness": 0.006222931948861841,
        "Shortest path": 2.6849083557849345,
        "Total triples": 4036.0,
        "Total classes": 24,
        "Total predicates": 12,
        "Average population": 19.11764705882353,
        "Total claims": 16.0,
        "Total perspectives": 15.0,
        "Total conflicts": 0,
        "Total sources": 1.0,
        "Ratio claims to triples": 0.003964321110009911,
        "Ratio perspectives to triples": 0.0037165510406342913,
        "Ratio conflicts to triples": 0.0,
        "Ratio perspectives to claims": 0.9375,
        "Ratio conflicts to claims": 0.0
    },
    {
        "turn": 9,
        "cardinality conflicts": 0,
        "negation conflicts": 0,
        "subject gaps": 2,
        "object gaps": 2,
        "statement novelty": 0,
        "subject novelty": 0,
        "object novelty": 1,
        "overlaps subject-predicate": 0,
        "overlaps predicate-object": 0,
        "trust": 0.5,
        "Average degree": 11.096075778078484,
        "Sparseness": 0.006123185154938191,
        "Shortest path": 2.6924871007844042,
        "Total triples": 4100.0,
        "Total classes": 24,
        "Total predicates": 12,
        "Average population": 19.568627450980394,
        "Total claims": 17.0,
        "Total perspectives": 16.0,
        "Total conflicts": 0,
        "Total sources": 1.0,
        "Ratio claims to triples": 0.004146341463414634,
        "Ratio perspectives to triples": 0.003902439024390244,
        "Ratio conflicts to triples": 0.0,
        "Ratio perspectives to claims": 0.9411764705882353,
        "Ratio conflicts to claims": 0.0
    },
    {
        "turn": 11,
        "cardinality conflicts": 0,
        "negation conflicts": 0,
        "subject gaps": 2,
        "object gaps": 2,
        "statement novelty": 0,
        "subject novelty": 1,
        "object novelty": 1,
        "overlaps subject-predicate": 0,
        "overlaps predicate-object": 0,
        "trust": 0.5,
        "Average degree": 11.07569721115538,
        "Sparseness": 0.006005195684724581,
        "Shortest path": 2.7006583594699216,
        "Total triples": 4170.0,
        "Total classes": 24,
        "Total predicates": 12,
        "Average population": 20.098039215686274,
        "Total claims": 18.0,
        "Total perspectives": 17.0,
        "Total conflicts": 0,
        "Total sources": 1.0,
        "Ratio claims to triples": 0.004316546762589928,
        "Ratio perspectives to triples": 0.00407673860911271,
        "Ratio conflicts to triples": 0.0,
        "Ratio perspectives to claims": 0.9444444444444444,
        "Ratio conflicts to claims": 0.0
    },
    {
        "turn": 13,
        "cardinality conflicts": 0,
        "negation conflicts": 0,
        "subject gaps": 2,
        "object gaps": 2,
        "statement novelty": 1,
        "subject novelty": 0,
        "object novelty": 0,
        "overlaps subject-predicate": 0,
        "overlaps predicate-object": 0,
        "trust": 0.5,
        "Average degree": 11.105540897097626,
        "Sparseness": 0.005978446265342068,
        "Shortest path": 2.7037570189227718,
        "Total triples": 4209.0,
        "Total classes": 24,
        "Total predicates": 12,
        "Average population": 20.274509803921568,
        "Total claims": 18.0,
        "Total perspectives": 17.0,
        "Total conflicts": 0,
        "Total sources": 1.0,
        "Ratio claims to triples": 0.0042765502494654314,
        "Ratio perspectives to triples": 0.004038964124495129,
        "Ratio conflicts to triples": 0.0,
        "Ratio perspectives to claims": 0.9444444444444444,
        "Ratio conflicts to claims": 0.0
    },
    {
        "turn": 15,
        "cardinality conflicts": 0,
        "negation conflicts": 0,
        "subject gaps": 2,
        "object gaps": 2,
        "statement novelty": 1,
        "subject novelty": 0,
        "object novelty": 0,
        "overlaps subject-predicate": 0,
        "overlaps predicate-object": 0,
        "trust": 0.5,
        "Average degree": 11.134993446920053,
        "Sparseness": 0.00595187995238496,
        "Shortest path": 2.7068176111013647,
        "Total triples": 4248.0,
        "Total classes": 24,
        "Total predicates": 12,
        "Average population": 20.45098039215686,
        "Total claims": 18.0,
        "Total perspectives": 17.0,
        "Total conflicts": 0,
        "Total sources": 1.0,
        "Ratio claims to triples": 0.00423728813559322,
        "Ratio perspectives to triples": 0.004001883239171375,
        "Ratio conflicts to triples": 0.0,
        "Ratio perspectives to claims": 0.9444444444444444,
        "Ratio conflicts to claims": 0.0
    },
    {
        "turn": 17,
        "cardinality conflicts": 0,
        "negation conflicts": 0,
        "subject gaps": 2,
        "object gaps": 2,
        "statement novelty": 1,
        "subject novelty": 0,
        "object novelty": 0,
        "overlaps subject-predicate": 0,
        "overlaps predicate-object": 0,
        "trust": 0.5,
        "Average degree": 11.1640625,
        "Sparseness": 0.005925496419270833,
        "Shortest path": 2.709840830073881,
        "Total triples": 4287.0,
        "Total classes": 24,
        "Total predicates": 12,
        "Average population": 20.627450980392158,
        "Total claims": 18.0,
        "Total perspectives": 17.0,
        "Total conflicts": 0,
        "Total sources": 1.0,
        "Ratio claims to triples": 0.004198740377886634,
        "Ratio perspectives to triples": 0.003965477023559599,
        "Ratio conflicts to triples": 0.0,
        "Ratio perspectives to claims": 0.9444444444444444,
        "Ratio conflicts to claims": 0.0
    },
    {
        "turn": 19,
        "cardinality conflicts": 0,
        "negation conflicts": 0,
        "subject gaps": 2,
        "object gaps": 2,
        "statement novelty": 1,
        "subject novelty": 0,
        "object novelty": 0,
        "overlaps subject-predicate": 0,
        "overlaps predicate-object": 0,
        "trust": 0.5,
        "Average degree": 11.192755498059508,
        "Sparseness": 0.005899295264330267,
        "Shortest path": 2.712827353223093,
        "Total triples": 4326.0,
        "Total classes": 24,
        "Total predicates": 12,
        "Average population": 20.80392156862745,
        "Total claims": 18.0,
        "Total perspectives": 17.0,
        "Total conflicts": 0,
        "Total sources": 1.0,
        "Ratio claims to triples": 0.004160887656033287,
        "Ratio perspectives to triples": 0.003929727230698105,
        "Ratio conflicts to triples": 0.0,
        "Ratio perspectives to claims": 0.9444444444444444,
        "Ratio conflicts to claims": 0.0
    }
]