[
    {
        "turn": 0,
        "cardinality conflicts": 0,
        "negation conflicts": 0,
        "subject gaps": 2,
        "object gaps": 2,
        "statement novelty": 0,
        "subject novelty": 0,
        "object novelty": 1,
        "overlaps subject-predicate": 0,
        "overlaps predicate-object": 0,
        "trust": 0.5,
        "Average degree": 10.926229508196721,
        "Sparseness": 0.006119546716832393,
        "Shortest path": 2.6861623795534224,
        "Total triples": 3999.0,
        "Total classes": 24,
        "Total predicates": 12,
        "Average population": 19.470588235294116,
        "Total claims": 19.0,
        "Total perspectives": 18.0,
        "Total conflicts": 0,
        "Total sources": 1.0,
        "Ratio claims to triples": 0.004751187796949237,
        "Ratio perspectives to triples": 0.00450112528132033,
        "Ratio conflicts to triples": 0.0,
        "Ratio perspectives to claims": 0.9473684210526315,
        "Ratio conflicts to claims": 0.0
    },
    {
        "turn": 3,
        "cardinality conflicts": 0,
        "negation conflicts": 0,
        "subject gaps": 2,
        "object gaps": 2,
        "statement novelty": 0,
        "subject novelty": 0,
        "object novelty": 1,
        "overlaps subject-predicate": 0,
        "overlaps predicate-object": 0,
        "trust": 0.5,
        "Average degree": 10.915436241610738,
        "Sparseness": 0.006012341786406018,
        "Shortest path": 2.692758172764668,
        "Total triples": 4066.0,
        "Total classes": 24,
        "Total predicates": 12,
        "Average population": 19.941176470588236,
        "Total claims": 20.0,
        "Total perspectives": 19.0,
        "Total conflicts": 0,
        "Total sources": 1.0,
        "Ratio claims to triples": 0.004918839153959666,
        "Ratio perspectives to triples": 0.004672897196261682,
        "Ratio conflicts to triples": 0.0,
        "Ratio perspectives to claims": 0.95,
        "Ratio conflicts to claims": 0.0
    },
    {
        "turn": 5,
        "cardinality conflicts": 0,
        "negation conflicts": 0,
        "subject gaps": 2,
        "object gaps": 2,
        "statement novelty": 1,
        "subject novelty": 0,
        "object novelty": 0,
        "overlaps subject-predicate": 0,
        "overlaps predicate-object": 0,
        "trust": 0.5,
        "Average degree": 10.946666666666667,
        "Sparseness": 0.005985777777777777,
        "Shortest path": 2.695935914552737,
        "Total triples": 4105.0,
        "Total classes": 24,
        "Total predicates": 12,
        "Average population": 20.11764705882353,
        "Total claims": 20.0,
        "Total perspectives": 19.0,
        "Total conflicts": 0,
        "Total sources": 1.0,
        "Ratio claims to triples": 0.0048721071863581,
        "Ratio perspectives to triples": 0.004628501827040195,
        "Ratio conflicts to triples": 0.0,
        "Ratio perspectives to claims": 0.95,
        "Ratio conflicts to claims": 0.0
    },
    {
        "turn": 7,
        "cardinality conflicts": 0,
        "negation conflicts": 0,
        "subject gaps": 2,
        "object gaps": 2,
        "statement novelty": 1,
        "subject novelty": 0,
        "object novelty": 0,
        "overlaps subject-predicate": 0,
        "overlaps predicate-object": 0,
        "trust": 0.5,
        "Average degree": 10.977483443708609,
        "Sparseness": 0.005959387746151484,
        "Shortest path": 2.6990742529906724,
        "Total triples": 4144.0,
        "Total classes": 24,
        "Total predicates": 12,
        "Average population": 20.294117647058822,
        "Total claims": 20.0,
        "Total perspectives": 19.0,
        "Total conflicts": 0,
        "Total sources": 1.0,
        "Ratio claims to triples": 0.004826254826254826,
        "Ratio perspectives to triples": 0.004584942084942085,
        "Ratio conflicts to triples": 0.0,
        "Ratio perspectives to claims": 0.95,
        "Ratio conflicts to claims": 0.0
    },
    {
        "turn": 9,
        "cardinality conflicts": 0,
        "negation conflicts": 0,
        "subject gaps": 2,
        "object gaps": 2,
        "statement novelty": 1,
        "subject novelty": 0,
        "object novelty": 0,
        "overlaps subject-predicate": 0,
        "overlaps predicate-object": 0,
        "trust": 0.5,
        "Average degree": 11.007894736842106,
        "Sparseness": 0.005933171745152355,
        "Shortest path": 2.7021739130434783,
        "Total triples": 4183.0,
        "Total classes": 24,
        "Total predicates": 12,
        "Average population": 20.470588235294116,
        "Total claims": 20.0,
        "Total perspectives": 19.0,
        "Total conflicts": 0,
        "Total sources": 1.0,
        "Ratio claims to triples": 0.0047812574707147976,
        "Ratio perspectives to triples": 0.004542194597179058,
        "Ratio conflicts to triples": 0.0,
        "Ratio perspectives to claims": 0.95,
        "Ratio conflicts to claims": 0.0
    },
    {
        "turn": 11,
        "cardinality conflicts": 0,
        "negation conflicts": 0,
        "subject gaps": 2,
        "object gaps": 2,
        "statement novelty": 1,
        "subject novelty": 0,
        "object novelty": 0,
        "overlaps subject-predicate": 0,
        "overlaps predicate-object": 0,
        "trust": 0.5,
        "Average degree": 11.037908496732026,
        "Sparseness": 0.005907129736426161,
        "Shortest path": 2.7052356020942407,
        "Total triples": 4222.0,
        "Total classes": 24,
        "Total predicates": 12,
        "Average population": 20.647058823529413,
        "Total claims": 20.0,
        "Total perspectives": 19.0,
        "Total conflicts": 0,
        "Total sources": 1.0,
        "Ratio claims to triples": 0.0047370914258645196,
        "Ratio perspectives to triples": 0.004500236854571293,
        "Ratio conflicts to triples": 0.0,
        "Ratio perspectives to claims": 0.95,
        "Ratio conflicts to claims": 0.0
    },
    {
        "turn": 13,
        "cardinality conflicts": 0,
        "negation conflicts": 0,
        "subject gaps": 2,
        "object gaps": 2,
        "statement novelty": 1,
        "subject novelty": 0,
        "object novelty": 0,
        "overlaps subject-predicate": 2,
        "overlaps predicate-object": 0,
        "trust": 0.5,
        "Average degree": 11.067532467532468,
        "Sparseness": 0.00588126159554731,
        "Shortest path": 2.7082600104706738,
        "Total triples": 4261.0,
        "Total classes": 24,
        "Total predicates": 12,
        "Average population": 20.823529411764707,
        "Total claims": 20.0,
        "Total perspectives": 19.0,
        "Total conflicts": 0,
        "Total sources": 1.0,
        "Ratio claims to triples": 0.004693733865289838,
        "Ratio perspectives to triples": 0.004459047172025346,
        "Ratio conflicts to triples": 0.0,
        "Ratio perspectives to claims": 0.95,
        "Ratio conflicts to claims": 0.0
    },
    {
        "turn": 15,
        "cardinality conflicts": 0,
        "negation conflicts": 0,
        "subject gaps": 2,
        "object gaps": 2,
        "statement novelty": 1,
        "subject novelty": 0,
        "object novelty": 0,
        "overlaps subject-predicate": 2,
        "overlaps predicate-object": 0,
        "trust": 0.5,
        "Average degree": 11.096774193548388,
        "Sparseness": 0.005855567117585848,
        "Shortest path": 2.711247811952988,
        "Total triples": 4300.0,
        "Total classes": 24,
        "Total predicates": 12,
        "Average population": 21.0,
        "Total claims": 20.0,
        "Total perspectives": 19.0,
        "Total conflicts": 0,
        "Total sources": 1.0,
        "Ratio claims to triples": 0.004651162790697674,
        "Ratio perspectives to triples": 0.004418604651162791,
        "Ratio conflicts to triples": 0.0,
        "Ratio perspectives to claims": 0.95,
        "Ratio conflicts to claims": 0.0
    },
    {
        "turn": 17,
        "cardinality conflicts": 0,
        "negation conflicts": 0,
        "subject gaps": 2,
        "object gaps": 2,
        "statement novelty": 1,
        "subject novelty": 0,
        "object novelty": 0,
        "overlaps subject-predicate": 2,
        "overlaps predicate-object": 0,
        "trust": 0.5,
        "Average degree": 11.125641025641025,
        "Sparseness": 0.0058300460223537146,
        "Shortest path": 2.714199664263849,
        "Total triples": 4339.0,
        "Total classes": 24,
        "Total predicates": 12,
        "Average population": 21.176470588235293,
        "Total claims": 20.0,
        "Total perspectives": 19.0,
        "Total conflicts": 0,
        "Total sources": 1.0,
        "Ratio claims to triples": 0.00460935699469924,
        "Ratio perspectives to triples": 0.004378889144964277,
        "Ratio conflicts to triples": 0.0,
        "Ratio perspectives to claims": 0.95,
        "Ratio conflicts to claims": 0.0
    },
    {
        "turn": 19,
        "cardinality conflicts": 0,
        "negation conflicts": 0,
        "subject gaps": 2,
        "object gaps": 2,
        "statement novelty": 0,
        "subject novelty": 0,
        "object novelty": 1,
        "overlaps subject-predicate": 0,
        "overlaps predicate-object": 0,
        "trust": 0.5,
        "Average degree": 11.118686868686869,
        "Sparseness": 0.005742398734822977,
        "Shortest path": 2.7208590328059357,
        "Total triples": 4403.0,
        "Total classes": 24,
        "Total predicates": 12,
        "Average population": 21.627450980392158,
        "Total claims": 21.0,
        "Total perspectives": 20.0,
        "Total conflicts": 0,
        "Total sources": 1.0,
        "Ratio claims to triples": 0.0047694753577106515,
        "Ratio perspectives to triples": 0.0045423574835339545,
        "Ratio conflicts to triples": 0.0,
        "Ratio perspectives to claims": 0.9523809523809523,
        "Ratio conflicts to claims": 0.0
    }
]