[
    {
        "turn": 0,
        "cardinality conflicts": 0,
        "negation conflicts": 0,
        "subject gaps": 2,
        "object gaps": 2,
        "statement novelty": 1,
        "subject novelty": 0,
        "object novelty": 0,
        "overlaps subject-predicate": 1,
        "overlaps predicate-object": 0,
        "trust": 0.5,
        "Average degree": 11.119700748129675,
        "Sparseness": 0.005668497086460905,
        "Shortest path": 2.7266509132910546,
        "Total triples": 4459.0,
        "Total classes": 24,
        "Total predicates": 12,
        "Average population": 21.901960784313726,
        "Total claims": 21.0,
        "Total perspectives": 20.0,
        "Total conflicts": 0,
        "Total sources": 1.0,
        "Ratio claims to triples": 0.004709576138147566,
        "Ratio perspectives to triples": 0.004485310607759588,
        "Ratio conflicts to triples": 0.0,
        "Ratio perspectives to claims": 0.9523809523809523,
        "Ratio conflicts to claims": 0.0
    },
    {
        "turn": 3,
        "cardinality conflicts": 0,
        "negation conflicts": 0,
        "subject gaps": 2,
        "object gaps": 2,
        "statement novelty": 0,
        "subject novelty": 1,
        "object novelty": 1,
        "overlaps subject-predicate": 0,
        "overlaps predicate-object": 0,
        "trust": 0.5,
        "Average degree": 11.094247246022032,
        "Sparseness": 0.005558144029339809,
        "Shortest path": 2.7327681378548974,
        "Total triples": 4532.0,
        "Total classes": 24,
        "Total predicates": 12,
        "Average population": 22.45098039215686,
        "Total claims": 22.0,
        "Total perspectives": 21.0,
        "Total conflicts": 0,
        "Total sources": 1.0,
        "Ratio claims to triples": 0.0048543689320388345,
        "Ratio perspectives to triples": 0.004633715798764342,
        "Ratio conflicts to triples": 0.0,
        "Ratio perspectives to claims": 0.9545454545454546,
        "Ratio conflicts to claims": 0.0
    },
    {
        "turn": 5,
        "cardinality conflicts": 0,
        "negation conflicts": 0,
        "subject gaps": 2,
        "object gaps": 2,
        "statement novelty": 1,
        "subject novelty": 0,
        "object novelty": 0,
        "overlaps subject-predicate": 0,
        "overlaps predicate-object": 0,
        "trust": 0.5,
        "Average degree": 11.121654501216545,
        "Sparseness": 0.005535131807176135,
        "Shortest path": 2.735465917476462,
        "Total triples": 4571.0,
        "Total classes": 24,
        "Total predicates": 12,
        "Average population": 22.627450980392158,
        "Total claims": 22.0,
        "Total perspectives": 21.0,
        "Total conflicts": 0,
        "Total sources": 1.0,
        "Ratio claims to triples": 0.004812951214176329,
        "Ratio perspectives to triples": 0.004594180704441042,
        "Ratio conflicts to triples": 0.0,
        "Ratio perspectives to claims": 0.9545454545454546,
        "Ratio conflicts to claims": 0.0
    },
    {
        "turn": 7,
        "cardinality conflicts": 0,
        "negation conflicts": 0,
        "subject gaps": 2,
        "object gaps": 2,
        "statement novelty": 1,
        "subject novelty": 0,
        "object novelty": 0,
        "overlaps subject-predicate": 0,
        "overlaps predicate-object": 0,
        "trust": 0.5,
        "Average degree": 11.148730350665055,
        "Sparseness": 0.005512268086307204,
        "Shortest path": 2.738118172688705,
        "Total triples": 4610.0,
        "Total classes": 24,
        "Total predicates": 12,
        "Average population": 22.80392156862745,
        "Total claims": 22.0,
        "Total perspectives": 21.0,
        "Total conflicts": 0,
        "Total sources": 1.0,
        "Ratio claims to triples": 0.004772234273318872,
        "Ratio perspectives to triples": 0.00455531453362256,
        "Ratio conflicts to triples": 0.0,
        "Ratio perspectives to claims": 0.9545454545454546,
        "Ratio conflicts to claims": 0.0
    },
    {
        "turn": 9,
        "cardinality conflicts": 0,
        "negation conflicts": 0,
        "subject gaps": 2,
        "object gaps": 2,
        "statement novelty": 1,
        "subject novelty": 0,
        "object novelty": 0,
        "overlaps subject-predicate": 0,
        "overlaps predicate-object": 0,
        "trust": 0.5,
        "Average degree": 11.17548076923077,
        "Sparseness": 0.005489552514792899,
        "Shortest path": 2.7407404193279645,
        "Total triples": 4649.0,
        "Total classes": 24,
        "Total predicates": 12,
        "Average population": 22.980392156862745,
        "Total claims": 22.0,
        "Total perspectives": 21.0,
        "Total conflicts": 0,
        "Total sources": 1.0,
        "Ratio claims to triples": 0.004732200473220047,
        "Ratio perspectives to triples": 0.004517100451710045,
        "Ratio conflicts to triples": 0.0,
        "Ratio perspectives to claims": 0.9545454545454546,
        "Ratio conflicts to claims": 0.0
    },
    {
        "turn": 11,
        "cardinality conflicts": 0,
        "negation conflicts": 0,
        "subject gaps": 2,
        "object gaps": 2,
        "statement novelty": 0,
        "subject novelty": 0,
        "object novelty": 1,
        "overlaps subject-predicate": 1,
        "overlaps predicate-object": 0,
        "trust": 0.5,
        "Average degree": 11.16824644549763,
        "Sparseness": 0.005411771972776892,
        "Shortest path": 2.7466366452468898,
        "Total triples": 4713.0,
        "Total classes": 24,
        "Total predicates": 12,
        "Average population": 23.431372549019606,
        "Total claims": 23.0,
        "Total perspectives": 22.0,
        "Total conflicts": 0,
        "Total sources": 1.0,
        "Ratio claims to triples": 0.00488011882028432,
        "Ratio perspectives to triples": 0.0046679397411415234,
        "Ratio conflicts to triples": 0.0,
        "Ratio perspectives to claims": 0.9565217391304348,
        "Ratio conflicts to claims": 0.0
    },
    {
        "turn": 13,
        "cardinality conflicts": 0,
        "negation conflicts": 0,
        "subject gaps": 2,
        "object gaps": 2,
        "statement novelty": 1,
        "subject novelty": 0,
        "object novelty": 1,
        "overlaps subject-predicate": 2,
        "overlaps predicate-object": 0,
        "trust": 0.5,
        "Average degree": 11.197647058823529,
        "Sparseness": 0.005386851211072664,
        "Shortest path": 2.7482824083697084,
        "Total triples": 4759.0,
        "Total classes": 24,
        "Total predicates": 12,
        "Average population": 23.686274509803923,
        "Total claims": 23.0,
        "Total perspectives": 22.0,
        "Total conflicts": 0,
        "Total sources": 1.0,
        "Ratio claims to triples": 0.004832948098339987,
        "Ratio perspectives to triples": 0.004622819920151292,
        "Ratio conflicts to triples": 0.0,
        "Ratio perspectives to claims": 0.9565217391304348,
        "Ratio conflicts to claims": 0.0
    },
    {
        "turn": 15,
        "cardinality conflicts": 0,
        "negation conflicts": 0,
        "subject gaps": 2,
        "object gaps": 2,
        "statement novelty": 1,
        "subject novelty": 0,
        "object novelty": 0,
        "overlaps subject-predicate": 2,
        "overlaps predicate-object": 0,
        "trust": 0.5,
        "Average degree": 11.223391812865497,
        "Sparseness": 0.00536506959406313,
        "Shortest path": 2.7507813248969417,
        "Total triples": 4798.0,
        "Total classes": 24,
        "Total predicates": 12,
        "Average population": 23.862745098039216,
        "Total claims": 23.0,
        "Total perspectives": 22.0,
        "Total conflicts": 0,
        "Total sources": 1.0,
        "Ratio claims to triples": 0.004793664026677783,
        "Ratio perspectives to triples": 0.004585243851604835,
        "Ratio conflicts to triples": 0.0,
        "Ratio perspectives to claims": 0.9565217391304348,
        "Ratio conflicts to claims": 0.0
    },
    {
        "turn": 17,
        "cardinality conflicts": 0,
        "negation conflicts": 0,
        "subject gaps": 2,
        "object gaps": 2,
        "statement novelty": 1,
        "subject novelty": 0,
        "object novelty": 0,
        "overlaps subject-predicate": 2,
        "overlaps predicate-object": 0,
        "trust": 0.5,
        "Average degree": 11.248837209302325,
        "Sparseness": 0.0053434288804759325,
        "Shortest path": 2.7532528359097923,
        "Total triples": 4837.0,
        "Total classes": 24,
        "Total predicates": 12,
        "Average population": 24.03921568627451,
        "Total claims": 23.0,
        "Total perspectives": 22.0,
        "Total conflicts": 0,
        "Total sources": 1.0,
        "Ratio claims to triples": 0.0047550134380814554,
        "Ratio perspectives to triples": 0.0045482737233822615,
        "Ratio conflicts to triples": 0.0,
        "Ratio perspectives to claims": 0.9565217391304348,
        "Ratio conflicts to claims": 0.0
    },
    {
        "turn": 19,
        "cardinality conflicts": 0,
        "negation conflicts": 0,
        "subject gaps": 2,
        "object gaps": 2,
        "statement novelty": 1,
        "subject novelty": 0,
        "object novelty": 0,
        "overlaps subject-predicate": 2,
        "overlaps predicate-object": 0,
        "trust": 0.5,
        "Average degree": 11.273988439306358,
        "Sparseness": 0.00532192856426877,
        "Shortest path": 2.7556973881395845,
        "Total triples": 4876.0,
        "Total classes": 24,
        "Total predicates": 12,
        "Average population": 24.215686274509803,
        "Total claims": 23.0,
        "Total perspectives": 22.0,
        "Total conflicts": 0,
        "Total sources": 1.0,
        "Ratio claims to triples": 0.0047169811320754715,
        "Ratio perspectives to triples": 0.004511894995898278,
        "Ratio conflicts to triples": 0.0,
        "Ratio perspectives to claims": 0.9565217391304348,
        "Ratio conflicts to claims": 0.0
    }
]