[
    {
        "turn": 0,
        "cardinality conflicts": 0,
        "negation conflicts": 0,
        "subject gaps": 2,
        "object gaps": 2,
        "statement novelty": 0,
        "subject novelty": 0,
        "object novelty": 1,
        "overlaps subject-predicate": 0,
        "overlaps predicate-object": 0,
        "trust": 0.5,
        "Average degree": 10.630434782608695,
        "Sparseness": 0.007876496534341524,
        "Shortest path": 2.541216233988269,
        "Total triples": 2934.0,
        "Total classes": 24,
        "Total predicates": 12,
        "Average population": 13.0,
        "Total claims": 10.0,
        "Total perspectives": 9.0,
        "Total conflicts": 0,
        "Total sources": 1.0,
        "Ratio claims to triples": 0.0034083162917518746,
        "Ratio perspectives to triples": 0.003067484662576687,
        "Ratio conflicts to triples": 0.0,
        "Ratio perspectives to claims": 0.9,
        "Ratio conflicts to claims": 0.0
    },
    {
        "turn": 3,
        "cardinality conflicts": 0,
        "negation conflicts": 0,
        "subject gaps": 2,
        "object gaps": 2,
        "statement novelty": 1,
        "subject novelty": 0,
        "object novelty": 0,
        "overlaps subject-predicate": 0,
        "overlaps predicate-object": 0,
        "trust": 0.5,
        "Average degree": 10.666666666666666,
        "Sparseness": 0.00781400547269434,
        "Shortest path": 2.5457359253038874,
        "Total triples": 2976.0,
        "Total classes": 24,
        "Total predicates": 12,
        "Average population": 13.196078431372548,
        "Total claims": 10.0,
        "Total perspectives": 9.0,
        "Total conflicts": 0,
        "Total sources": 1.0,
        "Ratio claims to triples": 0.003360215053763441,
        "Ratio perspectives to triples": 0.0030241935483870967,
        "Ratio conflicts to triples": 0.0,
        "Ratio perspectives to claims": 0.9,
        "Ratio conflicts to claims": 0.0
    },
    {
        "turn": 5,
        "cardinality conflicts": 0,
        "negation conflicts": 0,
        "subject gaps": 2,
        "object gaps": 2,
        "statement novelty": 0,
        "subject novelty": 1,
        "object novelty": 1,
        "overlaps subject-predicate": 0,
        "overlaps predicate-object": 0,
        "trust": 0.5,
        "Average degree": 10.65034965034965,
        "Sparseness": 0.007622622133111644,
        "Shortest path": 2.5597957209165614,
        "Total triples": 3046.0,
        "Total classes": 24,
        "Total predicates": 12,
        "Average population": 13.72549019607843,
        "Total claims": 11.0,
        "Total perspectives": 10.0,
        "Total conflicts": 0,
        "Total sources": 1.0,
        "Ratio claims to triples": 0.0036112934996717005,
        "Ratio perspectives to triples": 0.003282994090610637,
        "Ratio conflicts to triples": 0.0,
        "Ratio perspectives to claims": 0.9090909090909091,
        "Ratio conflicts to claims": 0.0
    },
    {
        "turn": 7,
        "cardinality conflicts": 0,
        "negation conflicts": 0,
        "subject gaps": 2,
        "object gaps": 2,
        "statement novelty": 1,
        "subject novelty": 0,
        "object novelty": 0,
        "overlaps subject-predicate": 0,
        "overlaps predicate-object": 0,
        "trust": 0.5,
        "Average degree": 10.693240901213171,
        "Sparseness": 0.007581195990736764,
        "Shortest path": 2.5649371750433274,
        "Total triples": 3085.0,
        "Total classes": 24,
        "Total predicates": 12,
        "Average population": 13.901960784313726,
        "Total claims": 11.0,
        "Total perspectives": 10.0,
        "Total conflicts": 0,
        "Total sources": 1.0,
        "Ratio claims to triples": 0.003565640194489465,
        "Ratio perspectives to triples": 0.0032414910858995136,
        "Ratio conflicts to triples": 0.0,
        "Ratio perspectives to claims": 0.9090909090909091,
        "Ratio conflicts to claims": 0.0
    },
    {
        "turn": 9,
        "cardinality conflicts": 0,
        "negation conflicts": 0,
        "subject gaps": 2,
        "object gaps": 2,
        "statement novelty": 0,
        "subject novelty": 1,
        "object novelty": 0,
        "overlaps subject-predicate": 0,
        "overlaps predicate-object": 1,
        "trust": 0.5,
        "Average degree": 10.69269949066214,
        "Sparseness": 0.007433969116888283,
        "Shortest path": 2.5766720949840036,
        "Total triples": 3149.0,
        "Total classes": 24,
        "Total predicates": 12,
        "Average population": 14.352941176470589,
        "Total claims": 12.0,
        "Total perspectives": 11.0,
        "Total conflicts": 0,
        "Total sources": 1.0,
        "Ratio claims to triples": 0.003810733566211496,
        "Ratio perspectives to triples": 0.003493172435693871,
        "Ratio conflicts to triples": 0.0,
        "Ratio perspectives to claims": 0.9166666666666666,
        "Ratio conflicts to claims": 0.0
    },
    {
        "turn": 11,
        "cardinality conflicts": 0,
        "negation conflicts": 0,
        "subject gaps": 2,
        "object gaps": 2,
        "statement novelty": 0,
        "subject novelty": 0,
        "object novelty": 0,
        "overlaps subject-predicate": 0,
        "overlaps predicate-object": 1,
        "trust": 0.5,
        "Average degree": 10.707846410684475,
        "Sparseness": 0.007324394302134052,
        "Shortest path": 2.5865573056543516,
        "Total triples": 3207.0,
        "Total classes": 24,
        "Total predicates": 12,
        "Average population": 14.72549019607843,
        "Total claims": 13.0,
        "Total perspectives": 12.0,
        "Total conflicts": 0,
        "Total sources": 1.0,
        "Ratio claims to triples": 0.004053632678515747,
        "Ratio perspectives to triples": 0.0037418147801683817,
        "Ratio conflicts to triples": 0.0,
        "Ratio perspectives to claims": 0.9230769230769231,
        "Ratio conflicts to claims": 0.0
    },
    {
        "turn": 13,
        "cardinality conflicts": 0,
        "negation conflicts": 0,
        "subject gaps": 2,
        "object gaps": 2,
        "statement novelty": 1,
        "subject novelty": 0,
        "object novelty": 0,
        "overlaps subject-predicate": 0,
        "overlaps predicate-object": 0,
        "trust": 0.5,
        "Average degree": 10.748344370860927,
        "Sparseness": 0.007285864655058988,
        "Shortest path": 2.5912765092858008,
        "Total triples": 3246.0,
        "Total classes": 24,
        "Total predicates": 12,
        "Average population": 14.901960784313726,
        "Total claims": 13.0,
        "Total perspectives": 12.0,
        "Total conflicts": 0,
        "Total sources": 1.0,
        "Ratio claims to triples": 0.004004929143561306,
        "Ratio perspectives to triples": 0.0036968576709796672,
        "Ratio conflicts to triples": 0.0,
        "Ratio perspectives to claims": 0.9230769230769231,
        "Ratio conflicts to claims": 0.0
    },
    {
        "turn": 15,
        "cardinality conflicts": 0,
        "negation conflicts": 0,
        "subject gaps": 2,
        "object gaps": 2,
        "statement novelty": 1,
        "subject novelty": 0,
        "object novelty": 0,
        "overlaps subject-predicate": 0,
        "overlaps predicate-object": 0,
        "trust": 0.5,
        "Average degree": 10.788177339901479,
        "Sparseness": 0.00724760772323198,
        "Shortest path": 2.5959240774349666,
        "Total triples": 3285.0,
        "Total classes": 24,
        "Total predicates": 12,
        "Average population": 15.07843137254902,
        "Total claims": 13.0,
        "Total perspectives": 12.0,
        "Total conflicts": 0,
        "Total sources": 1.0,
        "Ratio claims to triples": 0.0039573820395738205,
        "Ratio perspectives to triples": 0.0036529680365296802,
        "Ratio conflicts to triples": 0.0,
        "Ratio perspectives to claims": 0.9230769230769231,
        "Ratio conflicts to claims": 0.0
    },
    {
        "turn": 17,
        "cardinality conflicts": 0,
        "negation conflicts": 0,
        "subject gaps": 2,
        "object gaps": 2,
        "statement novelty": 1,
        "subject novelty": 0,
        "object novelty": 0,
        "overlaps subject-predicate": 0,
        "overlaps predicate-object": 0,
        "trust": 0.5,
        "Average degree": 10.827361563517915,
        "Sparseness": 0.007209625566319006,
        "Shortest path": 2.6005016180369944,
        "Total triples": 3324.0,
        "Total classes": 24,
        "Total predicates": 12,
        "Average population": 15.254901960784315,
        "Total claims": 13.0,
        "Total perspectives": 12.0,
        "Total conflicts": 0,
        "Total sources": 1.0,
        "Ratio claims to triples": 0.003910950661853189,
        "Ratio perspectives to triples": 0.0036101083032490976,
        "Ratio conflicts to triples": 0.0,
        "Ratio perspectives to claims": 0.9230769230769231,
        "Ratio conflicts to claims": 0.0
    },
    {
        "turn": 19,
        "cardinality conflicts": 0,
        "negation conflicts": 0,
        "subject gaps": 2,
        "object gaps": 2,
        "statement novelty": 1,
        "subject novelty": 0,
        "object novelty": 0,
        "overlaps subject-predicate": 0,
        "overlaps predicate-object": 0,
        "trust": 0.5,
        "Average degree": 10.865912762520194,
        "Sparseness": 0.007171919897901926,
        "Shortest path": 2.605010691636474,
        "Total triples": 3363.0,
        "Total classes": 24,
        "Total predicates": 12,
        "Average population": 15.431372549019608,
        "Total claims": 13.0,
        "Total perspectives": 12.0,
        "Total conflicts": 0,
        "Total sources": 1.0,
        "Ratio claims to triples": 0.003865596193874517,
        "Ratio perspectives to triples": 0.003568242640499554,
        "Ratio conflicts to triples": 0.0,
        "Ratio perspectives to claims": 0.9230769230769231,
        "Ratio conflicts to claims": 0.0
    }
]