[
    {
        "turn": 0,
        "cardinality conflicts": 0,
        "negation conflicts": 0,
        "subject gaps": 2,
        "object gaps": 2,
        "statement novelty": 0,
        "subject novelty": 0,
        "object novelty": 1,
        "overlaps subject-predicate": 0,
        "overlaps predicate-object": 0,
        "trust": 0.5,
        "Average degree": 10.71003717472119,
        "Sparseness": 0.008108649686986083,
        "Shortest path": 2.5296047849473533,
        "Total triples": 2881.0,
        "Total classes": 24,
        "Total predicates": 12,
        "Average population": 12.431372549019608,
        "Total claims": 8.0,
        "Total perspectives": 7.0,
        "Total conflicts": 0,
        "Total sources": 1.0,
        "Ratio claims to triples": 0.0027768136063866713,
        "Ratio perspectives to triples": 0.0024297119055883376,
        "Ratio conflicts to triples": 0.0,
        "Ratio perspectives to claims": 0.875,
        "Ratio conflicts to claims": 0.0
    },
    {
        "turn": 3,
        "cardinality conflicts": 0,
        "negation conflicts": 0,
        "subject gaps": 2,
        "object gaps": 2,
        "statement novelty": 0,
        "subject novelty": 1,
        "object novelty": 1,
        "overlaps subject-predicate": 0,
        "overlaps predicate-object": 0,
        "trust": 0.5,
        "Average degree": 10.683544303797468,
        "Sparseness": 0.007884006029907556,
        "Shortest path": 2.5435896427916243,
        "Total triples": 2954.0,
        "Total classes": 24,
        "Total predicates": 12,
        "Average population": 12.980392156862745,
        "Total claims": 9.0,
        "Total perspectives": 8.0,
        "Total conflicts": 0,
        "Total sources": 1.0,
        "Ratio claims to triples": 0.003046716316858497,
        "Ratio perspectives to triples": 0.002708192281651997,
        "Ratio conflicts to triples": 0.0,
        "Ratio perspectives to claims": 0.8888888888888888,
        "Ratio conflicts to claims": 0.0
    },
    {
        "turn": 5,
        "cardinality conflicts": 0,
        "negation conflicts": 0,
        "subject gaps": 2,
        "object gaps": 2,
        "statement novelty": 1,
        "subject novelty": 0,
        "object novelty": 0,
        "overlaps subject-predicate": 0,
        "overlaps predicate-object": 0,
        "trust": 0.5,
        "Average degree": 10.727598566308243,
        "Sparseness": 0.007839698873344382,
        "Shortest path": 2.549030584995142,
        "Total triples": 2993.0,
        "Total classes": 24,
        "Total predicates": 12,
        "Average population": 13.156862745098039,
        "Total claims": 9.0,
        "Total perspectives": 8.0,
        "Total conflicts": 0,
        "Total sources": 1.0,
        "Ratio claims to triples": 0.003007016371533578,
        "Ratio perspectives to triples": 0.0026729034413631807,
        "Ratio conflicts to triples": 0.0,
        "Ratio perspectives to claims": 0.8888888888888888,
        "Ratio conflicts to claims": 0.0
    },
    {
        "turn": 7,
        "cardinality conflicts": 0,
        "negation conflicts": 0,
        "subject gaps": 2,
        "object gaps": 2,
        "statement novelty": 1,
        "subject novelty": 0,
        "object novelty": 0,
        "overlaps subject-predicate": 0,
        "overlaps predicate-object": 0,
        "trust": 0.5,
        "Average degree": 10.770870337477797,
        "Sparseness": 0.007795715038379148,
        "Shortest path": 2.554382660252966,
        "Total triples": 3032.0,
        "Total classes": 24,
        "Total predicates": 12,
        "Average population": 13.333333333333334,
        "Total claims": 9.0,
        "Total perspectives": 8.0,
        "Total conflicts": 0,
        "Total sources": 1.0,
        "Ratio claims to triples": 0.002968337730870712,
        "Ratio perspectives to triples": 0.002638522427440633,
        "Ratio conflicts to triples": 0.0,
        "Ratio perspectives to claims": 0.8888888888888888,
        "Ratio conflicts to claims": 0.0
    },
    {
        "turn": 9,
        "cardinality conflicts": 0,
        "negation conflicts": 0,
        "subject gaps": 2,
        "object gaps": 2,
        "statement novelty": 1,
        "subject novelty": 0,
        "object novelty": 0,
        "overlaps subject-predicate": 0,
        "overlaps predicate-object": 0,
        "trust": 0.5,
        "Average degree": 10.81338028169014,
        "Sparseness": 0.007752058123388216,
        "Shortest path": 2.5596480115259457,
        "Total triples": 3071.0,
        "Total classes": 24,
        "Total predicates": 12,
        "Average population": 13.509803921568627,
        "Total claims": 9.0,
        "Total perspectives": 8.0,
        "Total conflicts": 0,
        "Total sources": 1.0,
        "Ratio claims to triples": 0.002930641484858352,
        "Ratio perspectives to triples": 0.0026050146532074245,
        "Ratio conflicts to triples": 0.0,
        "Ratio perspectives to claims": 0.8888888888888888,
        "Ratio conflicts to claims": 0.0
    },
    {
        "turn": 11,
        "cardinality conflicts": 0,
        "negation conflicts": 0,
        "subject gaps": 2,
        "object gaps": 2,
        "statement novelty": 0,
        "subject novelty": 0,
        "object novelty": 1,
        "overlaps subject-predicate": 1,
        "overlaps predicate-object": 0,
        "trust": 0.5,
        "Average degree": 10.810344827586206,
        "Sparseness": 0.007598097502972651,
        "Shortest path": 2.571669346673813,
        "Total triples": 3135.0,
        "Total classes": 24,
        "Total predicates": 12,
        "Average population": 13.96078431372549,
        "Total claims": 10.0,
        "Total perspectives": 9.0,
        "Total conflicts": 0,
        "Total sources": 1.0,
        "Ratio claims to triples": 0.003189792663476874,
        "Ratio perspectives to triples": 0.0028708133971291866,
        "Ratio conflicts to triples": 0.0,
        "Ratio perspectives to claims": 0.9,
        "Ratio conflicts to claims": 0.0
    },
    {
        "turn": 13,
        "cardinality conflicts": 0,
        "negation conflicts": 0,
        "subject gaps": 2,
        "object gaps": 2,
        "statement novelty": 1,
        "subject novelty": 0,
        "object novelty": 0,
        "overlaps subject-predicate": 1,
        "overlaps predicate-object": 0,
        "trust": 0.5,
        "Average degree": 10.851282051282052,
        "Sparseness": 0.0075564321718167874,
        "Shortest path": 2.576653787612692,
        "Total triples": 3174.0,
        "Total classes": 24,
        "Total predicates": 12,
        "Average population": 14.137254901960784,
        "Total claims": 10.0,
        "Total perspectives": 9.0,
        "Total conflicts": 0,
        "Total sources": 1.0,
        "Ratio claims to triples": 0.00315059861373661,
        "Ratio perspectives to triples": 0.002835538752362949,
        "Ratio conflicts to triples": 0.0,
        "Ratio perspectives to claims": 0.9,
        "Ratio conflicts to claims": 0.0
    },
    {
        "turn": 15,
        "cardinality conflicts": 0,
        "negation conflicts": 0,
        "subject gaps": 2,
        "object gaps": 2,
        "statement novelty": 1,
        "subject novelty": 0,
        "object novelty": 0,
        "overlaps subject-predicate": 1,
        "overlaps predicate-object": 0,
        "trust": 0.5,
        "Average degree": 10.891525423728813,
        "Sparseness": 0.007515081873024992,
        "Shortest path": 2.581560242870709,
        "Total triples": 3213.0,
        "Total classes": 24,
        "Total predicates": 12,
        "Average population": 14.313725490196079,
        "Total claims": 10.0,
        "Total perspectives": 9.0,
        "Total conflicts": 0,
        "Total sources": 1.0,
        "Ratio claims to triples": 0.003112356053532524,
        "Ratio perspectives to triples": 0.0028011204481792717,
        "Ratio conflicts to triples": 0.0,
        "Ratio perspectives to claims": 0.9,
        "Ratio conflicts to claims": 0.0
    },
    {
        "turn": 17,
        "cardinality conflicts": 0,
        "negation conflicts": 0,
        "subject gaps": 2,
        "object gaps": 2,
        "statement novelty": 0,
        "subject novelty": 1,
        "object novelty": 1,
        "overlaps subject-predicate": 0,
        "overlaps predicate-object": 0,
        "trust": 0.5,
        "Average degree": 10.870860927152318,
        "Sparseness": 0.007337945704135784,
        "Shortest path": 2.5941264977540555,
        "Total triples": 3283.0,
        "Total classes": 24,
        "Total predicates": 12,
        "Average population": 14.843137254901961,
        "Total claims": 11.0,
        "Total perspectives": 10.0,
        "Total conflicts": 0,
        "Total sources": 1.0,
        "Ratio claims to triples": 0.003350593968930856,
        "Ratio perspectives to triples": 0.003045994517209869,
        "Ratio conflicts to triples": 0.0,
        "Ratio perspectives to claims": 0.9090909090909091,
        "Ratio conflicts to claims": 0.0
    },
    {
        "turn": 19,
        "cardinality conflicts": 0,
        "negation conflicts": 0,
        "subject gaps": 2,
        "object gaps": 2,
        "statement novelty": 0,
        "subject novelty": 0,
        "object novelty": 0,
        "overlaps subject-predicate": 0,
        "overlaps predicate-object": 1,
        "trust": 0.5,
        "Average degree": 10.882736156351791,
        "Sparseness": 0.0072308459506201656,
        "Shortest path": 2.6035198282595875,
        "Total triples": 3341.0,
        "Total classes": 24,
        "Total predicates": 12,
        "Average population": 15.215686274509803,
        "Total claims": 12.0,
        "Total perspectives": 11.0,
        "Total conflicts": 0,
        "Total sources": 1.0,
        "Ratio claims to triples": 0.0035917390002993114,
        "Ratio perspectives to triples": 0.0032924274169410356,
        "Ratio conflicts to triples": 0.0,
        "Ratio perspectives to claims": 0.9166666666666666,
        "Ratio conflicts to claims": 0.0
    }
]