[
    {
        "turn": 0,
        "cardinality conflicts": 0,
        "negation conflicts": 0,
        "subject gaps": 2,
        "object gaps": 2,
        "statement novelty": 0,
        "subject novelty": 0,
        "object novelty": 1,
        "overlaps subject-predicate": 1,
        "overlaps predicate-object": 0,
        "trust": 0.5,
        "Average degree": 10.835443037974683,
        "Sparseness": 0.007002583720557603,
        "Shortest path": 2.6175600312945093,
        "Total triples": 3424.0,
        "Total classes": 24,
        "Total predicates": 12,
        "Average population": 15.784313725490197,
        "Total claims": 13.0,
        "Total perspectives": 12.0,
        "Total conflicts": 0,
        "Total sources": 1.0,
        "Ratio claims to triples": 0.003796728971962617,
        "Ratio perspectives to triples": 0.0035046728971962616,
        "Ratio conflicts to triples": 0.0,
        "Ratio perspectives to claims": 0.9230769230769231,
        "Ratio conflicts to claims": 0.0
    },
    {
        "turn": 3,
        "cardinality conflicts": 0,
        "negation conflicts": 0,
        "subject gaps": 2,
        "object gaps": 2,
        "statement novelty": 1,
        "subject novelty": 0,
        "object novelty": 0,
        "overlaps subject-predicate": 1,
        "overlaps predicate-object": 0,
        "trust": 0.5,
        "Average degree": 10.865203761755486,
        "Sparseness": 0.006952565324633209,
        "Shortest path": 2.6209012662214635,
        "Total triples": 3466.0,
        "Total classes": 24,
        "Total predicates": 12,
        "Average population": 15.980392156862745,
        "Total claims": 13.0,
        "Total perspectives": 12.0,
        "Total conflicts": 0,
        "Total sources": 1.0,
        "Ratio claims to triples": 0.0037507212925562607,
        "Ratio perspectives to triples": 0.003462204270051933,
        "Ratio conflicts to triples": 0.0,
        "Ratio perspectives to claims": 0.9230769230769231,
        "Ratio conflicts to claims": 0.0
    },
    {
        "turn": 5,
        "cardinality conflicts": 0,
        "negation conflicts": 0,
        "subject gaps": 2,
        "object gaps": 2,
        "statement novelty": 0,
        "subject novelty": 0,
        "object novelty": 1,
        "overlaps subject-predicate": 2,
        "overlaps predicate-object": 0,
        "trust": 0.5,
        "Average degree": 10.861538461538462,
        "Sparseness": 0.0068284023668639055,
        "Shortest path": 2.6305985539883845,
        "Total triples": 3530.0,
        "Total classes": 24,
        "Total predicates": 12,
        "Average population": 16.431372549019606,
        "Total claims": 14.0,
        "Total perspectives": 13.0,
        "Total conflicts": 0,
        "Total sources": 1.0,
        "Ratio claims to triples": 0.00396600566572238,
        "Ratio perspectives to triples": 0.0036827195467422098,
        "Ratio conflicts to triples": 0.0,
        "Ratio perspectives to claims": 0.9285714285714286,
        "Ratio conflicts to claims": 0.0
    },
    {
        "turn": 7,
        "cardinality conflicts": 0,
        "negation conflicts": 0,
        "subject gaps": 2,
        "object gaps": 2,
        "statement novelty": 0,
        "subject novelty": 1,
        "object novelty": 0,
        "overlaps subject-predicate": 0,
        "overlaps predicate-object": 1,
        "trust": 0.5,
        "Average degree": 10.858006042296072,
        "Sparseness": 0.006708591560865637,
        "Shortest path": 2.639957767915499,
        "Total triples": 3594.0,
        "Total classes": 24,
        "Total predicates": 12,
        "Average population": 16.88235294117647,
        "Total claims": 15.0,
        "Total perspectives": 14.0,
        "Total conflicts": 0,
        "Total sources": 1.0,
        "Ratio claims to triples": 0.004173622704507512,
        "Ratio perspectives to triples": 0.0038953811908736783,
        "Ratio conflicts to triples": 0.0,
        "Ratio perspectives to claims": 0.9333333333333333,
        "Ratio conflicts to claims": 0.0
    },
    {
        "turn": 9,
        "cardinality conflicts": 0,
        "negation conflicts": 0,
        "subject gaps": 2,
        "object gaps": 2,
        "statement novelty": 0,
        "subject novelty": 1,
        "object novelty": 1,
        "overlaps subject-predicate": 0,
        "overlaps predicate-object": 0,
        "trust": 0.5,
        "Average degree": 10.840236686390533,
        "Sparseness": 0.00656708448583733,
        "Shortest path": 2.6500635546789395,
        "Total triples": 3664.0,
        "Total classes": 24,
        "Total predicates": 12,
        "Average population": 17.41176470588235,
        "Total claims": 16.0,
        "Total perspectives": 15.0,
        "Total conflicts": 0,
        "Total sources": 1.0,
        "Ratio claims to triples": 0.004366812227074236,
        "Ratio perspectives to triples": 0.004093886462882096,
        "Ratio conflicts to triples": 0.0,
        "Ratio perspectives to claims": 0.9375,
        "Ratio conflicts to claims": 0.0
    },
    {
        "turn": 11,
        "cardinality conflicts": 0,
        "negation conflicts": 0,
        "subject gaps": 2,
        "object gaps": 2,
        "statement novelty": 0,
        "subject novelty": 0,
        "object novelty": 1,
        "overlaps subject-predicate": 0,
        "overlaps predicate-object": 0,
        "trust": 0.5,
        "Average degree": 10.837209302325581,
        "Sparseness": 0.006456192536506219,
        "Shortest path": 2.658753935208693,
        "Total triples": 3728.0,
        "Total classes": 24,
        "Total predicates": 12,
        "Average population": 17.862745098039216,
        "Total claims": 17.0,
        "Total perspectives": 16.0,
        "Total conflicts": 0,
        "Total sources": 1.0,
        "Ratio claims to triples": 0.0045600858369098714,
        "Ratio perspectives to triples": 0.004291845493562232,
        "Ratio conflicts to triples": 0.0,
        "Ratio perspectives to claims": 0.9411764705882353,
        "Ratio conflicts to claims": 0.0
    },
    {
        "turn": 13,
        "cardinality conflicts": 0,
        "negation conflicts": 0,
        "subject gaps": 2,
        "object gaps": 2,
        "statement novelty": 0,
        "subject novelty": 0,
        "object novelty": 0,
        "overlaps subject-predicate": 0,
        "overlaps predicate-object": 1,
        "trust": 0.5,
        "Average degree": 10.848137535816619,
        "Sparseness": 0.00637310038505431,
        "Shortest path": 2.666174723436093,
        "Total triples": 3786.0,
        "Total classes": 24,
        "Total predicates": 12,
        "Average population": 18.235294117647058,
        "Total claims": 18.0,
        "Total perspectives": 17.0,
        "Total conflicts": 0,
        "Total sources": 1.0,
        "Ratio claims to triples": 0.004754358161648178,
        "Ratio perspectives to triples": 0.004490227152667723,
        "Ratio conflicts to triples": 0.0,
        "Ratio perspectives to claims": 0.9444444444444444,
        "Ratio conflicts to claims": 0.0
    },
    {
        "turn": 15,
        "cardinality conflicts": 0,
        "negation conflicts": 0,
        "subject gaps": 2,
        "object gaps": 2,
        "statement novelty": 1,
        "subject novelty": 0,
        "object novelty": 0,
        "overlaps subject-predicate": 0,
        "overlaps predicate-object": 1,
        "trust": 0.5,
        "Average degree": 10.881934566145093,
        "Sparseness": 0.00634347007035485,
        "Shortest path": 2.6697304592041435,
        "Total triples": 3825.0,
        "Total classes": 24,
        "Total predicates": 12,
        "Average population": 18.41176470588235,
        "Total claims": 18.0,
        "Total perspectives": 17.0,
        "Total conflicts": 0,
        "Total sources": 1.0,
        "Ratio claims to triples": 0.004705882352941176,
        "Ratio perspectives to triples": 0.0044444444444444444,
        "Ratio conflicts to triples": 0.0,
        "Ratio perspectives to claims": 0.9444444444444444,
        "Ratio conflicts to claims": 0.0
    },
    {
        "turn": 17,
        "cardinality conflicts": 0,
        "negation conflicts": 0,
        "subject gaps": 2,
        "object gaps": 2,
        "statement novelty": 1,
        "subject novelty": 0,
        "object novelty": 0,
        "overlaps subject-predicate": 0,
        "overlaps predicate-object": 1,
        "trust": 0.5,
        "Average degree": 10.915254237288135,
        "Sparseness": 0.006314038111653739,
        "Shortest path": 2.6732393578340883,
        "Total triples": 3864.0,
        "Total classes": 24,
        "Total predicates": 12,
        "Average population": 18.58823529411765,
        "Total claims": 18.0,
        "Total perspectives": 17.0,
        "Total conflicts": 0,
        "Total sources": 1.0,
        "Ratio claims to triples": 0.004658385093167702,
        "Ratio perspectives to triples": 0.004399585921325052,
        "Ratio conflicts to triples": 0.0,
        "Ratio perspectives to claims": 0.9444444444444444,
        "Ratio conflicts to claims": 0.0
    },
    {
        "turn": 19,
        "cardinality conflicts": 0,
        "negation conflicts": 0,
        "subject gaps": 2,
        "object gaps": 2,
        "statement novelty": 0,
        "subject novelty": 0,
        "object novelty": 1,
        "overlaps subject-predicate": 0,
        "overlaps predicate-object": 0,
        "trust": 0.5,
        "Average degree": 10.911111111111111,
        "Sparseness": 0.00621141975308642,
        "Shortest path": 2.6811891515994435,
        "Total triples": 3928.0,
        "Total classes": 24,
        "Total predicates": 12,
        "Average population": 19.03921568627451,
        "Total claims": 19.0,
        "Total perspectives": 18.0,
        "Total conflicts": 0,
        "Total sources": 1.0,
        "Ratio claims to triples": 0.004837067209775967,
        "Ratio perspectives to triples": 0.004582484725050916,
        "Ratio conflicts to triples": 0.0,
        "Ratio perspectives to claims": 0.9473684210526315,
        "Ratio conflicts to claims": 0.0
    }
]