[
    {
        "turn": 0,
        "cardinality conflicts": 0,
        "negation conflicts": 0,
        "subject gaps": 2,
        "object gaps": 2,
        "statement novelty": 0,
        "subject novelty": 0,
        "object novelty": 0,
        "overlaps subject-predicate": 0,
        "overlaps predicate-object": 1,
        "trust": 0.5,
        "Average degree": 11.112696148359486,
        "Sparseness": 0.006461118312742546,
        "Shortest path": 2.6652537191766865,
        "Total triples": 3895.0,
        "Total classes": 24,
        "Total predicates": 12,
        "Average population": 18.294117647058822,
        "Total claims": 15.0,
        "Total perspectives": 14.0,
        "Total conflicts": 0,
        "Total sources": 1.0,
        "Ratio claims to triples": 0.0038510911424903724,
        "Ratio perspectives to triples": 0.003594351732991014,
        "Ratio conflicts to triples": 0.0,
        "Ratio perspectives to claims": 0.9333333333333333,
        "Ratio conflicts to claims": 0.0
    },
    {
        "turn": 3,
        "cardinality conflicts": 0,
        "negation conflicts": 0,
        "subject gaps": 2,
        "object gaps": 2,
        "statement novelty": 1,
        "subject novelty": 0,
        "object novelty": 0,
        "overlaps subject-predicate": 0,
        "overlaps predicate-object": 1,
        "trust": 0.5,
        "Average degree": 11.137199434229137,
        "Sparseness": 0.0064179382173416375,
        "Shortest path": 2.6678900994105885,
        "Total triples": 3937.0,
        "Total classes": 24,
        "Total predicates": 12,
        "Average population": 18.49019607843137,
        "Total claims": 15.0,
        "Total perspectives": 14.0,
        "Total conflicts": 0,
        "Total sources": 1.0,
        "Ratio claims to triples": 0.00381000762001524,
        "Ratio perspectives to triples": 0.003556007112014224,
        "Ratio conflicts to triples": 0.0,
        "Ratio perspectives to claims": 0.9333333333333333,
        "Ratio conflicts to claims": 0.0
    },
    {
        "turn": 5,
        "cardinality conflicts": 0,
        "negation conflicts": 0,
        "subject gaps": 2,
        "object gaps": 2,
        "statement novelty": 0,
        "subject novelty": 1,
        "object novelty": 1,
        "overlaps subject-predicate": 0,
        "overlaps predicate-object": 0,
        "trust": 0.5,
        "Average degree": 11.11511789181692,
        "Sparseness": 0.006288461279506619,
        "Shortest path": 2.676880104792726,
        "Total triples": 4007.0,
        "Total classes": 24,
        "Total predicates": 12,
        "Average population": 19.019607843137255,
        "Total claims": 16.0,
        "Total perspectives": 15.0,
        "Total conflicts": 0,
        "Total sources": 1.0,
        "Ratio claims to triples": 0.00399301222859995,
        "Ratio perspectives to triples": 0.003743448964312453,
        "Ratio conflicts to triples": 0.0,
        "Ratio perspectives to claims": 0.9375,
        "Ratio conflicts to claims": 0.0
    },
    {
        "turn": 7,
        "cardinality conflicts": 0,
        "negation conflicts": 0,
        "subject gaps": 2,
        "object gaps": 2,
        "statement novelty": 0,
        "subject novelty": 0,
        "object novelty": 1,
        "overlaps subject-predicate": 1,
        "overlaps predicate-object": 0,
        "trust": 0.5,
        "Average degree": 11.107776261937245,
        "Sparseness": 0.006186614652449613,
        "Shortest path": 2.6846480143731504,
        "Total triples": 4071.0,
        "Total classes": 24,
        "Total predicates": 12,
        "Average population": 19.470588235294116,
        "Total claims": 17.0,
        "Total perspectives": 16.0,
        "Total conflicts": 0,
        "Total sources": 1.0,
        "Ratio claims to triples": 0.004175878162613608,
        "Ratio perspectives to triples": 0.003930238270695161,
        "Ratio conflicts to triples": 0.0,
        "Ratio perspectives to claims": 0.9411764705882353,
        "Ratio conflicts to claims": 0.0
    },
    {
        "turn": 9,
        "cardinality conflicts": 0,
        "negation conflicts": 0,
        "subject gaps": 2,
        "object gaps": 2,
        "statement novelty": 1,
        "subject novelty": 0,
        "object novelty": 0,
        "overlaps subject-predicate": 1,
        "overlaps predicate-object": 0,
        "trust": 0.5,
        "Average degree": 11.138211382113822,
        "Sparseness": 0.006158151012404433,
        "Shortest path": 2.6879313704941663,
        "Total triples": 4110.0,
        "Total classes": 24,
        "Total predicates": 12,
        "Average population": 19.647058823529413,
        "Total claims": 17.0,
        "Total perspectives": 16.0,
        "Total conflicts": 0,
        "Total sources": 1.0,
        "Ratio claims to triples": 0.00413625304136253,
        "Ratio perspectives to triples": 0.0038929440389294406,
        "Ratio conflicts to triples": 0.0,
        "Ratio perspectives to claims": 0.9411764705882353,
        "Ratio conflicts to claims": 0.0
    },
    {
        "turn": 11,
        "cardinality conflicts": 0,
        "negation conflicts": 0,
        "subject gaps": 2,
        "object gaps": 2,
        "statement novelty": 1,
        "subject novelty": 0,
        "object novelty": 0,
        "overlaps subject-predicate": 1,
        "overlaps predicate-object": 0,
        "trust": 0.5,
        "Average degree": 11.168236877523553,
        "Sparseness": 0.006129890643765318,
        "Shortest path": 2.6911733229821553,
        "Total triples": 4149.0,
        "Total classes": 24,
        "Total predicates": 12,
        "Average population": 19.823529411764707,
        "Total claims": 17.0,
        "Total perspectives": 16.0,
        "Total conflicts": 0,
        "Total sources": 1.0,
        "Ratio claims to triples": 0.0040973728609303445,
        "Ratio perspectives to triples": 0.003856350927934442,
        "Ratio conflicts to triples": 0.0,
        "Ratio perspectives to claims": 0.9411764705882353,
        "Ratio conflicts to claims": 0.0
    },
    {
        "turn": 13,
        "cardinality conflicts": 0,
        "negation conflicts": 0,
        "subject gaps": 2,
        "object gaps": 2,
        "statement novelty": 0,
        "subject novelty": 0,
        "object novelty": 0,
        "overlaps subject-predicate": 0,
        "overlaps predicate-object": 2,
        "trust": 0.5,
        "Average degree": 11.173970783532537,
        "Sparseness": 0.00605457761693377,
        "Shortest path": 2.697673843632562,
        "Total triples": 4207.0,
        "Total classes": 24,
        "Total predicates": 12,
        "Average population": 20.19607843137255,
        "Total claims": 18.0,
        "Total perspectives": 17.0,
        "Total conflicts": 0,
        "Total sources": 1.0,
        "Ratio claims to triples": 0.004278583313525077,
        "Ratio perspectives to triples": 0.004040884240551462,
        "Ratio conflicts to triples": 0.0,
        "Ratio perspectives to claims": 0.9444444444444444,
        "Ratio conflicts to claims": 0.0
    },
    {
        "turn": 15,
        "cardinality conflicts": 0,
        "negation conflicts": 0,
        "subject gaps": 2,
        "object gaps": 2,
        "statement novelty": 0,
        "subject novelty": 0,
        "object novelty": 0,
        "overlaps subject-predicate": 0,
        "overlaps predicate-object": 2,
        "trust": 0.5,
        "Average degree": 11.179554390563565,
        "Sparseness": 0.005981081095008494,
        "Shortest path": 2.7040106225253955,
        "Total triples": 4265.0,
        "Total classes": 24,
        "Total predicates": 12,
        "Average population": 20.568627450980394,
        "Total claims": 19.0,
        "Total perspectives": 18.0,
        "Total conflicts": 0,
        "Total sources": 1.0,
        "Ratio claims to triples": 0.004454865181711606,
        "Ratio perspectives to triples": 0.004220398593200469,
        "Ratio conflicts to triples": 0.0,
        "Ratio perspectives to claims": 0.9473684210526315,
        "Ratio conflicts to claims": 0.0
    },
    {
        "turn": 17,
        "cardinality conflicts": 0,
        "negation conflicts": 0,
        "subject gaps": 2,
        "object gaps": 2,
        "statement novelty": 0,
        "subject novelty": 1,
        "object novelty": 0,
        "overlaps subject-predicate": 0,
        "overlaps predicate-object": 1,
        "trust": 0.5,
        "Average degree": 11.171612903225807,
        "Sparseness": 0.005888865764828304,
        "Shortest path": 2.710967741935484,
        "Total triples": 4329.0,
        "Total classes": 24,
        "Total predicates": 12,
        "Average population": 21.019607843137255,
        "Total claims": 20.0,
        "Total perspectives": 19.0,
        "Total conflicts": 0,
        "Total sources": 1.0,
        "Ratio claims to triples": 0.00462000462000462,
        "Ratio perspectives to triples": 0.004389004389004389,
        "Ratio conflicts to triples": 0.0,
        "Ratio perspectives to claims": 0.95,
        "Ratio conflicts to claims": 0.0
    },
    {
        "turn": 19,
        "cardinality conflicts": 0,
        "negation conflicts": 0,
        "subject gaps": 2,
        "object gaps": 2,
        "statement novelty": 1,
        "subject novelty": 1,
        "object novelty": 0,
        "overlaps subject-predicate": 0,
        "overlaps predicate-object": 2,
        "trust": 0.5,
        "Average degree": 11.20358514724712,
        "Sparseness": 0.005859391010244917,
        "Shortest path": 2.7130142158311172,
        "Total triples": 4375.0,
        "Total classes": 24,
        "Total predicates": 12,
        "Average population": 21.274509803921568,
        "Total claims": 20.0,
        "Total perspectives": 19.0,
        "Total conflicts": 0,
        "Total sources": 1.0,
        "Ratio claims to triples": 0.004571428571428572,
        "Ratio perspectives to triples": 0.004342857142857143,
        "Ratio conflicts to triples": 0.0,
        "Ratio perspectives to claims": 0.95,
        "Ratio conflicts to claims": 0.0
    }
]