[
    {
        "turn": 0,
        "cardinality conflicts": 0,
        "negation conflicts": 0,
        "subject gaps": 2,
        "object gaps": 2,
        "statement novelty": 0,
        "subject novelty": 0,
        "object novelty": 0,
        "overlaps subject-predicate": 0,
        "overlaps predicate-object": 1,
        "trust": 0.5,
        "Average degree": 10.728923476005187,
        "Sparseness": 0.005746575353988033,
        "Shortest path": 2.7108696750720096,
        "Total triples": 4136.0,
        "Total classes": 24,
        "Total predicates": 12,
        "Average population": 20.96078431372549,
        "Total claims": 25.0,
        "Total perspectives": 24.0,
        "Total conflicts": 0,
        "Total sources": 1.0,
        "Ratio claims to triples": 0.0060444874274661504,
        "Ratio perspectives to triples": 0.005802707930367505,
        "Ratio conflicts to triples": 0.0,
        "Ratio perspectives to claims": 0.96,
        "Ratio conflicts to claims": 0.0
    },
    {
        "turn": 3,
        "cardinality conflicts": 0,
        "negation conflicts": 0,
        "subject gaps": 2,
        "object gaps": 2,
        "statement novelty": 1,
        "subject novelty": 1,
        "object novelty": 0,
        "overlaps subject-predicate": 0,
        "overlaps predicate-object": 2,
        "trust": 0.5,
        "Average degree": 10.758354755784062,
        "Sparseness": 0.005709716430634215,
        "Shortest path": 2.7120194009654166,
        "Total triples": 4185.0,
        "Total classes": 24,
        "Total predicates": 12,
        "Average population": 21.235294117647058,
        "Total claims": 25.0,
        "Total perspectives": 24.0,
        "Total conflicts": 0,
        "Total sources": 1.0,
        "Ratio claims to triples": 0.005973715651135006,
        "Ratio perspectives to triples": 0.005734767025089606,
        "Ratio conflicts to triples": 0.0,
        "Ratio perspectives to claims": 0.96,
        "Ratio conflicts to claims": 0.0
    },
    {
        "turn": 5,
        "cardinality conflicts": 0,
        "negation conflicts": 0,
        "subject gaps": 2,
        "object gaps": 2,
        "statement novelty": 1,
        "subject novelty": 0,
        "object novelty": 0,
        "overlaps subject-predicate": 0,
        "overlaps predicate-object": 2,
        "trust": 0.5,
        "Average degree": 10.789272030651341,
        "Sparseness": 0.0056859607658920645,
        "Shortest path": 2.714949714685141,
        "Total triples": 4224.0,
        "Total classes": 24,
        "Total predicates": 12,
        "Average population": 21.41176470588235,
        "Total claims": 25.0,
        "Total perspectives": 24.0,
        "Total conflicts": 0,
        "Total sources": 1.0,
        "Ratio claims to triples": 0.005918560606060606,
        "Ratio perspectives to triples": 0.005681818181818182,
        "Ratio conflicts to triples": 0.0,
        "Ratio perspectives to claims": 0.96,
        "Ratio conflicts to claims": 0.0
    },
    {
        "turn": 7,
        "cardinality conflicts": 0,
        "negation conflicts": 0,
        "subject gaps": 2,
        "object gaps": 2,
        "statement novelty": 1,
        "subject novelty": 0,
        "object novelty": 0,
        "overlaps subject-predicate": 0,
        "overlaps predicate-object": 0,
        "trust": 0.5,
        "Average degree": 10.819796954314722,
        "Sparseness": 0.005662346362957046,
        "Shortest path": 2.717848412334961,
        "Total triples": 4263.0,
        "Total classes": 24,
        "Total predicates": 12,
        "Average population": 21.58823529411765,
        "Total claims": 25.0,
        "Total perspectives": 24.0,
        "Total conflicts": 0,
        "Total sources": 1.0,
        "Ratio claims to triples": 0.005864414731409805,
        "Ratio perspectives to triples": 0.005629838142153413,
        "Ratio conflicts to triples": 0.0,
        "Ratio perspectives to claims": 0.96,
        "Ratio conflicts to claims": 0.0
    },
    {
        "turn": 9,
        "cardinality conflicts": 0,
        "negation conflicts": 0,
        "subject gaps": 2,
        "object gaps": 2,
        "statement novelty": 1,
        "subject novelty": 0,
        "object novelty": 0,
        "overlaps subject-predicate": 0,
        "overlaps predicate-object": 0,
        "trust": 0.5,
        "Average degree": 10.849936948297604,
        "Sparseness": 0.005638873561061558,
        "Shortest path": 2.7207096182506016,
        "Total triples": 4302.0,
        "Total classes": 24,
        "Total predicates": 12,
        "Average population": 21.764705882352942,
        "Total claims": 25.0,
        "Total perspectives": 24.0,
        "Total conflicts": 0,
        "Total sources": 1.0,
        "Ratio claims to triples": 0.005811250581125058,
        "Ratio perspectives to triples": 0.005578800557880056,
        "Ratio conflicts to triples": 0.0,
        "Ratio perspectives to claims": 0.96,
        "Ratio conflicts to claims": 0.0
    },
    {
        "turn": 11,
        "cardinality conflicts": 0,
        "negation conflicts": 0,
        "subject gaps": 2,
        "object gaps": 2,
        "statement novelty": 0,
        "subject novelty": 0,
        "object novelty": 1,
        "overlaps subject-predicate": 0,
        "overlaps predicate-object": 0,
        "trust": 0.5,
        "Average degree": 10.8472049689441,
        "Sparseness": 0.005556884379460669,
        "Shortest path": 2.7271592348814933,
        "Total triples": 4366.0,
        "Total classes": 24,
        "Total predicates": 12,
        "Average population": 22.215686274509803,
        "Total claims": 26.0,
        "Total perspectives": 25.0,
        "Total conflicts": 0,
        "Total sources": 1.0,
        "Ratio claims to triples": 0.005955107650022904,
        "Ratio perspectives to triples": 0.0057260650480989465,
        "Ratio conflicts to triples": 0.0,
        "Ratio perspectives to claims": 0.9615384615384616,
        "Ratio conflicts to claims": 0.0
    },
    {
        "turn": 13,
        "cardinality conflicts": 0,
        "negation conflicts": 0,
        "subject gaps": 2,
        "object gaps": 2,
        "statement novelty": 1,
        "subject novelty": 0,
        "object novelty": 0,
        "overlaps subject-predicate": 0,
        "overlaps predicate-object": 0,
        "trust": 0.5,
        "Average degree": 10.876543209876543,
        "Sparseness": 0.005534217344916934,
        "Shortest path": 2.729908895298265,
        "Total triples": 4405.0,
        "Total classes": 24,
        "Total predicates": 12,
        "Average population": 22.392156862745097,
        "Total claims": 26.0,
        "Total perspectives": 25.0,
        "Total conflicts": 0,
        "Total sources": 1.0,
        "Ratio claims to triples": 0.005902383654937571,
        "Ratio perspectives to triples": 0.0056753688989784334,
        "Ratio conflicts to triples": 0.0,
        "Ratio perspectives to claims": 0.9615384615384616,
        "Ratio conflicts to claims": 0.0
    },
    {
        "turn": 15,
        "cardinality conflicts": 0,
        "negation conflicts": 0,
        "subject gaps": 2,
        "object gaps": 2,
        "statement novelty": 0,
        "subject novelty": 0,
        "object novelty": 1,
        "overlaps subject-predicate": 0,
        "overlaps predicate-object": 0,
        "trust": 0.5,
        "Average degree": 10.873479318734793,
        "Sparseness": 0.005455212791778405,
        "Shortest path": 2.736100121209966,
        "Total triples": 4469.0,
        "Total classes": 24,
        "Total predicates": 12,
        "Average population": 22.84313725490196,
        "Total claims": 27.0,
        "Total perspectives": 26.0,
        "Total conflicts": 0,
        "Total sources": 1.0,
        "Ratio claims to triples": 0.006041620049228015,
        "Ratio perspectives to triples": 0.005817856343701052,
        "Ratio conflicts to triples": 0.0,
        "Ratio perspectives to claims": 0.9629629629629629,
        "Ratio conflicts to claims": 0.0
    },
    {
        "turn": 17,
        "cardinality conflicts": 0,
        "negation conflicts": 0,
        "subject gaps": 2,
        "object gaps": 2,
        "statement novelty": 1,
        "subject novelty": 0,
        "object novelty": 0,
        "overlaps subject-predicate": 0,
        "overlaps predicate-object": 0,
        "trust": 0.5,
        "Average degree": 10.90205562273277,
        "Sparseness": 0.005433312522206252,
        "Shortest path": 2.7387447262634277,
        "Total triples": 4508.0,
        "Total classes": 24,
        "Total predicates": 12,
        "Average population": 23.019607843137255,
        "Total claims": 27.0,
        "Total perspectives": 26.0,
        "Total conflicts": 0,
        "Total sources": 1.0,
        "Ratio claims to triples": 0.005989352262644188,
        "Ratio perspectives to triples": 0.005767524401064774,
        "Ratio conflicts to triples": 0.0,
        "Ratio perspectives to claims": 0.9629629629629629,
        "Ratio conflicts to claims": 0.0
    },
    {
        "turn": 19,
        "cardinality conflicts": 0,
        "negation conflicts": 0,
        "subject gaps": 2,
        "object gaps": 2,
        "statement novelty": 0,
        "subject novelty": 0,
        "object novelty": 1,
        "overlaps subject-predicate": 0,
        "overlaps predicate-object": 0,
        "trust": 0.5,
        "Average degree": 10.898688915375446,
        "Sparseness": 0.005357135246710923,
        "Shortest path": 2.744692653204036,
        "Total triples": 4572.0,
        "Total classes": 24,
        "Total predicates": 12,
        "Average population": 23.470588235294116,
        "Total claims": 28.0,
        "Total perspectives": 27.0,
        "Total conflicts": 0,
        "Total sources": 1.0,
        "Ratio claims to triples": 0.006124234470691163,
        "Ratio perspectives to triples": 0.005905511811023622,
        "Ratio conflicts to triples": 0.0,
        "Ratio perspectives to claims": 0.9642857142857143,
        "Ratio conflicts to claims": 0.0
    }
]