[
    {
        "turn": 0,
        "cardinality conflicts": 0,
        "negation conflicts": 0,
        "subject gaps": 2,
        "object gaps": 2,
        "statement novelty": 0,
        "subject novelty": 0,
        "object novelty": 0,
        "overlaps subject-predicate": 0,
        "overlaps predicate-object": 3,
        "trust": 0.5,
        "Average degree": 10.6796992481203,
        "Sparseness": 0.006612018768726327,
        "Shortest path": 2.640583386176284,
        "Total triples": 3551.0,
        "Total classes": 24,
        "Total predicates": 12,
        "Average population": 17.15686274509804,
        "Total claims": 18.0,
        "Total perspectives": 17.0,
        "Total conflicts": 0,
        "Total sources": 1.0,
        "Ratio claims to triples": 0.005068994649394537,
        "Ratio perspectives to triples": 0.0047873838355392846,
        "Ratio conflicts to triples": 0.0,
        "Ratio perspectives to claims": 0.9444444444444444,
        "Ratio conflicts to claims": 0.0
    },
    {
        "turn": 3,
        "cardinality conflicts": 0,
        "negation conflicts": 0,
        "subject gaps": 2,
        "object gaps": 2,
        "statement novelty": 1,
        "subject novelty": 0,
        "object novelty": 0,
        "overlaps subject-predicate": 0,
        "overlaps predicate-object": 0,
        "trust": 0.5,
        "Average degree": 10.709388971684053,
        "Sparseness": 0.006567593799765015,
        "Shortest path": 2.6435705229441466,
        "Total triples": 3593.0,
        "Total classes": 24,
        "Total predicates": 12,
        "Average population": 17.352941176470587,
        "Total claims": 18.0,
        "Total perspectives": 17.0,
        "Total conflicts": 0,
        "Total sources": 1.0,
        "Ratio claims to triples": 0.005009741163373225,
        "Ratio perspectives to triples": 0.004731422209852491,
        "Ratio conflicts to triples": 0.0,
        "Ratio perspectives to claims": 0.9444444444444444,
        "Ratio conflicts to claims": 0.0
    },
    {
        "turn": 5,
        "cardinality conflicts": 0,
        "negation conflicts": 0,
        "subject gaps": 2,
        "object gaps": 2,
        "statement novelty": 1,
        "subject novelty": 0,
        "object novelty": 0,
        "overlaps subject-predicate": 0,
        "overlaps predicate-object": 0,
        "trust": 0.5,
        "Average degree": 10.745562130177515,
        "Sparseness": 0.006536448303630826,
        "Shortest path": 2.64741617357002,
        "Total triples": 3632.0,
        "Total classes": 24,
        "Total predicates": 12,
        "Average population": 17.529411764705884,
        "Total claims": 18.0,
        "Total perspectives": 17.0,
        "Total conflicts": 0,
        "Total sources": 1.0,
        "Ratio claims to triples": 0.004955947136563877,
        "Ratio perspectives to triples": 0.004680616740088106,
        "Ratio conflicts to triples": 0.0,
        "Ratio perspectives to claims": 0.9444444444444444,
        "Ratio conflicts to claims": 0.0
    },
    {
        "turn": 7,
        "cardinality conflicts": 0,
        "negation conflicts": 0,
        "subject gaps": 2,
        "object gaps": 2,
        "statement novelty": 0,
        "subject novelty": 0,
        "object novelty": 1,
        "overlaps subject-predicate": 0,
        "overlaps predicate-object": 0,
        "trust": 0.5,
        "Average degree": 10.744186046511627,
        "Sparseness": 0.006426615738236885,
        "Shortest path": 2.6561473883754783,
        "Total triples": 3696.0,
        "Total classes": 24,
        "Total predicates": 12,
        "Average population": 17.980392156862745,
        "Total claims": 19.0,
        "Total perspectives": 18.0,
        "Total conflicts": 0,
        "Total sources": 1.0,
        "Ratio claims to triples": 0.005140692640692641,
        "Ratio perspectives to triples": 0.00487012987012987,
        "Ratio conflicts to triples": 0.0,
        "Ratio perspectives to claims": 0.9473684210526315,
        "Ratio conflicts to claims": 0.0
    },
    {
        "turn": 9,
        "cardinality conflicts": 0,
        "negation conflicts": 0,
        "subject gaps": 2,
        "object gaps": 2,
        "statement novelty": 1,
        "subject novelty": 0,
        "object novelty": 0,
        "overlaps subject-predicate": 0,
        "overlaps predicate-object": 3,
        "trust": 0.5,
        "Average degree": 10.779220779220779,
        "Sparseness": 0.006396681721357046,
        "Shortest path": 2.6598186655990124,
        "Total triples": 3735.0,
        "Total classes": 24,
        "Total predicates": 12,
        "Average population": 18.15686274509804,
        "Total claims": 19.0,
        "Total perspectives": 18.0,
        "Total conflicts": 0,
        "Total sources": 1.0,
        "Ratio claims to triples": 0.0050870147255689425,
        "Ratio perspectives to triples": 0.004819277108433735,
        "Ratio conflicts to triples": 0.0,
        "Ratio perspectives to claims": 0.9473684210526315,
        "Ratio conflicts to claims": 0.0
    },
    {
        "turn": 11,
        "cardinality conflicts": 0,
        "negation conflicts": 0,
        "subject gaps": 2,
        "object gaps": 2,
        "statement novelty": 1,
        "subject novelty": 1,
        "object novelty": 0,
        "overlaps subject-predicate": 0,
        "overlaps predicate-object": 4,
        "trust": 0.5,
        "Average degree": 10.818311874105866,
        "Sparseness": 0.006363065159506427,
        "Shortest path": 2.6624895983209744,
        "Total triples": 3781.0,
        "Total classes": 24,
        "Total predicates": 12,
        "Average population": 18.41176470588235,
        "Total claims": 19.0,
        "Total perspectives": 18.0,
        "Total conflicts": 0,
        "Total sources": 1.0,
        "Ratio claims to triples": 0.005025125628140704,
        "Ratio perspectives to triples": 0.004760645331922771,
        "Ratio conflicts to triples": 0.0,
        "Ratio perspectives to claims": 0.9473684210526315,
        "Ratio conflicts to claims": 0.0
    },
    {
        "turn": 13,
        "cardinality conflicts": 0,
        "negation conflicts": 0,
        "subject gaps": 2,
        "object gaps": 2,
        "statement novelty": 0,
        "subject novelty": 0,
        "object novelty": 1,
        "overlaps subject-predicate": 0,
        "overlaps predicate-object": 0,
        "trust": 0.5,
        "Average degree": 10.81575246132208,
        "Sparseness": 0.0062588893438650425,
        "Shortest path": 2.670707791050098,
        "Total triples": 3845.0,
        "Total classes": 24,
        "Total predicates": 12,
        "Average population": 18.862745098039216,
        "Total claims": 20.0,
        "Total perspectives": 19.0,
        "Total conflicts": 0,
        "Total sources": 1.0,
        "Ratio claims to triples": 0.005201560468140442,
        "Ratio perspectives to triples": 0.00494148244473342,
        "Ratio conflicts to triples": 0.0,
        "Ratio perspectives to claims": 0.95,
        "Ratio conflicts to claims": 0.0
    },
    {
        "turn": 15,
        "cardinality conflicts": 0,
        "negation conflicts": 0,
        "subject gaps": 2,
        "object gaps": 2,
        "statement novelty": 1,
        "subject novelty": 0,
        "object novelty": 0,
        "overlaps subject-predicate": 0,
        "overlaps predicate-object": 0,
        "trust": 0.5,
        "Average degree": 10.849162011173185,
        "Sparseness": 0.006230298679816485,
        "Shortest path": 2.674172754619682,
        "Total triples": 3884.0,
        "Total classes": 24,
        "Total predicates": 12,
        "Average population": 19.03921568627451,
        "Total claims": 20.0,
        "Total perspectives": 19.0,
        "Total conflicts": 0,
        "Total sources": 1.0,
        "Ratio claims to triples": 0.005149330587023687,
        "Ratio perspectives to triples": 0.004891864057672502,
        "Ratio conflicts to triples": 0.0,
        "Ratio perspectives to claims": 0.95,
        "Ratio conflicts to claims": 0.0
    },
    {
        "turn": 17,
        "cardinality conflicts": 0,
        "negation conflicts": 0,
        "subject gaps": 2,
        "object gaps": 2,
        "statement novelty": 1,
        "subject novelty": 0,
        "object novelty": 0,
        "overlaps subject-predicate": 0,
        "overlaps predicate-object": 0,
        "trust": 0.5,
        "Average degree": 10.882108183079056,
        "Sparseness": 0.006201896349075967,
        "Shortest path": 2.6775928494375094,
        "Total triples": 3923.0,
        "Total classes": 24,
        "Total predicates": 12,
        "Average population": 19.215686274509803,
        "Total claims": 20.0,
        "Total perspectives": 19.0,
        "Total conflicts": 0,
        "Total sources": 1.0,
        "Ratio claims to triples": 0.0050981391791995925,
        "Ratio perspectives to triples": 0.004843232220239612,
        "Ratio conflicts to triples": 0.0,
        "Ratio perspectives to claims": 0.95,
        "Ratio conflicts to claims": 0.0
    },
    {
        "turn": 19,
        "cardinality conflicts": 0,
        "negation conflicts": 0,
        "subject gaps": 2,
        "object gaps": 2,
        "statement novelty": 0,
        "subject novelty": 0,
        "object novelty": 1,
        "overlaps subject-predicate": 1,
        "overlaps predicate-object": 0,
        "trust": 0.5,
        "Average degree": 10.878581173260573,
        "Sparseness": 0.006102860843977822,
        "Shortest path": 2.6853375975667033,
        "Total triples": 3987.0,
        "Total classes": 24,
        "Total predicates": 12,
        "Average population": 19.666666666666668,
        "Total claims": 21.0,
        "Total perspectives": 20.0,
        "Total conflicts": 0,
        "Total sources": 1.0,
        "Ratio claims to triples": 0.005267118133935289,
        "Ratio perspectives to triples": 0.005016302984700276,
        "Ratio conflicts to triples": 0.0,
        "Ratio perspectives to claims": 0.9523809523809523,
        "Ratio conflicts to claims": 0.0
    }
]