[
    {
        "turn": 0,
        "cardinality conflicts": 0,
        "negation conflicts": 0,
        "subject gaps": 2,
        "object gaps": 2,
        "statement novelty": 0,
        "subject novelty": 1,
        "object novelty": 1,
        "overlaps subject-predicate": 0,
        "overlaps predicate-object": 0,
        "trust": 0.5,
        "Average degree": 10.869976359338061,
        "Sparseness": 0.010384007064254536,
        "Shortest path": 2.347540138706822,
        "Total triples": 2299.0,
        "Total classes": 24,
        "Total predicates": 12,
        "Average population": 8.607843137254902,
        "Total claims": 2.0,
        "Total perspectives": 1.0,
        "Total conflicts": 0,
        "Total sources": 1.0,
        "Ratio claims to triples": 0.0008699434536755111,
        "Ratio perspectives to triples": 0.00043497172683775554,
        "Ratio conflicts to triples": 0.0,
        "Ratio perspectives to claims": 0.5,
        "Ratio conflicts to claims": 0.0
    },
    {
        "turn": 3,
        "cardinality conflicts": 0,
        "negation conflicts": 0,
        "subject gaps": 2,
        "object gaps": 2,
        "statement novelty": 1,
        "subject novelty": 0,
        "object novelty": 0,
        "overlaps subject-predicate": 0,
        "overlaps predicate-object": 0,
        "trust": 0.5,
        "Average degree": 10.888372093023255,
        "Sparseness": 0.010227149810708491,
        "Shortest path": 2.359635713124085,
        "Total triples": 2341.0,
        "Total classes": 24,
        "Total predicates": 12,
        "Average population": 8.803921568627452,
        "Total claims": 2.0,
        "Total perspectives": 1.0,
        "Total conflicts": 0,
        "Total sources": 1.0,
        "Ratio claims to triples": 0.0008543357539513029,
        "Ratio perspectives to triples": 0.00042716787697565144,
        "Ratio conflicts to triples": 0.0,
        "Ratio perspectives to claims": 0.5,
        "Ratio conflicts to claims": 0.0
    },
    {
        "turn": 5,
        "cardinality conflicts": 0,
        "negation conflicts": 0,
        "subject gaps": 2,
        "object gaps": 2,
        "statement novelty": 0,
        "subject novelty": 1,
        "object novelty": 1,
        "overlaps subject-predicate": 0,
        "overlaps predicate-object": 0,
        "trust": 0.5,
        "Average degree": 10.835955056179776,
        "Sparseness": 0.009857341244792324,
        "Shortest path": 2.3867395485373013,
        "Total triples": 2411.0,
        "Total classes": 24,
        "Total predicates": 12,
        "Average population": 9.333333333333334,
        "Total claims": 3.0,
        "Total perspectives": 2.0,
        "Total conflicts": 0,
        "Total sources": 1.0,
        "Ratio claims to triples": 0.001244296972210701,
        "Ratio perspectives to triples": 0.0008295313148071339,
        "Ratio conflicts to triples": 0.0,
        "Ratio perspectives to claims": 0.6666666666666666,
        "Ratio conflicts to claims": 0.0
    },
    {
        "turn": 7,
        "cardinality conflicts": 0,
        "negation conflicts": 0,
        "subject gaps": 2,
        "object gaps": 2,
        "statement novelty": 1,
        "subject novelty": 0,
        "object novelty": 0,
        "overlaps subject-predicate": 0,
        "overlaps predicate-object": 0,
        "trust": 0.5,
        "Average degree": 10.864745011086475,
        "Sparseness": 0.00974429820895669,
        "Shortest path": 2.3985612219758563,
        "Total triples": 2450.0,
        "Total classes": 24,
        "Total predicates": 12,
        "Average population": 9.509803921568627,
        "Total claims": 3.0,
        "Total perspectives": 2.0,
        "Total conflicts": 0,
        "Total sources": 1.0,
        "Ratio claims to triples": 0.0012244897959183673,
        "Ratio perspectives to triples": 0.0008163265306122449,
        "Ratio conflicts to triples": 0.0,
        "Ratio perspectives to claims": 0.6666666666666666,
        "Ratio conflicts to claims": 0.0
    },
    {
        "turn": 9,
        "cardinality conflicts": 0,
        "negation conflicts": 0,
        "subject gaps": 2,
        "object gaps": 2,
        "statement novelty": 1,
        "subject novelty": 0,
        "object novelty": 0,
        "overlaps subject-predicate": 0,
        "overlaps predicate-object": 0,
        "trust": 0.5,
        "Average degree": 10.89277899343545,
        "Sparseness": 0.0096337545307854,
        "Shortest path": 2.4100925179469463,
        "Total triples": 2489.0,
        "Total classes": 24,
        "Total predicates": 12,
        "Average population": 9.686274509803921,
        "Total claims": 3.0,
        "Total perspectives": 2.0,
        "Total conflicts": 0,
        "Total sources": 1.0,
        "Ratio claims to triples": 0.0012053033346725592,
        "Ratio perspectives to triples": 0.0008035355564483728,
        "Ratio conflicts to triples": 0.0,
        "Ratio perspectives to claims": 0.6666666666666666,
        "Ratio conflicts to claims": 0.0
    },
    {
        "turn": 11,
        "cardinality conflicts": 0,
        "negation conflicts": 0,
        "subject gaps": 2,
        "object gaps": 2,
        "statement novelty": 0,
        "subject novelty": 1,
        "object novelty": 1,
        "overlaps subject-predicate": 0,
        "overlaps predicate-object": 0,
        "trust": 0.5,
        "Average degree": 10.84322033898305,
        "Sparseness": 0.009304977018098248,
        "Shortest path": 2.434191586599014,
        "Total triples": 2559.0,
        "Total classes": 24,
        "Total predicates": 12,
        "Average population": 10.215686274509803,
        "Total claims": 4.0,
        "Total perspectives": 3.0,
        "Total conflicts": 0,
        "Total sources": 1.0,
        "Ratio claims to triples": 0.0015631105900742479,
        "Ratio perspectives to triples": 0.0011723329425556857,
        "Ratio conflicts to triples": 0.0,
        "Ratio perspectives to claims": 0.75,
        "Ratio conflicts to claims": 0.0
    },
    {
        "turn": 13,
        "cardinality conflicts": 0,
        "negation conflicts": 0,
        "subject gaps": 2,
        "object gaps": 2,
        "statement novelty": 0,
        "subject novelty": 0,
        "object novelty": 1,
        "overlaps subject-predicate": 0,
        "overlaps predicate-object": 0,
        "trust": 0.5,
        "Average degree": 10.816494845360825,
        "Sparseness": 0.00904665745562759,
        "Shortest path": 2.4546136150634745,
        "Total triples": 2623.0,
        "Total classes": 24,
        "Total predicates": 12,
        "Average population": 10.666666666666666,
        "Total claims": 5.0,
        "Total perspectives": 4.0,
        "Total conflicts": 0,
        "Total sources": 1.0,
        "Ratio claims to triples": 0.0019062142584826535,
        "Ratio perspectives to triples": 0.0015249714067861228,
        "Ratio conflicts to triples": 0.0,
        "Ratio perspectives to claims": 0.8,
        "Ratio conflicts to claims": 0.0
    },
    {
        "turn": 15,
        "cardinality conflicts": 0,
        "negation conflicts": 0,
        "subject gaps": 2,
        "object gaps": 2,
        "statement novelty": 0,
        "subject novelty": 1,
        "object novelty": 1,
        "overlaps subject-predicate": 0,
        "overlaps predicate-object": 0,
        "trust": 0.5,
        "Average degree": 10.772,
        "Sparseness": 0.008756,
        "Shortest path": 2.4761362725450904,
        "Total triples": 2693.0,
        "Total classes": 24,
        "Total predicates": 12,
        "Average population": 11.196078431372548,
        "Total claims": 6.0,
        "Total perspectives": 5.0,
        "Total conflicts": 0,
        "Total sources": 1.0,
        "Ratio claims to triples": 0.0022279985146676567,
        "Ratio perspectives to triples": 0.001856665428889714,
        "Ratio conflicts to triples": 0.0,
        "Ratio perspectives to claims": 0.8333333333333334,
        "Ratio conflicts to claims": 0.0
    },
    {
        "turn": 17,
        "cardinality conflicts": 0,
        "negation conflicts": 0,
        "subject gaps": 2,
        "object gaps": 2,
        "statement novelty": 1,
        "subject novelty": 0,
        "object novelty": 0,
        "overlaps subject-predicate": 0,
        "overlaps predicate-object": 0,
        "trust": 0.5,
        "Average degree": 10.798418972332016,
        "Sparseness": 0.008666749988282898,
        "Shortest path": 2.485735530074747,
        "Total triples": 2732.0,
        "Total classes": 24,
        "Total predicates": 12,
        "Average population": 11.372549019607844,
        "Total claims": 6.0,
        "Total perspectives": 5.0,
        "Total conflicts": 0,
        "Total sources": 1.0,
        "Ratio claims to triples": 0.0021961932650073207,
        "Ratio perspectives to triples": 0.0018301610541727673,
        "Ratio conflicts to triples": 0.0,
        "Ratio perspectives to claims": 0.8333333333333334,
        "Ratio conflicts to claims": 0.0
    },
    {
        "turn": 19,
        "cardinality conflicts": 0,
        "negation conflicts": 0,
        "subject gaps": 2,
        "object gaps": 2,
        "statement novelty": 1,
        "subject novelty": 0,
        "object novelty": 0,
        "overlaps subject-predicate": 0,
        "overlaps predicate-object": 0,
        "trust": 0.5,
        "Average degree": 10.82421875,
        "Sparseness": 0.008579254150390625,
        "Shortest path": 2.49512292074364,
        "Total triples": 2771.0,
        "Total classes": 24,
        "Total predicates": 12,
        "Average population": 11.549019607843137,
        "Total claims": 6.0,
        "Total perspectives": 5.0,
        "Total conflicts": 0,
        "Total sources": 1.0,
        "Ratio claims to triples": 0.0021652832912306026,
        "Ratio perspectives to triples": 0.001804402742692169,
        "Ratio conflicts to triples": 0.0,
        "Ratio perspectives to claims": 0.8333333333333334,
        "Ratio conflicts to claims": 0.0
    }
]