[
    {
        "turn": 0,
        "cardinality conflicts": 0,
        "negation conflicts": 0,
        "subject gaps": 2,
        "object gaps": 2,
        "statement novelty": 0,
        "subject novelty": 0,
        "object novelty": 1,
        "overlaps subject-predicate": 0,
        "overlaps predicate-object": 0,
        "trust": 0.5,
        "Average degree": 10.93646408839779,
        "Sparseness": 0.006179222245963188,
        "Shortest path": 2.685529905320832,
        "Total triples": 3959.0,
        "Total classes": 24,
        "Total predicates": 12,
        "Average population": 19.03921568627451,
        "Total claims": 18.0,
        "Total perspectives": 17.0,
        "Total conflicts": 0,
        "Total sources": 1.0,
        "Ratio claims to triples": 0.004546602677443799,
        "Ratio perspectives to triples": 0.004294013639808032,
        "Ratio conflicts to triples": 0.0,
        "Ratio perspectives to claims": 0.9444444444444444,
        "Ratio conflicts to claims": 0.0
    },
    {
        "turn": 3,
        "cardinality conflicts": 0,
        "negation conflicts": 0,
        "subject gaps": 2,
        "object gaps": 2,
        "statement novelty": 0,
        "subject novelty": 0,
        "object novelty": 1,
        "overlaps subject-predicate": 1,
        "overlaps predicate-object": 0,
        "trust": 0.5,
        "Average degree": 10.925373134328359,
        "Sparseness": 0.006069934035263427,
        "Shortest path": 2.692204737183647,
        "Total triples": 4026.0,
        "Total classes": 24,
        "Total predicates": 12,
        "Average population": 19.50980392156863,
        "Total claims": 19.0,
        "Total perspectives": 18.0,
        "Total conflicts": 0,
        "Total sources": 1.0,
        "Ratio claims to triples": 0.004719324391455539,
        "Ratio perspectives to triples": 0.004470938897168405,
        "Ratio conflicts to triples": 0.0,
        "Ratio perspectives to claims": 0.9473684210526315,
        "Ratio conflicts to claims": 0.0
    },
    {
        "turn": 5,
        "cardinality conflicts": 0,
        "negation conflicts": 0,
        "subject gaps": 2,
        "object gaps": 2,
        "statement novelty": 1,
        "subject novelty": 0,
        "object novelty": 1,
        "overlaps subject-predicate": 2,
        "overlaps predicate-object": 0,
        "trust": 0.5,
        "Average degree": 10.960969044414536,
        "Sparseness": 0.006039318973496918,
        "Shortest path": 2.6944818304172276,
        "Total triples": 4072.0,
        "Total classes": 24,
        "Total predicates": 12,
        "Average population": 19.764705882352942,
        "Total claims": 19.0,
        "Total perspectives": 18.0,
        "Total conflicts": 0,
        "Total sources": 1.0,
        "Ratio claims to triples": 0.004666011787819254,
        "Ratio perspectives to triples": 0.0044204322200392925,
        "Ratio conflicts to triples": 0.0,
        "Ratio perspectives to claims": 0.9473684210526315,
        "Ratio conflicts to claims": 0.0
    },
    {
        "turn": 7,
        "cardinality conflicts": 0,
        "negation conflicts": 0,
        "subject gaps": 2,
        "object gaps": 2,
        "statement novelty": 1,
        "subject novelty": 0,
        "object novelty": 0,
        "overlaps subject-predicate": 2,
        "overlaps predicate-object": 0,
        "trust": 0.5,
        "Average degree": 10.991978609625669,
        "Sparseness": 0.006012468186107695,
        "Shortest path": 2.6976569379120763,
        "Total triples": 4111.0,
        "Total classes": 24,
        "Total predicates": 12,
        "Average population": 19.941176470588236,
        "Total claims": 19.0,
        "Total perspectives": 18.0,
        "Total conflicts": 0,
        "Total sources": 1.0,
        "Ratio claims to triples": 0.004621746533690099,
        "Ratio perspectives to triples": 0.004378496716127463,
        "Ratio conflicts to triples": 0.0,
        "Ratio perspectives to claims": 0.9473684210526315,
        "Ratio conflicts to claims": 0.0
    },
    {
        "turn": 9,
        "cardinality conflicts": 0,
        "negation conflicts": 0,
        "subject gaps": 2,
        "object gaps": 2,
        "statement novelty": 0,
        "subject novelty": 1,
        "object novelty": 0,
        "overlaps subject-predicate": 0,
        "overlaps predicate-object": 1,
        "trust": 0.5,
        "Average degree": 10.986842105263158,
        "Sparseness": 0.005919321329639889,
        "Shortest path": 2.7048332293183552,
        "Total triples": 4175.0,
        "Total classes": 24,
        "Total predicates": 12,
        "Average population": 20.392156862745097,
        "Total claims": 20.0,
        "Total perspectives": 19.0,
        "Total conflicts": 0,
        "Total sources": 1.0,
        "Ratio claims to triples": 0.004790419161676647,
        "Ratio perspectives to triples": 0.004550898203592815,
        "Ratio conflicts to triples": 0.0,
        "Ratio perspectives to claims": 0.95,
        "Ratio conflicts to claims": 0.0
    },
    {
        "turn": 11,
        "cardinality conflicts": 0,
        "negation conflicts": 0,
        "subject gaps": 2,
        "object gaps": 2,
        "statement novelty": 1,
        "subject novelty": 0,
        "object novelty": 0,
        "overlaps subject-predicate": 0,
        "overlaps predicate-object": 1,
        "trust": 0.5,
        "Average degree": 11.016993464052288,
        "Sparseness": 0.005893459780426331,
        "Shortest path": 2.707877356876433,
        "Total triples": 4214.0,
        "Total classes": 24,
        "Total predicates": 12,
        "Average population": 20.568627450980394,
        "Total claims": 20.0,
        "Total perspectives": 19.0,
        "Total conflicts": 0,
        "Total sources": 1.0,
        "Ratio claims to triples": 0.004746084480303749,
        "Ratio perspectives to triples": 0.004508780256288562,
        "Ratio conflicts to triples": 0.0,
        "Ratio perspectives to claims": 0.95,
        "Ratio conflicts to claims": 0.0
    },
    {
        "turn": 13,
        "cardinality conflicts": 0,
        "negation conflicts": 0,
        "subject gaps": 2,
        "object gaps": 2,
        "statement novelty": 1,
        "subject novelty": 0,
        "object novelty": 0,
        "overlaps subject-predicate": 0,
        "overlaps predicate-object": 1,
        "trust": 0.5,
        "Average degree": 11.046753246753246,
        "Sparseness": 0.005867768595041322,
        "Shortest path": 2.710884434161417,
        "Total triples": 4253.0,
        "Total classes": 24,
        "Total predicates": 12,
        "Average population": 20.745098039215687,
        "Total claims": 20.0,
        "Total perspectives": 19.0,
        "Total conflicts": 0,
        "Total sources": 1.0,
        "Ratio claims to triples": 0.0047025628967787446,
        "Ratio perspectives to triples": 0.0044674347519398075,
        "Ratio conflicts to triples": 0.0,
        "Ratio perspectives to claims": 0.95,
        "Ratio conflicts to claims": 0.0
    },
    {
        "turn": 15,
        "cardinality conflicts": 0,
        "negation conflicts": 0,
        "subject gaps": 2,
        "object gaps": 2,
        "statement novelty": 0,
        "subject novelty": 0,
        "object novelty": 1,
        "overlaps subject-predicate": 0,
        "overlaps predicate-object": 0,
        "trust": 0.5,
        "Average degree": 11.040920716112533,
        "Sparseness": 0.005779004585265664,
        "Shortest path": 2.71767129164197,
        "Total triples": 4317.0,
        "Total classes": 24,
        "Total predicates": 12,
        "Average population": 21.19607843137255,
        "Total claims": 21.0,
        "Total perspectives": 20.0,
        "Total conflicts": 0,
        "Total sources": 1.0,
        "Ratio claims to triples": 0.004864489228630994,
        "Ratio perspectives to triples": 0.0046328468844104706,
        "Ratio conflicts to triples": 0.0,
        "Ratio perspectives to claims": 0.9523809523809523,
        "Ratio conflicts to claims": 0.0
    },
    {
        "turn": 17,
        "cardinality conflicts": 0,
        "negation conflicts": 0,
        "subject gaps": 2,
        "object gaps": 2,
        "statement novelty": 1,
        "subject novelty": 0,
        "object novelty": 0,
        "overlaps subject-predicate": 0,
        "overlaps predicate-object": 1,
        "trust": 0.5,
        "Average degree": 11.069885641677255,
        "Sparseness": 0.005754243431621537,
        "Shortest path": 2.720557662524936,
        "Total triples": 4356.0,
        "Total classes": 24,
        "Total predicates": 12,
        "Average population": 21.372549019607842,
        "Total claims": 21.0,
        "Total perspectives": 20.0,
        "Total conflicts": 0,
        "Total sources": 1.0,
        "Ratio claims to triples": 0.0048209366391184574,
        "Ratio perspectives to triples": 0.004591368227731864,
        "Ratio conflicts to triples": 0.0,
        "Ratio perspectives to claims": 0.9523809523809523,
        "Ratio conflicts to claims": 0.0
    },
    {
        "turn": 19,
        "cardinality conflicts": 0,
        "negation conflicts": 0,
        "subject gaps": 2,
        "object gaps": 2,
        "statement novelty": 0,
        "subject novelty": 0,
        "object novelty": 1,
        "overlaps subject-predicate": 0,
        "overlaps predicate-object": 0,
        "trust": 0.5,
        "Average degree": 11.063829787234043,
        "Sparseness": 0.005668850769344033,
        "Shortest path": 2.727064846095213,
        "Total triples": 4420.0,
        "Total classes": 24,
        "Total predicates": 12,
        "Average population": 21.823529411764707,
        "Total claims": 22.0,
        "Total perspectives": 21.0,
        "Total conflicts": 0,
        "Total sources": 1.0,
        "Ratio claims to triples": 0.004977375565610859,
        "Ratio perspectives to triples": 0.004751131221719457,
        "Ratio conflicts to triples": 0.0,
        "Ratio perspectives to claims": 0.9545454545454546,
        "Ratio conflicts to claims": 0.0
    }
]