[
    {
        "turn": 0,
        "cardinality conflicts": 0,
        "negation conflicts": 0,
        "subject gaps": 2,
        "object gaps": 2,
        "statement novelty": 0,
        "subject novelty": 0,
        "object novelty": 1,
        "overlaps subject-predicate": 0,
        "overlaps predicate-object": 0,
        "trust": 0.5,
        "Average degree": 10.641165755919854,
        "Sparseness": 0.007919681752880714,
        "Shortest path": 2.5405249092577082,
        "Total triples": 2921.0,
        "Total classes": 24,
        "Total predicates": 12,
        "Average population": 12.843137254901961,
        "Total claims": 10.0,
        "Total perspectives": 9.0,
        "Total conflicts": 0,
        "Total sources": 1.0,
        "Ratio claims to triples": 0.003423485107839781,
        "Ratio perspectives to triples": 0.0030811365970558027,
        "Ratio conflicts to triples": 0.0,
        "Ratio perspectives to claims": 0.9,
        "Ratio conflicts to claims": 0.0
    },
    {
        "turn": 3,
        "cardinality conflicts": 0,
        "negation conflicts": 0,
        "subject gaps": 2,
        "object gaps": 2,
        "statement novelty": 1,
        "subject novelty": 0,
        "object novelty": 0,
        "overlaps subject-predicate": 0,
        "overlaps predicate-object": 0,
        "trust": 0.5,
        "Average degree": 10.677477477477478,
        "Sparseness": 0.007856505153802451,
        "Shortest path": 2.5450743161934497,
        "Total triples": 2963.0,
        "Total classes": 24,
        "Total predicates": 12,
        "Average population": 13.03921568627451,
        "Total claims": 10.0,
        "Total perspectives": 9.0,
        "Total conflicts": 0,
        "Total sources": 1.0,
        "Ratio claims to triples": 0.0033749578130273373,
        "Ratio perspectives to triples": 0.0030374620317246033,
        "Ratio conflicts to triples": 0.0,
        "Ratio perspectives to claims": 0.9,
        "Ratio conflicts to claims": 0.0
    },
    {
        "turn": 5,
        "cardinality conflicts": 0,
        "negation conflicts": 0,
        "subject gaps": 2,
        "object gaps": 2,
        "statement novelty": 1,
        "subject novelty": 0,
        "object novelty": 0,
        "overlaps subject-predicate": 0,
        "overlaps predicate-object": 0,
        "trust": 0.5,
        "Average degree": 10.721428571428572,
        "Sparseness": 0.0078125,
        "Shortest path": 2.550485560950677,
        "Total triples": 3002.0,
        "Total classes": 24,
        "Total predicates": 12,
        "Average population": 13.215686274509803,
        "Total claims": 10.0,
        "Total perspectives": 9.0,
        "Total conflicts": 0,
        "Total sources": 1.0,
        "Ratio claims to triples": 0.0033311125916055963,
        "Ratio perspectives to triples": 0.0029980013324450365,
        "Ratio conflicts to triples": 0.0,
        "Ratio perspectives to claims": 0.9,
        "Ratio conflicts to claims": 0.0
    },
    {
        "turn": 7,
        "cardinality conflicts": 0,
        "negation conflicts": 0,
        "subject gaps": 2,
        "object gaps": 2,
        "statement novelty": 1,
        "subject novelty": 0,
        "object novelty": 0,
        "overlaps subject-predicate": 0,
        "overlaps predicate-object": 0,
        "trust": 0.5,
        "Average degree": 10.764601769911504,
        "Sparseness": 0.007768815099068055,
        "Shortest path": 2.555808698926756,
        "Total triples": 3041.0,
        "Total classes": 24,
        "Total predicates": 12,
        "Average population": 13.392156862745098,
        "Total claims": 10.0,
        "Total perspectives": 9.0,
        "Total conflicts": 0,
        "Total sources": 1.0,
        "Ratio claims to triples": 0.003288391976323578,
        "Ratio perspectives to triples": 0.00295955277869122,
        "Ratio conflicts to triples": 0.0,
        "Ratio perspectives to claims": 0.9,
        "Ratio conflicts to claims": 0.0
    },
    {
        "turn": 9,
        "cardinality conflicts": 0,
        "negation conflicts": 0,
        "subject gaps": 2,
        "object gaps": 2,
        "statement novelty": 0,
        "subject novelty": 1,
        "object novelty": 1,
        "overlaps subject-predicate": 0,
        "overlaps predicate-object": 0,
        "trust": 0.5,
        "Average degree": 10.746113989637307,
        "Sparseness": 0.007579621824299534,
        "Shortest path": 2.569482044570343,
        "Total triples": 3111.0,
        "Total classes": 24,
        "Total predicates": 12,
        "Average population": 13.92156862745098,
        "Total claims": 11.0,
        "Total perspectives": 10.0,
        "Total conflicts": 0,
        "Total sources": 1.0,
        "Ratio claims to triples": 0.0035358405657344907,
        "Ratio perspectives to triples": 0.0032144005143040825,
        "Ratio conflicts to triples": 0.0,
        "Ratio perspectives to claims": 0.9090909090909091,
        "Ratio conflicts to claims": 0.0
    },
    {
        "turn": 11,
        "cardinality conflicts": 0,
        "negation conflicts": 0,
        "subject gaps": 2,
        "object gaps": 2,
        "statement novelty": 0,
        "subject novelty": 1,
        "object novelty": 0,
        "overlaps subject-predicate": 0,
        "overlaps predicate-object": 1,
        "trust": 0.5,
        "Average degree": 10.744500846023689,
        "Sparseness": 0.007432411153197569,
        "Shortest path": 2.581094955404514,
        "Total triples": 3175.0,
        "Total classes": 24,
        "Total predicates": 12,
        "Average population": 14.372549019607844,
        "Total claims": 12.0,
        "Total perspectives": 11.0,
        "Total conflicts": 0,
        "Total sources": 1.0,
        "Ratio claims to triples": 0.003779527559055118,
        "Ratio perspectives to triples": 0.0034645669291338585,
        "Ratio conflicts to triples": 0.0,
        "Ratio perspectives to claims": 0.9166666666666666,
        "Ratio conflicts to claims": 0.0
    },
    {
        "turn": 13,
        "cardinality conflicts": 0,
        "negation conflicts": 0,
        "subject gaps": 2,
        "object gaps": 2,
        "statement novelty": 0,
        "subject novelty": 1,
        "object novelty": 1,
        "overlaps subject-predicate": 0,
        "overlaps predicate-object": 0,
        "trust": 0.5,
        "Average degree": 10.727272727272727,
        "Sparseness": 0.007259067003619972,
        "Shortest path": 2.593640194844289,
        "Total triples": 3245.0,
        "Total classes": 24,
        "Total predicates": 12,
        "Average population": 14.901960784313726,
        "Total claims": 13.0,
        "Total perspectives": 12.0,
        "Total conflicts": 0,
        "Total sources": 1.0,
        "Ratio claims to triples": 0.004006163328197226,
        "Ratio perspectives to triples": 0.0036979969183359015,
        "Ratio conflicts to triples": 0.0,
        "Ratio perspectives to claims": 0.9230769230769231,
        "Ratio conflicts to claims": 0.0
    },
    {
        "turn": 15,
        "cardinality conflicts": 0,
        "negation conflicts": 0,
        "subject gaps": 2,
        "object gaps": 2,
        "statement novelty": 0,
        "subject novelty": 0,
        "object novelty": 0,
        "overlaps subject-predicate": 0,
        "overlaps predicate-object": 1,
        "trust": 0.5,
        "Average degree": 10.741463414634147,
        "Sparseness": 0.007154471544715447,
        "Shortest path": 2.6030189878446017,
        "Total triples": 3303.0,
        "Total classes": 24,
        "Total predicates": 12,
        "Average population": 15.27450980392157,
        "Total claims": 14.0,
        "Total perspectives": 13.0,
        "Total conflicts": 0,
        "Total sources": 1.0,
        "Ratio claims to triples": 0.004238570996064184,
        "Ratio perspectives to triples": 0.003935815924916743,
        "Ratio conflicts to triples": 0.0,
        "Ratio perspectives to claims": 0.9285714285714286,
        "Ratio conflicts to claims": 0.0
    },
    {
        "turn": 17,
        "cardinality conflicts": 0,
        "negation conflicts": 0,
        "subject gaps": 2,
        "object gaps": 2,
        "statement novelty": 0,
        "subject novelty": 0,
        "object novelty": 0,
        "overlaps subject-predicate": 0,
        "overlaps predicate-object": 1,
        "trust": 0.5,
        "Average degree": 10.7552,
        "Sparseness": 0.0070528,
        "Shortest path": 2.6121128205128206,
        "Total triples": 3361.0,
        "Total classes": 24,
        "Total predicates": 12,
        "Average population": 15.647058823529411,
        "Total claims": 15.0,
        "Total perspectives": 14.0,
        "Total conflicts": 0,
        "Total sources": 1.0,
        "Ratio claims to triples": 0.0044629574531389465,
        "Ratio perspectives to triples": 0.0041654269562630165,
        "Ratio conflicts to triples": 0.0,
        "Ratio perspectives to claims": 0.9333333333333333,
        "Ratio conflicts to claims": 0.0
    },
    {
        "turn": 19,
        "cardinality conflicts": 0,
        "negation conflicts": 0,
        "subject gaps": 2,
        "object gaps": 2,
        "statement novelty": 1,
        "subject novelty": 0,
        "object novelty": 0,
        "overlaps subject-predicate": 0,
        "overlaps predicate-object": 1,
        "trust": 0.5,
        "Average degree": 10.793650793650794,
        "Sparseness": 0.007016880826404636,
        "Shortest path": 2.6164584752820046,
        "Total triples": 3400.0,
        "Total classes": 24,
        "Total predicates": 12,
        "Average population": 15.823529411764707,
        "Total claims": 15.0,
        "Total perspectives": 14.0,
        "Total conflicts": 0,
        "Total sources": 1.0,
        "Ratio claims to triples": 0.004411764705882353,
        "Ratio perspectives to triples": 0.00411764705882353,
        "Ratio conflicts to triples": 0.0,
        "Ratio perspectives to claims": 0.9333333333333333,
        "Ratio conflicts to claims": 0.0
    }
]