[
    {
        "turn": 0,
        "cardinality conflicts": 0,
        "negation conflicts": 0,
        "subject gaps": 2,
        "object gaps": 2,
        "statement novelty": 1,
        "subject novelty": 0,
        "object novelty": 0,
        "overlaps subject-predicate": 0,
        "overlaps predicate-object": 0,
        "trust": 0.5,
        "Average degree": 10.702290076335878,
        "Sparseness": 0.006708233785909912,
        "Shortest path": 2.6353432780073303,
        "Total triples": 3505.0,
        "Total classes": 24,
        "Total predicates": 12,
        "Average population": 16.686274509803923,
        "Total claims": 16.0,
        "Total perspectives": 15.0,
        "Total conflicts": 0,
        "Total sources": 1.0,
        "Ratio claims to triples": 0.00456490727532097,
        "Ratio perspectives to triples": 0.0042796005706134095,
        "Ratio conflicts to triples": 0.0,
        "Ratio perspectives to claims": 0.9375,
        "Ratio conflicts to claims": 0.0
    },
    {
        "turn": 3,
        "cardinality conflicts": 0,
        "negation conflicts": 0,
        "subject gaps": 2,
        "object gaps": 2,
        "statement novelty": 1,
        "subject novelty": 0,
        "object novelty": 0,
        "overlaps subject-predicate": 0,
        "overlaps predicate-object": 0,
        "trust": 0.5,
        "Average degree": 10.732223903177005,
        "Sparseness": 0.006662531670485053,
        "Shortest path": 2.6384174574794845,
        "Total triples": 3547.0,
        "Total classes": 24,
        "Total predicates": 12,
        "Average population": 16.88235294117647,
        "Total claims": 16.0,
        "Total perspectives": 15.0,
        "Total conflicts": 0,
        "Total sources": 1.0,
        "Ratio claims to triples": 0.004510854243022272,
        "Ratio perspectives to triples": 0.00422892585283338,
        "Ratio conflicts to triples": 0.0,
        "Ratio perspectives to claims": 0.9375,
        "Ratio conflicts to claims": 0.0
    },
    {
        "turn": 5,
        "cardinality conflicts": 0,
        "negation conflicts": 0,
        "subject gaps": 2,
        "object gaps": 2,
        "statement novelty": 1,
        "subject novelty": 0,
        "object novelty": 0,
        "overlaps subject-predicate": 0,
        "overlaps predicate-object": 0,
        "trust": 0.5,
        "Average degree": 10.76876876876877,
        "Sparseness": 0.006630504378252126,
        "Shortest path": 2.642353631827316,
        "Total triples": 3586.0,
        "Total classes": 24,
        "Total predicates": 12,
        "Average population": 17.058823529411764,
        "Total claims": 16.0,
        "Total perspectives": 15.0,
        "Total conflicts": 0,
        "Total sources": 1.0,
        "Ratio claims to triples": 0.004461795872838818,
        "Ratio perspectives to triples": 0.004182933630786392,
        "Ratio conflicts to triples": 0.0,
        "Ratio perspectives to claims": 0.9375,
        "Ratio conflicts to claims": 0.0
    },
    {
        "turn": 7,
        "cardinality conflicts": 0,
        "negation conflicts": 0,
        "subject gaps": 2,
        "object gaps": 2,
        "statement novelty": 0,
        "subject novelty": 0,
        "object novelty": 1,
        "overlaps subject-predicate": 0,
        "overlaps predicate-object": 0,
        "trust": 0.5,
        "Average degree": 10.766961651917404,
        "Sparseness": 0.006517520731633035,
        "Shortest path": 2.651294318592785,
        "Total triples": 3650.0,
        "Total classes": 24,
        "Total predicates": 12,
        "Average population": 17.50980392156863,
        "Total claims": 17.0,
        "Total perspectives": 16.0,
        "Total conflicts": 0,
        "Total sources": 1.0,
        "Ratio claims to triples": 0.004657534246575342,
        "Ratio perspectives to triples": 0.004383561643835616,
        "Ratio conflicts to triples": 0.0,
        "Ratio perspectives to claims": 0.9411764705882353,
        "Ratio conflicts to claims": 0.0
    },
    {
        "turn": 9,
        "cardinality conflicts": 0,
        "negation conflicts": 0,
        "subject gaps": 2,
        "object gaps": 2,
        "statement novelty": 0,
        "subject novelty": 0,
        "object novelty": 1,
        "overlaps subject-predicate": 0,
        "overlaps predicate-object": 0,
        "trust": 0.5,
        "Average degree": 10.765217391304347,
        "Sparseness": 0.006408317580340265,
        "Shortest path": 2.6599356345049534,
        "Total triples": 3714.0,
        "Total classes": 24,
        "Total predicates": 12,
        "Average population": 17.96078431372549,
        "Total claims": 18.0,
        "Total perspectives": 17.0,
        "Total conflicts": 0,
        "Total sources": 1.0,
        "Ratio claims to triples": 0.004846526655896607,
        "Ratio perspectives to triples": 0.0045772751750134625,
        "Ratio conflicts to triples": 0.0,
        "Ratio perspectives to claims": 0.9444444444444444,
        "Ratio conflicts to claims": 0.0
    },
    {
        "turn": 11,
        "cardinality conflicts": 0,
        "negation conflicts": 0,
        "subject gaps": 2,
        "object gaps": 2,
        "statement novelty": 0,
        "subject novelty": 1,
        "object novelty": 1,
        "overlaps subject-predicate": 0,
        "overlaps predicate-object": 0,
        "trust": 0.5,
        "Average degree": 10.75,
        "Sparseness": 0.006279054752066116,
        "Shortest path": 2.669262414328204,
        "Total triples": 3784.0,
        "Total classes": 24,
        "Total predicates": 12,
        "Average population": 18.49019607843137,
        "Total claims": 19.0,
        "Total perspectives": 18.0,
        "Total conflicts": 0,
        "Total sources": 1.0,
        "Ratio claims to triples": 0.005021141649048625,
        "Ratio perspectives to triples": 0.0047568710359408035,
        "Ratio conflicts to triples": 0.0,
        "Ratio perspectives to claims": 0.9473684210526315,
        "Ratio conflicts to claims": 0.0
    },
    {
        "turn": 13,
        "cardinality conflicts": 0,
        "negation conflicts": 0,
        "subject gaps": 2,
        "object gaps": 2,
        "statement novelty": 0,
        "subject novelty": 0,
        "object novelty": 0,
        "overlaps subject-predicate": 0,
        "overlaps predicate-object": 2,
        "trust": 0.5,
        "Average degree": 10.761904761904763,
        "Sparseness": 0.006200519423455657,
        "Shortest path": 2.6763782651910693,
        "Total triples": 3842.0,
        "Total classes": 24,
        "Total predicates": 12,
        "Average population": 18.862745098039216,
        "Total claims": 20.0,
        "Total perspectives": 19.0,
        "Total conflicts": 0,
        "Total sources": 1.0,
        "Ratio claims to triples": 0.0052056220718375845,
        "Ratio perspectives to triples": 0.004945340968245705,
        "Ratio conflicts to triples": 0.0,
        "Ratio perspectives to claims": 0.95,
        "Ratio conflicts to claims": 0.0
    },
    {
        "turn": 15,
        "cardinality conflicts": 0,
        "negation conflicts": 0,
        "subject gaps": 2,
        "object gaps": 2,
        "statement novelty": 0,
        "subject novelty": 0,
        "object novelty": 0,
        "overlaps subject-predicate": 0,
        "overlaps predicate-object": 1,
        "trust": 0.5,
        "Average degree": 10.773480662983426,
        "Sparseness": 0.0061238973169317175,
        "Shortest path": 2.6833062057265997,
        "Total triples": 3900.0,
        "Total classes": 24,
        "Total predicates": 12,
        "Average population": 19.235294117647058,
        "Total claims": 21.0,
        "Total perspectives": 20.0,
        "Total conflicts": 0,
        "Total sources": 1.0,
        "Ratio claims to triples": 0.005384615384615384,
        "Ratio perspectives to triples": 0.005128205128205128,
        "Ratio conflicts to triples": 0.0,
        "Ratio perspectives to claims": 0.9523809523809523,
        "Ratio conflicts to claims": 0.0
    },
    {
        "turn": 17,
        "cardinality conflicts": 0,
        "negation conflicts": 0,
        "subject gaps": 2,
        "object gaps": 2,
        "statement novelty": 1,
        "subject novelty": 1,
        "object novelty": 0,
        "overlaps subject-predicate": 0,
        "overlaps predicate-object": 2,
        "trust": 0.5,
        "Average degree": 10.810958904109588,
        "Sparseness": 0.006093075623944455,
        "Shortest path": 2.6856869045605727,
        "Total triples": 3946.0,
        "Total classes": 24,
        "Total predicates": 12,
        "Average population": 19.49019607843137,
        "Total claims": 21.0,
        "Total perspectives": 20.0,
        "Total conflicts": 0,
        "Total sources": 1.0,
        "Ratio claims to triples": 0.0053218449062341616,
        "Ratio perspectives to triples": 0.00506842372022301,
        "Ratio conflicts to triples": 0.0,
        "Ratio perspectives to claims": 0.9523809523809523,
        "Ratio conflicts to claims": 0.0
    },
    {
        "turn": 19,
        "cardinality conflicts": 0,
        "negation conflicts": 0,
        "subject gaps": 2,
        "object gaps": 2,
        "statement novelty": 0,
        "subject novelty": 0,
        "object novelty": 1,
        "overlaps subject-predicate": 0,
        "overlaps predicate-object": 0,
        "trust": 0.5,
        "Average degree": 10.808625336927223,
        "Sparseness": 0.005997486214136776,
        "Shortest path": 2.693209802445155,
        "Total triples": 4010.0,
        "Total classes": 24,
        "Total predicates": 12,
        "Average population": 19.941176470588236,
        "Total claims": 22.0,
        "Total perspectives": 21.0,
        "Total conflicts": 0,
        "Total sources": 1.0,
        "Ratio claims to triples": 0.005486284289276808,
        "Ratio perspectives to triples": 0.005236907730673317,
        "Ratio conflicts to triples": 0.0,
        "Ratio perspectives to claims": 0.9545454545454546,
        "Ratio conflicts to claims": 0.0
    }
]