[
    {
        "turn": 0,
        "cardinality conflicts": 0,
        "negation conflicts": 0,
        "subject gaps": 2,
        "object gaps": 2,
        "statement novelty": 1,
        "subject novelty": 0,
        "object novelty": 0,
        "overlaps subject-predicate": 0,
        "overlaps predicate-object": 0,
        "trust": 0.5,
        "Average degree": 11.08148148148148,
        "Sparseness": 0.005601280292638317,
        "Shortest path": 2.734154343878283,
        "Total triples": 4488.0,
        "Total classes": 24,
        "Total predicates": 12,
        "Average population": 22.19607843137255,
        "Total claims": 23.0,
        "Total perspectives": 22.0,
        "Total conflicts": 0,
        "Total sources": 1.0,
        "Ratio claims to triples": 0.005124777183600713,
        "Ratio perspectives to triples": 0.004901960784313725,
        "Ratio conflicts to triples": 0.0,
        "Ratio perspectives to claims": 0.9565217391304348,
        "Ratio conflicts to claims": 0.0
    },
    {
        "turn": 3,
        "cardinality conflicts": 0,
        "negation conflicts": 0,
        "subject gaps": 2,
        "object gaps": 2,
        "statement novelty": 1,
        "subject novelty": 0,
        "object novelty": 0,
        "overlaps subject-predicate": 0,
        "overlaps predicate-object": 1,
        "trust": 0.5,
        "Average degree": 11.102941176470589,
        "Sparseness": 0.005568771626297578,
        "Shortest path": 2.7359767833513775,
        "Total triples": 4530.0,
        "Total classes": 24,
        "Total predicates": 12,
        "Average population": 22.392156862745097,
        "Total claims": 23.0,
        "Total perspectives": 22.0,
        "Total conflicts": 0,
        "Total sources": 1.0,
        "Ratio claims to triples": 0.005077262693156733,
        "Ratio perspectives to triples": 0.004856512141280353,
        "Ratio conflicts to triples": 0.0,
        "Ratio perspectives to claims": 0.9565217391304348,
        "Ratio conflicts to claims": 0.0
    },
    {
        "turn": 5,
        "cardinality conflicts": 0,
        "negation conflicts": 0,
        "subject gaps": 2,
        "object gaps": 2,
        "statement novelty": 1,
        "subject novelty": 0,
        "object novelty": 0,
        "overlaps subject-predicate": 0,
        "overlaps predicate-object": 1,
        "trust": 0.5,
        "Average degree": 11.130328867235079,
        "Sparseness": 0.005545656718211504,
        "Shortest path": 2.7386589822049254,
        "Total triples": 4569.0,
        "Total classes": 24,
        "Total predicates": 12,
        "Average population": 22.568627450980394,
        "Total claims": 23.0,
        "Total perspectives": 22.0,
        "Total conflicts": 0,
        "Total sources": 1.0,
        "Ratio claims to triples": 0.005033924272269643,
        "Ratio perspectives to triples": 0.004815057999562267,
        "Ratio conflicts to triples": 0.0,
        "Ratio perspectives to claims": 0.9565217391304348,
        "Ratio conflicts to claims": 0.0
    },
    {
        "turn": 7,
        "cardinality conflicts": 0,
        "negation conflicts": 0,
        "subject gaps": 2,
        "object gaps": 2,
        "statement novelty": 1,
        "subject novelty": 0,
        "object novelty": 0,
        "overlaps subject-predicate": 1,
        "overlaps predicate-object": 2,
        "trust": 0.5,
        "Average degree": 11.157384987893462,
        "Sparseness": 0.005522691696615446,
        "Shortest path": 2.741295766380512,
        "Total triples": 4608.0,
        "Total classes": 24,
        "Total predicates": 12,
        "Average population": 22.745098039215687,
        "Total claims": 23.0,
        "Total perspectives": 22.0,
        "Total conflicts": 0,
        "Total sources": 1.0,
        "Ratio claims to triples": 0.004991319444444444,
        "Ratio perspectives to triples": 0.004774305555555556,
        "Ratio conflicts to triples": 0.0,
        "Ratio perspectives to claims": 0.9565217391304348,
        "Ratio conflicts to claims": 0.0
    },
    {
        "turn": 9,
        "cardinality conflicts": 0,
        "negation conflicts": 0,
        "subject gaps": 2,
        "object gaps": 2,
        "statement novelty": 1,
        "subject novelty": 0,
        "object novelty": 0,
        "overlaps subject-predicate": 1,
        "overlaps predicate-object": 2,
        "trust": 0.5,
        "Average degree": 11.184115523465705,
        "Sparseness": 0.005499876187621369,
        "Shortest path": 2.7439026865585086,
        "Total triples": 4647.0,
        "Total classes": 24,
        "Total predicates": 12,
        "Average population": 22.92156862745098,
        "Total claims": 23.0,
        "Total perspectives": 22.0,
        "Total conflicts": 0,
        "Total sources": 1.0,
        "Ratio claims to triples": 0.004949429739616957,
        "Ratio perspectives to triples": 0.004734237142242307,
        "Ratio conflicts to triples": 0.0,
        "Ratio perspectives to claims": 0.9565217391304348,
        "Ratio conflicts to claims": 0.0
    },
    {
        "turn": 11,
        "cardinality conflicts": 0,
        "negation conflicts": 0,
        "subject gaps": 2,
        "object gaps": 2,
        "statement novelty": 1,
        "subject novelty": 0,
        "object novelty": 0,
        "overlaps subject-predicate": 1,
        "overlaps predicate-object": 2,
        "trust": 0.5,
        "Average degree": 11.210526315789474,
        "Sparseness": 0.00547720977083858,
        "Shortest path": 2.7464802452511243,
        "Total triples": 4686.0,
        "Total classes": 24,
        "Total predicates": 12,
        "Average population": 23.098039215686274,
        "Total claims": 23.0,
        "Total perspectives": 22.0,
        "Total conflicts": 0,
        "Total sources": 1.0,
        "Ratio claims to triples": 0.0049082373026035,
        "Ratio perspectives to triples": 0.004694835680751174,
        "Ratio conflicts to triples": 0.0,
        "Ratio perspectives to claims": 0.9565217391304348,
        "Ratio conflicts to claims": 0.0
    },
    {
        "turn": 13,
        "cardinality conflicts": 0,
        "negation conflicts": 0,
        "subject gaps": 2,
        "object gaps": 2,
        "statement novelty": 0,
        "subject novelty": 0,
        "object novelty": 1,
        "overlaps subject-predicate": 0,
        "overlaps predicate-object": 0,
        "trust": 0.5,
        "Average degree": 11.202830188679245,
        "Sparseness": 0.0053997752758988965,
        "Shortest path": 2.7522721703682254,
        "Total triples": 4750.0,
        "Total classes": 24,
        "Total predicates": 12,
        "Average population": 23.54901960784314,
        "Total claims": 24.0,
        "Total perspectives": 23.0,
        "Total conflicts": 0,
        "Total sources": 1.0,
        "Ratio claims to triples": 0.0050526315789473685,
        "Ratio perspectives to triples": 0.004842105263157895,
        "Ratio conflicts to triples": 0.0,
        "Ratio perspectives to claims": 0.9583333333333334,
        "Ratio conflicts to claims": 0.0
    },
    {
        "turn": 15,
        "cardinality conflicts": 0,
        "negation conflicts": 0,
        "subject gaps": 2,
        "object gaps": 2,
        "statement novelty": 1,
        "subject novelty": 0,
        "object novelty": 0,
        "overlaps subject-predicate": 0,
        "overlaps predicate-object": 0,
        "trust": 0.5,
        "Average degree": 11.22860492379836,
        "Sparseness": 0.005377888398851581,
        "Shortest path": 2.754754002718932,
        "Total triples": 4789.0,
        "Total classes": 24,
        "Total predicates": 12,
        "Average population": 23.725490196078432,
        "Total claims": 24.0,
        "Total perspectives": 23.0,
        "Total conflicts": 0,
        "Total sources": 1.0,
        "Ratio claims to triples": 0.005011484652328252,
        "Ratio perspectives to triples": 0.004802672791814575,
        "Ratio conflicts to triples": 0.0,
        "Ratio perspectives to claims": 0.9583333333333334,
        "Ratio conflicts to claims": 0.0
    },
    {
        "turn": 17,
        "cardinality conflicts": 0,
        "negation conflicts": 0,
        "subject gaps": 2,
        "object gaps": 2,
        "statement novelty": 1,
        "subject novelty": 0,
        "object novelty": 0,
        "overlaps subject-predicate": 0,
        "overlaps predicate-object": 0,
        "trust": 0.5,
        "Average degree": 11.254079254079254,
        "Sparseness": 0.00535614346803158,
        "Shortest path": 2.7572085635096135,
        "Total triples": 4828.0,
        "Total classes": 24,
        "Total predicates": 12,
        "Average population": 23.901960784313726,
        "Total claims": 24.0,
        "Total perspectives": 23.0,
        "Total conflicts": 0,
        "Total sources": 1.0,
        "Ratio claims to triples": 0.004971002485501243,
        "Ratio perspectives to triples": 0.004763877381938691,
        "Ratio conflicts to triples": 0.0,
        "Ratio perspectives to claims": 0.9583333333333334,
        "Ratio conflicts to claims": 0.0
    },
    {
        "turn": 19,
        "cardinality conflicts": 0,
        "negation conflicts": 0,
        "subject gaps": 2,
        "object gaps": 2,
        "statement novelty": 0,
        "subject novelty": 0,
        "object novelty": 1,
        "overlaps subject-predicate": 1,
        "overlaps predicate-object": 0,
        "trust": 0.5,
        "Average degree": 11.245977011494253,
        "Sparseness": 0.005282071607874224,
        "Shortest path": 2.762715765247411,
        "Total triples": 4892.0,
        "Total classes": 24,
        "Total predicates": 12,
        "Average population": 24.352941176470587,
        "Total claims": 25.0,
        "Total perspectives": 24.0,
        "Total conflicts": 0,
        "Total sources": 1.0,
        "Ratio claims to triples": 0.005110384300899428,
        "Ratio perspectives to triples": 0.004905968928863451,
        "Ratio conflicts to triples": 0.0,
        "Ratio perspectives to claims": 0.96,
        "Ratio conflicts to claims": 0.0
    }
]