[
    {
        "turn": 0,
        "cardinality conflicts": 0,
        "negation conflicts": 0,
        "subject gaps": 2,
        "object gaps": 2,
        "statement novelty": 0,
        "subject novelty": 1,
        "object novelty": 1,
        "overlaps subject-predicate": 0,
        "overlaps predicate-object": 0,
        "trust": 0.5,
        "Average degree": 10.732710280373832,
        "Sparseness": 0.008164905231897982,
        "Shortest path": 2.525135636529105,
        "Total triples": 2871.0,
        "Total classes": 24,
        "Total predicates": 12,
        "Average population": 12.294117647058824,
        "Total claims": 8.0,
        "Total perspectives": 7.0,
        "Total conflicts": 0,
        "Total sources": 1.0,
        "Ratio claims to triples": 0.002786485545106235,
        "Ratio perspectives to triples": 0.0024381748519679554,
        "Ratio conflicts to triples": 0.0,
        "Ratio perspectives to claims": 0.875,
        "Ratio conflicts to claims": 0.0
    },
    {
        "turn": 3,
        "cardinality conflicts": 0,
        "negation conflicts": 0,
        "subject gaps": 2,
        "object gaps": 2,
        "statement novelty": 0,
        "subject novelty": 1,
        "object novelty": 1,
        "overlaps subject-predicate": 0,
        "overlaps predicate-object": 0,
        "trust": 0.5,
        "Average degree": 10.705454545454545,
        "Sparseness": 0.007937190082644627,
        "Shortest path": 2.5393144560357674,
        "Total triples": 2944.0,
        "Total classes": 24,
        "Total predicates": 12,
        "Average population": 12.843137254901961,
        "Total claims": 9.0,
        "Total perspectives": 8.0,
        "Total conflicts": 0,
        "Total sources": 1.0,
        "Ratio claims to triples": 0.0030570652173913045,
        "Ratio perspectives to triples": 0.002717391304347826,
        "Ratio conflicts to triples": 0.0,
        "Ratio perspectives to claims": 0.8888888888888888,
        "Ratio conflicts to claims": 0.0
    },
    {
        "turn": 5,
        "cardinality conflicts": 0,
        "negation conflicts": 0,
        "subject gaps": 2,
        "object gaps": 2,
        "statement novelty": 1,
        "subject novelty": 0,
        "object novelty": 0,
        "overlaps subject-predicate": 0,
        "overlaps predicate-object": 0,
        "trust": 0.5,
        "Average degree": 10.749549549549549,
        "Sparseness": 0.00789221654086519,
        "Shortest path": 2.5448206329072756,
        "Total triples": 2983.0,
        "Total classes": 24,
        "Total predicates": 12,
        "Average population": 13.019607843137255,
        "Total claims": 9.0,
        "Total perspectives": 8.0,
        "Total conflicts": 0,
        "Total sources": 1.0,
        "Ratio claims to triples": 0.0030170968823332216,
        "Ratio perspectives to triples": 0.0026818638954073082,
        "Ratio conflicts to triples": 0.0,
        "Ratio perspectives to claims": 0.8888888888888888,
        "Ratio conflicts to claims": 0.0
    },
    {
        "turn": 7,
        "cardinality conflicts": 0,
        "negation conflicts": 0,
        "subject gaps": 2,
        "object gaps": 2,
        "statement novelty": 0,
        "subject novelty": 1,
        "object novelty": 1,
        "overlaps subject-predicate": 0,
        "overlaps predicate-object": 0,
        "trust": 0.5,
        "Average degree": 10.731107205623902,
        "Sparseness": 0.007697035776390609,
        "Shortest path": 2.5589804203074333,
        "Total triples": 3053.0,
        "Total classes": 24,
        "Total predicates": 12,
        "Average population": 13.549019607843137,
        "Total claims": 10.0,
        "Total perspectives": 9.0,
        "Total conflicts": 0,
        "Total sources": 1.0,
        "Ratio claims to triples": 0.003275466754012447,
        "Ratio perspectives to triples": 0.002947920078611202,
        "Ratio conflicts to triples": 0.0,
        "Ratio perspectives to claims": 0.9,
        "Ratio conflicts to claims": 0.0
    },
    {
        "turn": 9,
        "cardinality conflicts": 0,
        "negation conflicts": 0,
        "subject gaps": 2,
        "object gaps": 2,
        "statement novelty": 1,
        "subject novelty": 0,
        "object novelty": 0,
        "overlaps subject-predicate": 1,
        "overlaps predicate-object": 0,
        "trust": 0.5,
        "Average degree": 10.773519163763066,
        "Sparseness": 0.007654578785708215,
        "Shortest path": 2.5641558883801254,
        "Total triples": 3092.0,
        "Total classes": 24,
        "Total predicates": 12,
        "Average population": 13.72549019607843,
        "Total claims": 10.0,
        "Total perspectives": 9.0,
        "Total conflicts": 0,
        "Total sources": 1.0,
        "Ratio claims to triples": 0.003234152652005175,
        "Ratio perspectives to triples": 0.0029107373868046574,
        "Ratio conflicts to triples": 0.0,
        "Ratio perspectives to claims": 0.9,
        "Ratio conflicts to claims": 0.0
    },
    {
        "turn": 11,
        "cardinality conflicts": 0,
        "negation conflicts": 0,
        "subject gaps": 2,
        "object gaps": 2,
        "statement novelty": 1,
        "subject novelty": 0,
        "object novelty": 0,
        "overlaps subject-predicate": 0,
        "overlaps predicate-object": 0,
        "trust": 0.5,
        "Average degree": 10.815198618307427,
        "Sparseness": 0.007612434039989142,
        "Shortest path": 2.5692489735912654,
        "Total triples": 3131.0,
        "Total classes": 24,
        "Total predicates": 12,
        "Average population": 13.901960784313726,
        "Total claims": 10.0,
        "Total perspectives": 9.0,
        "Total conflicts": 0,
        "Total sources": 1.0,
        "Ratio claims to triples": 0.0031938677738741618,
        "Ratio perspectives to triples": 0.0028744809964867456,
        "Ratio conflicts to triples": 0.0,
        "Ratio perspectives to claims": 0.9,
        "Ratio conflicts to claims": 0.0
    },
    {
        "turn": 13,
        "cardinality conflicts": 0,
        "negation conflicts": 0,
        "subject gaps": 2,
        "object gaps": 2,
        "statement novelty": 1,
        "subject novelty": 0,
        "object novelty": 0,
        "overlaps subject-predicate": 0,
        "overlaps predicate-object": 0,
        "trust": 0.5,
        "Average degree": 10.856164383561644,
        "Sparseness": 0.007570604240945768,
        "Shortest path": 2.574261613289786,
        "Total triples": 3170.0,
        "Total classes": 24,
        "Total predicates": 12,
        "Average population": 14.07843137254902,
        "Total claims": 10.0,
        "Total perspectives": 9.0,
        "Total conflicts": 0,
        "Total sources": 1.0,
        "Ratio claims to triples": 0.0031545741324921135,
        "Ratio perspectives to triples": 0.0028391167192429023,
        "Ratio conflicts to triples": 0.0,
        "Ratio perspectives to claims": 0.9,
        "Ratio conflicts to claims": 0.0
    },
    {
        "turn": 15,
        "cardinality conflicts": 0,
        "negation conflicts": 0,
        "subject gaps": 2,
        "object gaps": 2,
        "statement novelty": 0,
        "subject novelty": 1,
        "object novelty": 0,
        "overlaps subject-predicate": 0,
        "overlaps predicate-object": 1,
        "trust": 0.5,
        "Average degree": 10.85234899328859,
        "Sparseness": 0.007423652087743795,
        "Shortest path": 2.5856973661948,
        "Total triples": 3234.0,
        "Total classes": 24,
        "Total predicates": 12,
        "Average population": 14.529411764705882,
        "Total claims": 11.0,
        "Total perspectives": 10.0,
        "Total conflicts": 0,
        "Total sources": 1.0,
        "Ratio claims to triples": 0.003401360544217687,
        "Ratio perspectives to triples": 0.0030921459492888066,
        "Ratio conflicts to triples": 0.0,
        "Ratio perspectives to claims": 0.9090909090909091,
        "Ratio conflicts to claims": 0.0
    },
    {
        "turn": 17,
        "cardinality conflicts": 0,
        "negation conflicts": 0,
        "subject gaps": 2,
        "object gaps": 2,
        "statement novelty": 0,
        "subject novelty": 0,
        "object novelty": 1,
        "overlaps subject-predicate": 0,
        "overlaps predicate-object": 0,
        "trust": 0.5,
        "Average degree": 10.848684210526315,
        "Sparseness": 0.007282288781163435,
        "Shortest path": 2.596700771698604,
        "Total triples": 3298.0,
        "Total classes": 24,
        "Total predicates": 12,
        "Average population": 14.980392156862745,
        "Total claims": 12.0,
        "Total perspectives": 11.0,
        "Total conflicts": 0,
        "Total sources": 1.0,
        "Ratio claims to triples": 0.0036385688295936932,
        "Ratio perspectives to triples": 0.0033353547604608852,
        "Ratio conflicts to triples": 0.0,
        "Ratio perspectives to claims": 0.9166666666666666,
        "Ratio conflicts to claims": 0.0
    },
    {
        "turn": 19,
        "cardinality conflicts": 0,
        "negation conflicts": 0,
        "subject gaps": 2,
        "object gaps": 2,
        "statement novelty": 1,
        "subject novelty": 0,
        "object novelty": 0,
        "overlaps subject-predicate": 0,
        "overlaps predicate-object": 0,
        "trust": 0.5,
        "Average degree": 10.887438825448614,
        "Sparseness": 0.0072438120228118874,
        "Shortest path": 2.6012805339645375,
        "Total triples": 3337.0,
        "Total classes": 24,
        "Total predicates": 12,
        "Average population": 15.156862745098039,
        "Total claims": 12.0,
        "Total perspectives": 11.0,
        "Total conflicts": 0,
        "Total sources": 1.0,
        "Ratio claims to triples": 0.003596044351213665,
        "Ratio perspectives to triples": 0.003296373988612526,
        "Ratio conflicts to triples": 0.0,
        "Ratio perspectives to claims": 0.9166666666666666,
        "Ratio conflicts to claims": 0.0
    }
]