[
    {
        "turn": 0,
        "cardinality conflicts": 0,
        "negation conflicts": 0,
        "subject gaps": 2,
        "object gaps": 2,
        "statement novelty": 0,
        "subject novelty": 0,
        "object novelty": 0,
        "overlaps subject-predicate": 0,
        "overlaps predicate-object": 1,
        "trust": 0.5,
        "Average degree": 11.094292803970223,
        "Sparseness": 0.00563084558121779,
        "Shortest path": 2.7304440300232726,
        "Total triples": 4471.0,
        "Total classes": 24,
        "Total predicates": 12,
        "Average population": 22.019607843137255,
        "Total claims": 22.0,
        "Total perspectives": 21.0,
        "Total conflicts": 0,
        "Total sources": 1.0,
        "Ratio claims to triples": 0.004920599418474614,
        "Ratio perspectives to triples": 0.00469693580854395,
        "Ratio conflicts to triples": 0.0,
        "Ratio perspectives to claims": 0.9545454545454546,
        "Ratio conflicts to claims": 0.0
    },
    {
        "turn": 3,
        "cardinality conflicts": 0,
        "negation conflicts": 0,
        "subject gaps": 2,
        "object gaps": 2,
        "statement novelty": 1,
        "subject novelty": 0,
        "object novelty": 0,
        "overlaps subject-predicate": 0,
        "overlaps predicate-object": 0,
        "trust": 0.5,
        "Average degree": 11.11576354679803,
        "Sparseness": 0.005597988303525929,
        "Shortest path": 2.732301543432969,
        "Total triples": 4513.0,
        "Total classes": 24,
        "Total predicates": 12,
        "Average population": 22.215686274509803,
        "Total claims": 22.0,
        "Total perspectives": 21.0,
        "Total conflicts": 0,
        "Total sources": 1.0,
        "Ratio claims to triples": 0.004874806115665854,
        "Ratio perspectives to triples": 0.004653224019499224,
        "Ratio conflicts to triples": 0.0,
        "Ratio perspectives to claims": 0.9545454545454546,
        "Ratio conflicts to claims": 0.0
    },
    {
        "turn": 5,
        "cardinality conflicts": 0,
        "negation conflicts": 0,
        "subject gaps": 2,
        "object gaps": 2,
        "statement novelty": 0,
        "subject novelty": 1,
        "object novelty": 0,
        "overlaps subject-predicate": 0,
        "overlaps predicate-object": 2,
        "trust": 0.5,
        "Average degree": 11.109223300970873,
        "Sparseness": 0.005517131680648506,
        "Shortest path": 2.738468661892909,
        "Total triples": 4577.0,
        "Total classes": 24,
        "Total predicates": 12,
        "Average population": 22.666666666666668,
        "Total claims": 23.0,
        "Total perspectives": 22.0,
        "Total conflicts": 0,
        "Total sources": 1.0,
        "Ratio claims to triples": 0.005025125628140704,
        "Ratio perspectives to triples": 0.004806641905178064,
        "Ratio conflicts to triples": 0.0,
        "Ratio perspectives to claims": 0.9565217391304348,
        "Ratio conflicts to claims": 0.0
    },
    {
        "turn": 7,
        "cardinality conflicts": 0,
        "negation conflicts": 0,
        "subject gaps": 2,
        "object gaps": 2,
        "statement novelty": 0,
        "subject novelty": 0,
        "object novelty": 0,
        "overlaps subject-predicate": 0,
        "overlaps predicate-object": 1,
        "trust": 0.5,
        "Average degree": 11.115107913669064,
        "Sparseness": 0.005456066801235271,
        "Shortest path": 2.7438083146927834,
        "Total triples": 4635.0,
        "Total classes": 24,
        "Total predicates": 12,
        "Average population": 23.03921568627451,
        "Total claims": 24.0,
        "Total perspectives": 23.0,
        "Total conflicts": 0,
        "Total sources": 1.0,
        "Ratio claims to triples": 0.005177993527508091,
        "Ratio perspectives to triples": 0.004962243797195253,
        "Ratio conflicts to triples": 0.0,
        "Ratio perspectives to claims": 0.9583333333333334,
        "Ratio conflicts to claims": 0.0
    },
    {
        "turn": 9,
        "cardinality conflicts": 0,
        "negation conflicts": 0,
        "subject gaps": 2,
        "object gaps": 2,
        "statement novelty": 1,
        "subject novelty": 0,
        "object novelty": 0,
        "overlaps subject-predicate": 0,
        "overlaps predicate-object": 1,
        "trust": 0.5,
        "Average degree": 11.141835518474375,
        "Sparseness": 0.005433848400601772,
        "Shortest path": 2.746376667301965,
        "Total triples": 4674.0,
        "Total classes": 24,
        "Total predicates": 12,
        "Average population": 23.215686274509803,
        "Total claims": 24.0,
        "Total perspectives": 23.0,
        "Total conflicts": 0,
        "Total sources": 1.0,
        "Ratio claims to triples": 0.005134788189987163,
        "Ratio perspectives to triples": 0.004920838682071031,
        "Ratio conflicts to triples": 0.0,
        "Ratio perspectives to claims": 0.9583333333333334,
        "Ratio conflicts to claims": 0.0
    },
    {
        "turn": 11,
        "cardinality conflicts": 0,
        "negation conflicts": 0,
        "subject gaps": 2,
        "object gaps": 2,
        "statement novelty": 1,
        "subject novelty": 1,
        "object novelty": 0,
        "overlaps subject-predicate": 0,
        "overlaps predicate-object": 2,
        "trust": 0.5,
        "Average degree": 11.171597633136095,
        "Sparseness": 0.005408774202583943,
        "Shortest path": 2.7480327547042824,
        "Total triples": 4720.0,
        "Total classes": 24,
        "Total predicates": 12,
        "Average population": 23.470588235294116,
        "Total claims": 24.0,
        "Total perspectives": 23.0,
        "Total conflicts": 0,
        "Total sources": 1.0,
        "Ratio claims to triples": 0.005084745762711864,
        "Ratio perspectives to triples": 0.004872881355932204,
        "Ratio conflicts to triples": 0.0,
        "Ratio perspectives to claims": 0.9583333333333334,
        "Ratio conflicts to claims": 0.0
    },
    {
        "turn": 13,
        "cardinality conflicts": 0,
        "negation conflicts": 0,
        "subject gaps": 2,
        "object gaps": 2,
        "statement novelty": 1,
        "subject novelty": 0,
        "object novelty": 0,
        "overlaps subject-predicate": 0,
        "overlaps predicate-object": 2,
        "trust": 0.5,
        "Average degree": 11.197647058823529,
        "Sparseness": 0.005386851211072664,
        "Shortest path": 2.75054666389524,
        "Total triples": 4759.0,
        "Total classes": 24,
        "Total predicates": 12,
        "Average population": 23.647058823529413,
        "Total claims": 24.0,
        "Total perspectives": 23.0,
        "Total conflicts": 0,
        "Total sources": 1.0,
        "Ratio claims to triples": 0.005043076276528682,
        "Ratio perspectives to triples": 0.004832948098339987,
        "Ratio conflicts to triples": 0.0,
        "Ratio perspectives to claims": 0.9583333333333334,
        "Ratio conflicts to claims": 0.0
    },
    {
        "turn": 15,
        "cardinality conflicts": 0,
        "negation conflicts": 0,
        "subject gaps": 2,
        "object gaps": 2,
        "statement novelty": 1,
        "subject novelty": 0,
        "object novelty": 0,
        "overlaps subject-predicate": 0,
        "overlaps predicate-object": 2,
        "trust": 0.5,
        "Average degree": 11.223391812865497,
        "Sparseness": 0.00536506959406313,
        "Shortest path": 2.7530355944506075,
        "Total triples": 4798.0,
        "Total classes": 24,
        "Total predicates": 12,
        "Average population": 23.823529411764707,
        "Total claims": 24.0,
        "Total perspectives": 23.0,
        "Total conflicts": 0,
        "Total sources": 1.0,
        "Ratio claims to triples": 0.005002084201750729,
        "Ratio perspectives to triples": 0.004793664026677783,
        "Ratio conflicts to triples": 0.0,
        "Ratio perspectives to claims": 0.9583333333333334,
        "Ratio conflicts to claims": 0.0
    },
    {
        "turn": 17,
        "cardinality conflicts": 0,
        "negation conflicts": 0,
        "subject gaps": 2,
        "object gaps": 2,
        "statement novelty": 0,
        "subject novelty": 0,
        "object novelty": 1,
        "overlaps subject-predicate": 0,
        "overlaps predicate-object": 0,
        "trust": 0.5,
        "Average degree": 11.215686274509803,
        "Sparseness": 0.005290751893402724,
        "Shortest path": 2.758616556254345,
        "Total triples": 4862.0,
        "Total classes": 24,
        "Total predicates": 12,
        "Average population": 24.274509803921568,
        "Total claims": 25.0,
        "Total perspectives": 24.0,
        "Total conflicts": 0,
        "Total sources": 1.0,
        "Ratio claims to triples": 0.005141916906622789,
        "Ratio perspectives to triples": 0.0049362402303578775,
        "Ratio conflicts to triples": 0.0,
        "Ratio perspectives to claims": 0.96,
        "Ratio conflicts to claims": 0.0
    },
    {
        "turn": 19,
        "cardinality conflicts": 0,
        "negation conflicts": 0,
        "subject gaps": 2,
        "object gaps": 2,
        "statement novelty": 0,
        "subject novelty": 0,
        "object novelty": 0,
        "overlaps subject-predicate": 0,
        "overlaps predicate-object": 2,
        "trust": 0.5,
        "Average degree": 11.220068415051312,
        "Sparseness": 0.00523449252336084,
        "Shortest path": 2.763483856859468,
        "Total triples": 4920.0,
        "Total classes": 24,
        "Total predicates": 12,
        "Average population": 24.647058823529413,
        "Total claims": 26.0,
        "Total perspectives": 25.0,
        "Total conflicts": 0,
        "Total sources": 1.0,
        "Ratio claims to triples": 0.005284552845528455,
        "Ratio perspectives to triples": 0.00508130081300813,
        "Ratio conflicts to triples": 0.0,
        "Ratio perspectives to claims": 0.9615384615384616,
        "Ratio conflicts to claims": 0.0
    }
]