[
    {
        "turn": 0,
        "cardinality conflicts": 0,
        "negation conflicts": 0,
        "subject gaps": 2,
        "object gaps": 2,
        "statement novelty": 1,
        "subject novelty": 0,
        "object novelty": 0,
        "overlaps subject-predicate": 0,
        "overlaps predicate-object": 0,
        "trust": 0.5,
        "Average degree": 10.933977455716587,
        "Sparseness": 0.00717766005170612,
        "Shortest path": 2.605947742974391,
        "Total triples": 3395.0,
        "Total classes": 24,
        "Total predicates": 12,
        "Average population": 15.431372549019608,
        "Total claims": 12.0,
        "Total perspectives": 11.0,
        "Total conflicts": 0,
        "Total sources": 1.0,
        "Ratio claims to triples": 0.0035346097201767305,
        "Ratio perspectives to triples": 0.003240058910162003,
        "Ratio conflicts to triples": 0.0,
        "Ratio perspectives to claims": 0.9166666666666666,
        "Ratio conflicts to claims": 0.0
    },
    {
        "turn": 3,
        "cardinality conflicts": 0,
        "negation conflicts": 0,
        "subject gaps": 2,
        "object gaps": 2,
        "statement novelty": 0,
        "subject novelty": 0,
        "object novelty": 1,
        "overlaps subject-predicate": 1,
        "overlaps predicate-object": 0,
        "trust": 0.5,
        "Average degree": 10.921135646687697,
        "Sparseness": 0.007030620266894884,
        "Shortest path": 2.615256577012972,
        "Total triples": 3462.0,
        "Total classes": 24,
        "Total predicates": 12,
        "Average population": 15.901960784313726,
        "Total claims": 13.0,
        "Total perspectives": 12.0,
        "Total conflicts": 0,
        "Total sources": 1.0,
        "Ratio claims to triples": 0.003755054881571346,
        "Ratio perspectives to triples": 0.0034662045060658577,
        "Ratio conflicts to triples": 0.0,
        "Ratio perspectives to claims": 0.9230769230769231,
        "Ratio conflicts to claims": 0.0
    },
    {
        "turn": 5,
        "cardinality conflicts": 0,
        "negation conflicts": 0,
        "subject gaps": 2,
        "object gaps": 2,
        "statement novelty": 0,
        "subject novelty": 0,
        "object novelty": 1,
        "overlaps subject-predicate": 1,
        "overlaps predicate-object": 0,
        "trust": 0.5,
        "Average degree": 10.91640866873065,
        "Sparseness": 0.006903641365296322,
        "Shortest path": 2.6251181990544077,
        "Total triples": 3526.0,
        "Total classes": 24,
        "Total predicates": 12,
        "Average population": 16.352941176470587,
        "Total claims": 14.0,
        "Total perspectives": 13.0,
        "Total conflicts": 0,
        "Total sources": 1.0,
        "Ratio claims to triples": 0.003970504821327283,
        "Ratio perspectives to triples": 0.00368689733408962,
        "Ratio conflicts to triples": 0.0,
        "Ratio perspectives to claims": 0.9285714285714286,
        "Ratio conflicts to claims": 0.0
    },
    {
        "turn": 7,
        "cardinality conflicts": 0,
        "negation conflicts": 0,
        "subject gaps": 2,
        "object gaps": 2,
        "statement novelty": 0,
        "subject novelty": 0,
        "object novelty": 1,
        "overlaps subject-predicate": 0,
        "overlaps predicate-object": 0,
        "trust": 0.5,
        "Average degree": 10.911854103343465,
        "Sparseness": 0.006781164253840966,
        "Shortest path": 2.6346338010575843,
        "Total triples": 3590.0,
        "Total classes": 24,
        "Total predicates": 12,
        "Average population": 16.80392156862745,
        "Total claims": 15.0,
        "Total perspectives": 14.0,
        "Total conflicts": 0,
        "Total sources": 1.0,
        "Ratio claims to triples": 0.004178272980501393,
        "Ratio perspectives to triples": 0.0038997214484679664,
        "Ratio conflicts to triples": 0.0,
        "Ratio perspectives to claims": 0.9333333333333333,
        "Ratio conflicts to claims": 0.0
    },
    {
        "turn": 9,
        "cardinality conflicts": 0,
        "negation conflicts": 0,
        "subject gaps": 2,
        "object gaps": 2,
        "statement novelty": 0,
        "subject novelty": 0,
        "object novelty": 1,
        "overlaps subject-predicate": 1,
        "overlaps predicate-object": 0,
        "trust": 0.5,
        "Average degree": 10.907462686567165,
        "Sparseness": 0.006662953887280018,
        "Shortest path": 2.6438212524819846,
        "Total triples": 3654.0,
        "Total classes": 24,
        "Total predicates": 12,
        "Average population": 17.254901960784313,
        "Total claims": 16.0,
        "Total perspectives": 15.0,
        "Total conflicts": 0,
        "Total sources": 1.0,
        "Ratio claims to triples": 0.004378762999452655,
        "Ratio perspectives to triples": 0.004105090311986864,
        "Ratio conflicts to triples": 0.0,
        "Ratio perspectives to claims": 0.9375,
        "Ratio conflicts to claims": 0.0
    },
    {
        "turn": 11,
        "cardinality conflicts": 0,
        "negation conflicts": 0,
        "subject gaps": 2,
        "object gaps": 2,
        "statement novelty": 1,
        "subject novelty": 0,
        "object novelty": 0,
        "overlaps subject-predicate": 1,
        "overlaps predicate-object": 0,
        "trust": 0.5,
        "Average degree": 10.942222222222222,
        "Sparseness": 0.006630452674897119,
        "Shortest path": 2.647675568743818,
        "Total triples": 3693.0,
        "Total classes": 24,
        "Total predicates": 12,
        "Average population": 17.431372549019606,
        "Total claims": 16.0,
        "Total perspectives": 15.0,
        "Total conflicts": 0,
        "Total sources": 1.0,
        "Ratio claims to triples": 0.004332520985648524,
        "Ratio perspectives to triples": 0.004061738424045491,
        "Ratio conflicts to triples": 0.0,
        "Ratio perspectives to claims": 0.9375,
        "Ratio conflicts to claims": 0.0
    },
    {
        "turn": 13,
        "cardinality conflicts": 0,
        "negation conflicts": 0,
        "subject gaps": 2,
        "object gaps": 2,
        "statement novelty": 1,
        "subject novelty": 0,
        "object novelty": 0,
        "overlaps subject-predicate": 1,
        "overlaps predicate-object": 0,
        "trust": 0.5,
        "Average degree": 10.976470588235294,
        "Sparseness": 0.00659818339100346,
        "Shortest path": 2.6514770856796326,
        "Total triples": 3732.0,
        "Total classes": 24,
        "Total predicates": 12,
        "Average population": 17.607843137254903,
        "Total claims": 16.0,
        "Total perspectives": 15.0,
        "Total conflicts": 0,
        "Total sources": 1.0,
        "Ratio claims to triples": 0.004287245444801715,
        "Ratio perspectives to triples": 0.0040192926045016075,
        "Ratio conflicts to triples": 0.0,
        "Ratio perspectives to claims": 0.9375,
        "Ratio conflicts to claims": 0.0
    },
    {
        "turn": 15,
        "cardinality conflicts": 0,
        "negation conflicts": 0,
        "subject gaps": 2,
        "object gaps": 2,
        "statement novelty": 1,
        "subject novelty": 0,
        "object novelty": 0,
        "overlaps subject-predicate": 0,
        "overlaps predicate-object": 3,
        "trust": 0.5,
        "Average degree": 11.01021897810219,
        "Sparseness": 0.0065661463050775215,
        "Shortest path": 2.6552311435523115,
        "Total triples": 3771.0,
        "Total classes": 24,
        "Total predicates": 12,
        "Average population": 17.784313725490197,
        "Total claims": 16.0,
        "Total perspectives": 15.0,
        "Total conflicts": 0,
        "Total sources": 1.0,
        "Ratio claims to triples": 0.0042429063908777515,
        "Ratio perspectives to triples": 0.003977724741447892,
        "Ratio conflicts to triples": 0.0,
        "Ratio perspectives to claims": 0.9375,
        "Ratio conflicts to claims": 0.0
    },
    {
        "turn": 17,
        "cardinality conflicts": 0,
        "negation conflicts": 0,
        "subject gaps": 2,
        "object gaps": 2,
        "statement novelty": 1,
        "subject novelty": 0,
        "object novelty": 0,
        "overlaps subject-predicate": 0,
        "overlaps predicate-object": 3,
        "trust": 0.5,
        "Average degree": 11.043478260869565,
        "Sparseness": 0.006534341524889729,
        "Shortest path": 2.6589301865757977,
        "Total triples": 3810.0,
        "Total classes": 24,
        "Total predicates": 12,
        "Average population": 17.96078431372549,
        "Total claims": 16.0,
        "Total perspectives": 15.0,
        "Total conflicts": 0,
        "Total sources": 1.0,
        "Ratio claims to triples": 0.004199475065616798,
        "Ratio perspectives to triples": 0.003937007874015748,
        "Ratio conflicts to triples": 0.0,
        "Ratio perspectives to claims": 0.9375,
        "Ratio conflicts to claims": 0.0
    },
    {
        "turn": 19,
        "cardinality conflicts": 0,
        "negation conflicts": 0,
        "subject gaps": 2,
        "object gaps": 2,
        "statement novelty": 1,
        "subject novelty": 0,
        "object novelty": 0,
        "overlaps subject-predicate": 0,
        "overlaps predicate-object": 3,
        "trust": 0.5,
        "Average degree": 11.076258992805755,
        "Sparseness": 0.00650276900781533,
        "Shortest path": 2.662579561710862,
        "Total triples": 3849.0,
        "Total classes": 24,
        "Total predicates": 12,
        "Average population": 18.137254901960784,
        "Total claims": 16.0,
        "Total perspectives": 15.0,
        "Total conflicts": 0,
        "Total sources": 1.0,
        "Ratio claims to triples": 0.004156923876331515,
        "Ratio perspectives to triples": 0.003897116134060795,
        "Ratio conflicts to triples": 0.0,
        "Ratio perspectives to claims": 0.9375,
        "Ratio conflicts to claims": 0.0
    }
]