[
    {
        "turn": 0,
        "cardinality conflicts": 0,
        "negation conflicts": 0,
        "subject gaps": 2,
        "object gaps": 2,
        "statement novelty": 0,
        "subject novelty": 1,
        "object novelty": 1,
        "overlaps subject-predicate": 0,
        "overlaps predicate-object": 0,
        "trust": 0.5,
        "Average degree": 10.881789137380192,
        "Sparseness": 0.0070915289530361645,
        "Shortest path": 2.610791054313099,
        "Total triples": 3406.0,
        "Total classes": 24,
        "Total predicates": 12,
        "Average population": 15.588235294117647,
        "Total claims": 12.0,
        "Total perspectives": 11.0,
        "Total conflicts": 0,
        "Total sources": 1.0,
        "Ratio claims to triples": 0.0035231943628890195,
        "Ratio perspectives to triples": 0.0032295948326482677,
        "Ratio conflicts to triples": 0.0,
        "Ratio perspectives to claims": 0.9166666666666666,
        "Ratio conflicts to claims": 0.0
    },
    {
        "turn": 3,
        "cardinality conflicts": 0,
        "negation conflicts": 0,
        "subject gaps": 2,
        "object gaps": 2,
        "statement novelty": 0,
        "subject novelty": 0,
        "object novelty": 1,
        "overlaps subject-predicate": 2,
        "overlaps predicate-object": 0,
        "trust": 0.5,
        "Average degree": 10.870109546165883,
        "Sparseness": 0.006947964958941617,
        "Shortest path": 2.619929258588802,
        "Total triples": 3473.0,
        "Total classes": 24,
        "Total predicates": 12,
        "Average population": 16.058823529411764,
        "Total claims": 13.0,
        "Total perspectives": 12.0,
        "Total conflicts": 0,
        "Total sources": 1.0,
        "Ratio claims to triples": 0.003743161531816873,
        "Ratio perspectives to triples": 0.0034552260293694214,
        "Ratio conflicts to triples": 0.0,
        "Ratio perspectives to claims": 0.9230769230769231,
        "Ratio conflicts to claims": 0.0
    },
    {
        "turn": 5,
        "cardinality conflicts": 0,
        "negation conflicts": 0,
        "subject gaps": 2,
        "object gaps": 2,
        "statement novelty": 1,
        "subject novelty": 0,
        "object novelty": 1,
        "overlaps subject-predicate": 3,
        "overlaps predicate-object": 0,
        "trust": 0.5,
        "Average degree": 10.911627906976744,
        "Sparseness": 0.006908238687578871,
        "Shortest path": 2.6231595165872212,
        "Total triples": 3519.0,
        "Total classes": 24,
        "Total predicates": 12,
        "Average population": 16.313725490196077,
        "Total claims": 13.0,
        "Total perspectives": 12.0,
        "Total conflicts": 0,
        "Total sources": 1.0,
        "Ratio claims to triples": 0.003694231315714692,
        "Ratio perspectives to triples": 0.0034100596760443308,
        "Ratio conflicts to triples": 0.0,
        "Ratio perspectives to claims": 0.9230769230769231,
        "Ratio conflicts to claims": 0.0
    },
    {
        "turn": 7,
        "cardinality conflicts": 0,
        "negation conflicts": 0,
        "subject gaps": 2,
        "object gaps": 2,
        "statement novelty": 1,
        "subject novelty": 0,
        "object novelty": 0,
        "overlaps subject-predicate": 3,
        "overlaps predicate-object": 0,
        "trust": 0.5,
        "Average degree": 10.947692307692307,
        "Sparseness": 0.0068733727810650885,
        "Shortest path": 2.6273035439137136,
        "Total triples": 3558.0,
        "Total classes": 24,
        "Total predicates": 12,
        "Average population": 16.49019607843137,
        "Total claims": 13.0,
        "Total perspectives": 12.0,
        "Total conflicts": 0,
        "Total sources": 1.0,
        "Ratio claims to triples": 0.0036537380550871277,
        "Ratio perspectives to triples": 0.003372681281618887,
        "Ratio conflicts to triples": 0.0,
        "Ratio perspectives to claims": 0.9230769230769231,
        "Ratio conflicts to claims": 0.0
    },
    {
        "turn": 9,
        "cardinality conflicts": 0,
        "negation conflicts": 0,
        "subject gaps": 2,
        "object gaps": 2,
        "statement novelty": 1,
        "subject novelty": 0,
        "object novelty": 0,
        "overlaps subject-predicate": 0,
        "overlaps predicate-object": 0,
        "trust": 0.5,
        "Average degree": 10.98320610687023,
        "Sparseness": 0.0068387623098887015,
        "Shortest path": 2.6313887527137756,
        "Total triples": 3597.0,
        "Total classes": 24,
        "Total predicates": 12,
        "Average population": 16.666666666666668,
        "Total claims": 13.0,
        "Total perspectives": 12.0,
        "Total conflicts": 0,
        "Total sources": 1.0,
        "Ratio claims to triples": 0.003614122880177926,
        "Ratio perspectives to triples": 0.003336113427856547,
        "Ratio conflicts to triples": 0.0,
        "Ratio perspectives to claims": 0.9230769230769231,
        "Ratio conflicts to claims": 0.0
    },
    {
        "turn": 11,
        "cardinality conflicts": 0,
        "negation conflicts": 0,
        "subject gaps": 2,
        "object gaps": 2,
        "statement novelty": 0,
        "subject novelty": 0,
        "object novelty": 1,
        "overlaps subject-predicate": 0,
        "overlaps predicate-object": 0,
        "trust": 0.5,
        "Average degree": 10.97751124437781,
        "Sparseness": 0.006718529790576975,
        "Shortest path": 2.640675157916537,
        "Total triples": 3661.0,
        "Total classes": 24,
        "Total predicates": 12,
        "Average population": 17.11764705882353,
        "Total claims": 14.0,
        "Total perspectives": 13.0,
        "Total conflicts": 0,
        "Total sources": 1.0,
        "Ratio claims to triples": 0.0038240917782026767,
        "Ratio perspectives to triples": 0.0035509423654739142,
        "Ratio conflicts to triples": 0.0,
        "Ratio perspectives to claims": 0.9285714285714286,
        "Ratio conflicts to claims": 0.0
    },
    {
        "turn": 13,
        "cardinality conflicts": 0,
        "negation conflicts": 0,
        "subject gaps": 2,
        "object gaps": 2,
        "statement novelty": 1,
        "subject novelty": 0,
        "object novelty": 0,
        "overlaps subject-predicate": 0,
        "overlaps predicate-object": 0,
        "trust": 0.5,
        "Average degree": 11.011904761904763,
        "Sparseness": 0.006685356434240363,
        "Shortest path": 2.644569228585622,
        "Total triples": 3700.0,
        "Total classes": 24,
        "Total predicates": 12,
        "Average population": 17.294117647058822,
        "Total claims": 14.0,
        "Total perspectives": 13.0,
        "Total conflicts": 0,
        "Total sources": 1.0,
        "Ratio claims to triples": 0.0037837837837837837,
        "Ratio perspectives to triples": 0.0035135135135135136,
        "Ratio conflicts to triples": 0.0,
        "Ratio perspectives to claims": 0.9285714285714286,
        "Ratio conflicts to claims": 0.0
    },
    {
        "turn": 15,
        "cardinality conflicts": 0,
        "negation conflicts": 0,
        "subject gaps": 2,
        "object gaps": 2,
        "statement novelty": 1,
        "subject novelty": 0,
        "object novelty": 0,
        "overlaps subject-predicate": 0,
        "overlaps predicate-object": 0,
        "trust": 0.5,
        "Average degree": 11.045790251107828,
        "Sparseness": 0.0066524265320326665,
        "Shortest path": 2.64840970868695,
        "Total triples": 3739.0,
        "Total classes": 24,
        "Total predicates": 12,
        "Average population": 17.470588235294116,
        "Total claims": 14.0,
        "Total perspectives": 13.0,
        "Total conflicts": 0,
        "Total sources": 1.0,
        "Ratio claims to triples": 0.003744316662209147,
        "Ratio perspectives to triples": 0.0034768654720513507,
        "Ratio conflicts to triples": 0.0,
        "Ratio perspectives to claims": 0.9285714285714286,
        "Ratio conflicts to claims": 0.0
    },
    {
        "turn": 17,
        "cardinality conflicts": 0,
        "negation conflicts": 0,
        "subject gaps": 2,
        "object gaps": 2,
        "statement novelty": 0,
        "subject novelty": 0,
        "object novelty": 1,
        "overlaps subject-predicate": 0,
        "overlaps predicate-object": 0,
        "trust": 0.5,
        "Average degree": 11.039187227866472,
        "Sparseness": 0.006538577395986274,
        "Shortest path": 2.657128632666149,
        "Total triples": 3803.0,
        "Total classes": 24,
        "Total predicates": 12,
        "Average population": 17.92156862745098,
        "Total claims": 15.0,
        "Total perspectives": 14.0,
        "Total conflicts": 0,
        "Total sources": 1.0,
        "Ratio claims to triples": 0.003944254535892716,
        "Ratio perspectives to triples": 0.0036813042334998686,
        "Ratio conflicts to triples": 0.0,
        "Ratio perspectives to claims": 0.9333333333333333,
        "Ratio conflicts to claims": 0.0
    },
    {
        "turn": 19,
        "cardinality conflicts": 0,
        "negation conflicts": 0,
        "subject gaps": 2,
        "object gaps": 2,
        "statement novelty": 1,
        "subject novelty": 0,
        "object novelty": 0,
        "overlaps subject-predicate": 0,
        "overlaps predicate-object": 0,
        "trust": 0.5,
        "Average degree": 11.072046109510087,
        "Sparseness": 0.006506988680248154,
        "Shortest path": 2.660794856760275,
        "Total triples": 3842.0,
        "Total classes": 24,
        "Total predicates": 12,
        "Average population": 18.098039215686274,
        "Total claims": 15.0,
        "Total perspectives": 14.0,
        "Total conflicts": 0,
        "Total sources": 1.0,
        "Ratio claims to triples": 0.0039042165538781884,
        "Ratio perspectives to triples": 0.003643935450286309,
        "Ratio conflicts to triples": 0.0,
        "Ratio perspectives to claims": 0.9333333333333333,
        "Ratio conflicts to claims": 0.0
    }
]