[
    {
        "turn": 0,
        "cardinality conflicts": 0,
        "negation conflicts": 0,
        "subject gaps": 2,
        "object gaps": 2,
        "statement novelty": 0,
        "subject novelty": 1,
        "object novelty": 1,
        "overlaps subject-predicate": 0,
        "overlaps predicate-object": 0,
        "trust": 0.5,
        "Average degree": 10.860759493670885,
        "Sparseness": 0.007022612562089409,
        "Shortest path": 2.614355353166563,
        "Total triples": 3432.0,
        "Total classes": 24,
        "Total predicates": 12,
        "Average population": 15.862745098039216,
        "Total claims": 13.0,
        "Total perspectives": 12.0,
        "Total conflicts": 0,
        "Total sources": 1.0,
        "Ratio claims to triples": 0.003787878787878788,
        "Ratio perspectives to triples": 0.0034965034965034965,
        "Ratio conflicts to triples": 0.0,
        "Ratio perspectives to claims": 0.9230769230769231,
        "Ratio conflicts to claims": 0.0
    },
    {
        "turn": 3,
        "cardinality conflicts": 0,
        "negation conflicts": 0,
        "subject gaps": 2,
        "object gaps": 2,
        "statement novelty": 1,
        "subject novelty": 0,
        "object novelty": 0,
        "overlaps subject-predicate": 0,
        "overlaps predicate-object": 0,
        "trust": 0.5,
        "Average degree": 10.890282131661442,
        "Sparseness": 0.006972219219543833,
        "Shortest path": 2.617727100485721,
        "Total triples": 3474.0,
        "Total classes": 24,
        "Total predicates": 12,
        "Average population": 16.058823529411764,
        "Total claims": 13.0,
        "Total perspectives": 12.0,
        "Total conflicts": 0,
        "Total sources": 1.0,
        "Ratio claims to triples": 0.003742084052964882,
        "Ratio perspectives to triples": 0.0034542314335060447,
        "Ratio conflicts to triples": 0.0,
        "Ratio perspectives to claims": 0.9230769230769231,
        "Ratio conflicts to claims": 0.0
    },
    {
        "turn": 5,
        "cardinality conflicts": 0,
        "negation conflicts": 0,
        "subject gaps": 2,
        "object gaps": 2,
        "statement novelty": 0,
        "subject novelty": 0,
        "object novelty": 0,
        "overlaps subject-predicate": 0,
        "overlaps predicate-object": 1,
        "trust": 0.5,
        "Average degree": 10.901234567901234,
        "Sparseness": 0.00687538103947569,
        "Shortest path": 2.6263046921212814,
        "Total triples": 3532.0,
        "Total classes": 24,
        "Total predicates": 12,
        "Average population": 16.431372549019606,
        "Total claims": 14.0,
        "Total perspectives": 13.0,
        "Total conflicts": 0,
        "Total sources": 1.0,
        "Ratio claims to triples": 0.003963759909399773,
        "Ratio perspectives to triples": 0.003680634201585504,
        "Ratio conflicts to triples": 0.0,
        "Ratio perspectives to claims": 0.9285714285714286,
        "Ratio conflicts to claims": 0.0
    },
    {
        "turn": 7,
        "cardinality conflicts": 0,
        "negation conflicts": 0,
        "subject gaps": 2,
        "object gaps": 2,
        "statement novelty": 1,
        "subject novelty": 0,
        "object novelty": 0,
        "overlaps subject-predicate": 0,
        "overlaps predicate-object": 1,
        "trust": 0.5,
        "Average degree": 10.937212863705973,
        "Sparseness": 0.006840849982059478,
        "Shortest path": 2.630408027132912,
        "Total triples": 3571.0,
        "Total classes": 24,
        "Total predicates": 12,
        "Average population": 16.607843137254903,
        "Total claims": 14.0,
        "Total perspectives": 13.0,
        "Total conflicts": 0,
        "Total sources": 1.0,
        "Ratio claims to triples": 0.003920470456454775,
        "Ratio perspectives to triples": 0.0036404368524222907,
        "Ratio conflicts to triples": 0.0,
        "Ratio perspectives to claims": 0.9285714285714286,
        "Ratio conflicts to claims": 0.0
    },
    {
        "turn": 9,
        "cardinality conflicts": 0,
        "negation conflicts": 0,
        "subject gaps": 2,
        "object gaps": 2,
        "statement novelty": 1,
        "subject novelty": 0,
        "object novelty": 0,
        "overlaps subject-predicate": 0,
        "overlaps predicate-object": 1,
        "trust": 0.5,
        "Average degree": 10.972644376899696,
        "Sparseness": 0.006806570523184376,
        "Shortest path": 2.63445337330502,
        "Total triples": 3610.0,
        "Total classes": 24,
        "Total predicates": 12,
        "Average population": 16.784313725490197,
        "Total claims": 14.0,
        "Total perspectives": 13.0,
        "Total conflicts": 0,
        "Total sources": 1.0,
        "Ratio claims to triples": 0.003878116343490305,
        "Ratio perspectives to triples": 0.003601108033240997,
        "Ratio conflicts to triples": 0.0,
        "Ratio perspectives to claims": 0.9285714285714286,
        "Ratio conflicts to claims": 0.0
    },
    {
        "turn": 11,
        "cardinality conflicts": 0,
        "negation conflicts": 0,
        "subject gaps": 2,
        "object gaps": 2,
        "statement novelty": 1,
        "subject novelty": 0,
        "object novelty": 0,
        "overlaps subject-predicate": 0,
        "overlaps predicate-object": 1,
        "trust": 0.5,
        "Average degree": 11.007541478129713,
        "Sparseness": 0.006772543104723036,
        "Shortest path": 2.638441944288754,
        "Total triples": 3649.0,
        "Total classes": 24,
        "Total predicates": 12,
        "Average population": 16.96078431372549,
        "Total claims": 14.0,
        "Total perspectives": 13.0,
        "Total conflicts": 0,
        "Total sources": 1.0,
        "Ratio claims to triples": 0.0038366675801589476,
        "Ratio perspectives to triples": 0.00356261989586188,
        "Ratio conflicts to triples": 0.0,
        "Ratio perspectives to claims": 0.9285714285714286,
        "Ratio conflicts to claims": 0.0
    },
    {
        "turn": 13,
        "cardinality conflicts": 0,
        "negation conflicts": 0,
        "subject gaps": 2,
        "object gaps": 2,
        "statement novelty": 0,
        "subject novelty": 0,
        "object novelty": 0,
        "overlaps subject-predicate": 0,
        "overlaps predicate-object": 1,
        "trust": 0.5,
        "Average degree": 11.016344725111441,
        "Sparseness": 0.006680958825776225,
        "Shortest path": 2.6464259180641054,
        "Total triples": 3707.0,
        "Total classes": 24,
        "Total predicates": 12,
        "Average population": 17.333333333333332,
        "Total claims": 15.0,
        "Total perspectives": 14.0,
        "Total conflicts": 0,
        "Total sources": 1.0,
        "Ratio claims to triples": 0.004046398705152414,
        "Ratio perspectives to triples": 0.0037766387914755866,
        "Ratio conflicts to triples": 0.0,
        "Ratio perspectives to claims": 0.9333333333333333,
        "Ratio conflicts to claims": 0.0
    },
    {
        "turn": 15,
        "cardinality conflicts": 0,
        "negation conflicts": 0,
        "subject gaps": 2,
        "object gaps": 2,
        "statement novelty": 1,
        "subject novelty": 0,
        "object novelty": 0,
        "overlaps subject-predicate": 0,
        "overlaps predicate-object": 1,
        "trust": 0.5,
        "Average degree": 11.050147492625369,
        "Sparseness": 0.006648045178862001,
        "Shortest path": 2.650248580628576,
        "Total triples": 3746.0,
        "Total classes": 24,
        "Total predicates": 12,
        "Average population": 17.50980392156863,
        "Total claims": 15.0,
        "Total perspectives": 14.0,
        "Total conflicts": 0,
        "Total sources": 1.0,
        "Ratio claims to triples": 0.00400427122263748,
        "Ratio perspectives to triples": 0.0037373198077949813,
        "Ratio conflicts to triples": 0.0,
        "Ratio perspectives to claims": 0.9333333333333333,
        "Ratio conflicts to claims": 0.0
    },
    {
        "turn": 17,
        "cardinality conflicts": 0,
        "negation conflicts": 0,
        "subject gaps": 2,
        "object gaps": 2,
        "statement novelty": 1,
        "subject novelty": 0,
        "object novelty": 0,
        "overlaps subject-predicate": 0,
        "overlaps predicate-object": 2,
        "trust": 0.5,
        "Average degree": 11.083455344070279,
        "Sparseness": 0.0066153757108956485,
        "Shortest path": 2.654019055143128,
        "Total triples": 3785.0,
        "Total classes": 24,
        "Total predicates": 12,
        "Average population": 17.686274509803923,
        "Total claims": 15.0,
        "Total perspectives": 14.0,
        "Total conflicts": 0,
        "Total sources": 1.0,
        "Ratio claims to triples": 0.003963011889035667,
        "Ratio perspectives to triples": 0.0036988110964332895,
        "Ratio conflicts to triples": 0.0,
        "Ratio perspectives to claims": 0.9333333333333333,
        "Ratio conflicts to claims": 0.0
    },
    {
        "turn": 19,
        "cardinality conflicts": 0,
        "negation conflicts": 0,
        "subject gaps": 2,
        "object gaps": 2,
        "statement novelty": 0,
        "subject novelty": 0,
        "object novelty": 1,
        "overlaps subject-predicate": 0,
        "overlaps predicate-object": 0,
        "trust": 0.5,
        "Average degree": 11.076258992805755,
        "Sparseness": 0.00650276900781533,
        "Shortest path": 2.662575415172185,
        "Total triples": 3849.0,
        "Total classes": 24,
        "Total predicates": 12,
        "Average population": 18.137254901960784,
        "Total claims": 16.0,
        "Total perspectives": 15.0,
        "Total conflicts": 0,
        "Total sources": 1.0,
        "Ratio claims to triples": 0.004156923876331515,
        "Ratio perspectives to triples": 0.003897116134060795,
        "Ratio conflicts to triples": 0.0,
        "Ratio perspectives to claims": 0.9375,
        "Ratio conflicts to claims": 0.0
    }
]