[
    {
        "turn": 0,
        "cardinality conflicts": 0,
        "negation conflicts": 0,
        "subject gaps": 2,
        "object gaps": 2,
        "statement novelty": 0,
        "subject novelty": 0,
        "object novelty": 1,
        "overlaps subject-predicate": 0,
        "overlaps predicate-object": 0,
        "trust": 0.5,
        "Average degree": 11.011570247933884,
        "Sparseness": 0.007387473533228605,
        "Shortest path": 2.5957364128947513,
        "Total triples": 3331.0,
        "Total classes": 24,
        "Total predicates": 12,
        "Average population": 14.72549019607843,
        "Total claims": 10.0,
        "Total perspectives": 9.0,
        "Total conflicts": 0,
        "Total sources": 1.0,
        "Ratio claims to triples": 0.003002101471029721,
        "Ratio perspectives to triples": 0.002701891323926749,
        "Ratio conflicts to triples": 0.0,
        "Ratio perspectives to claims": 0.9,
        "Ratio conflicts to claims": 0.0
    },
    {
        "turn": 3,
        "cardinality conflicts": 0,
        "negation conflicts": 0,
        "subject gaps": 2,
        "object gaps": 2,
        "statement novelty": 1,
        "subject novelty": 0,
        "object novelty": 0,
        "overlaps subject-predicate": 0,
        "overlaps predicate-object": 0,
        "trust": 0.5,
        "Average degree": 11.040916530278233,
        "Sparseness": 0.007331492201081643,
        "Shortest path": 2.599425827050522,
        "Total triples": 3373.0,
        "Total classes": 24,
        "Total predicates": 12,
        "Average population": 14.92156862745098,
        "Total claims": 10.0,
        "Total perspectives": 9.0,
        "Total conflicts": 0,
        "Total sources": 1.0,
        "Ratio claims to triples": 0.0029647198339756895,
        "Ratio perspectives to triples": 0.0026682478505781204,
        "Ratio conflicts to triples": 0.0,
        "Ratio perspectives to claims": 0.9,
        "Ratio conflicts to claims": 0.0
    },
    {
        "turn": 5,
        "cardinality conflicts": 0,
        "negation conflicts": 0,
        "subject gaps": 2,
        "object gaps": 2,
        "statement novelty": 0,
        "subject novelty": 0,
        "object novelty": 1,
        "overlaps subject-predicate": 2,
        "overlaps predicate-object": 0,
        "trust": 0.5,
        "Average degree": 11.03370786516854,
        "Sparseness": 0.007193484640415944,
        "Shortest path": 2.609936362275681,
        "Total triples": 3437.0,
        "Total classes": 24,
        "Total predicates": 12,
        "Average population": 15.372549019607844,
        "Total claims": 11.0,
        "Total perspectives": 10.0,
        "Total conflicts": 0,
        "Total sources": 1.0,
        "Ratio claims to triples": 0.003200465522257783,
        "Ratio perspectives to triples": 0.002909514111143439,
        "Ratio conflicts to triples": 0.0,
        "Ratio perspectives to claims": 0.9090909090909091,
        "Ratio conflicts to claims": 0.0
    },
    {
        "turn": 7,
        "cardinality conflicts": 0,
        "negation conflicts": 0,
        "subject gaps": 2,
        "object gaps": 2,
        "statement novelty": 1,
        "subject novelty": 0,
        "object novelty": 0,
        "overlaps subject-predicate": 2,
        "overlaps predicate-object": 0,
        "trust": 0.5,
        "Average degree": 11.070063694267516,
        "Sparseness": 0.007155462696255426,
        "Shortest path": 2.614319527829417,
        "Total triples": 3476.0,
        "Total classes": 24,
        "Total predicates": 12,
        "Average population": 15.549019607843137,
        "Total claims": 11.0,
        "Total perspectives": 10.0,
        "Total conflicts": 0,
        "Total sources": 1.0,
        "Ratio claims to triples": 0.0031645569620253164,
        "Ratio perspectives to triples": 0.0028768699654775605,
        "Ratio conflicts to triples": 0.0,
        "Ratio perspectives to claims": 0.9090909090909091,
        "Ratio conflicts to claims": 0.0
    },
    {
        "turn": 9,
        "cardinality conflicts": 0,
        "negation conflicts": 0,
        "subject gaps": 2,
        "object gaps": 2,
        "statement novelty": 1,
        "subject novelty": 0,
        "object novelty": 0,
        "overlaps subject-predicate": 2,
        "overlaps predicate-object": 0,
        "trust": 0.5,
        "Average degree": 11.105845181674566,
        "Sparseness": 0.007117739693378156,
        "Shortest path": 2.6186383906253123,
        "Total triples": 3515.0,
        "Total classes": 24,
        "Total predicates": 12,
        "Average population": 15.72549019607843,
        "Total claims": 11.0,
        "Total perspectives": 10.0,
        "Total conflicts": 0,
        "Total sources": 1.0,
        "Ratio claims to triples": 0.0031294452347083927,
        "Ratio perspectives to triples": 0.002844950213371266,
        "Ratio conflicts to triples": 0.0,
        "Ratio perspectives to claims": 0.9090909090909091,
        "Ratio conflicts to claims": 0.0
    },
    {
        "turn": 11,
        "cardinality conflicts": 0,
        "negation conflicts": 0,
        "subject gaps": 2,
        "object gaps": 2,
        "statement novelty": 0,
        "subject novelty": 0,
        "object novelty": 1,
        "overlaps subject-predicate": 0,
        "overlaps predicate-object": 0,
        "trust": 0.5,
        "Average degree": 11.097674418604651,
        "Sparseness": 0.0069875608436992965,
        "Shortest path": 2.628465501468535,
        "Total triples": 3579.0,
        "Total classes": 24,
        "Total predicates": 12,
        "Average population": 16.176470588235293,
        "Total claims": 12.0,
        "Total perspectives": 11.0,
        "Total conflicts": 0,
        "Total sources": 1.0,
        "Ratio claims to triples": 0.003352891869237217,
        "Ratio perspectives to triples": 0.003073484213467449,
        "Ratio conflicts to triples": 0.0,
        "Ratio perspectives to claims": 0.9166666666666666,
        "Ratio conflicts to claims": 0.0
    },
    {
        "turn": 13,
        "cardinality conflicts": 0,
        "negation conflicts": 0,
        "subject gaps": 2,
        "object gaps": 2,
        "statement novelty": 1,
        "subject novelty": 0,
        "object novelty": 0,
        "overlaps subject-predicate": 0,
        "overlaps predicate-object": 0,
        "trust": 0.5,
        "Average degree": 11.132307692307693,
        "Sparseness": 0.006951479289940828,
        "Shortest path": 2.632575560033187,
        "Total triples": 3618.0,
        "Total classes": 24,
        "Total predicates": 12,
        "Average population": 16.352941176470587,
        "Total claims": 12.0,
        "Total perspectives": 11.0,
        "Total conflicts": 0,
        "Total sources": 1.0,
        "Ratio claims to triples": 0.003316749585406302,
        "Ratio perspectives to triples": 0.0030403537866224434,
        "Ratio conflicts to triples": 0.0,
        "Ratio perspectives to claims": 0.9166666666666666,
        "Ratio conflicts to claims": 0.0
    },
    {
        "turn": 15,
        "cardinality conflicts": 0,
        "negation conflicts": 0,
        "subject gaps": 2,
        "object gaps": 2,
        "statement novelty": 0,
        "subject novelty": 0,
        "object novelty": 1,
        "overlaps subject-predicate": 0,
        "overlaps predicate-object": 0,
        "trust": 0.5,
        "Average degree": 11.123867069486405,
        "Sparseness": 0.006827246921806117,
        "Shortest path": 2.641918543267319,
        "Total triples": 3682.0,
        "Total classes": 24,
        "Total predicates": 12,
        "Average population": 16.80392156862745,
        "Total claims": 13.0,
        "Total perspectives": 12.0,
        "Total conflicts": 0,
        "Total sources": 1.0,
        "Ratio claims to triples": 0.0035306898424769147,
        "Ratio perspectives to triples": 0.0032590983161325366,
        "Ratio conflicts to triples": 0.0,
        "Ratio perspectives to claims": 0.9230769230769231,
        "Ratio conflicts to claims": 0.0
    },
    {
        "turn": 17,
        "cardinality conflicts": 0,
        "negation conflicts": 0,
        "subject gaps": 2,
        "object gaps": 2,
        "statement novelty": 0,
        "subject novelty": 1,
        "object novelty": 0,
        "overlaps subject-predicate": 0,
        "overlaps predicate-object": 1,
        "trust": 0.5,
        "Average degree": 11.11572700296736,
        "Sparseness": 0.006707376132571388,
        "Shortest path": 2.6509406925013557,
        "Total triples": 3746.0,
        "Total classes": 24,
        "Total predicates": 12,
        "Average population": 17.254901960784313,
        "Total claims": 14.0,
        "Total perspectives": 13.0,
        "Total conflicts": 0,
        "Total sources": 1.0,
        "Ratio claims to triples": 0.0037373198077949813,
        "Ratio perspectives to triples": 0.0034703683929524828,
        "Ratio conflicts to triples": 0.0,
        "Ratio perspectives to claims": 0.9285714285714286,
        "Ratio conflicts to claims": 0.0
    },
    {
        "turn": 19,
        "cardinality conflicts": 0,
        "negation conflicts": 0,
        "subject gaps": 2,
        "object gaps": 2,
        "statement novelty": 1,
        "subject novelty": 0,
        "object novelty": 0,
        "overlaps subject-predicate": 0,
        "overlaps predicate-object": 1,
        "trust": 0.5,
        "Average degree": 11.148748159057437,
        "Sparseness": 0.006674026821909548,
        "Shortest path": 2.6547282356058926,
        "Total triples": 3785.0,
        "Total classes": 24,
        "Total predicates": 12,
        "Average population": 17.431372549019606,
        "Total claims": 14.0,
        "Total perspectives": 13.0,
        "Total conflicts": 0,
        "Total sources": 1.0,
        "Ratio claims to triples": 0.0036988110964332895,
        "Ratio perspectives to triples": 0.0034346103038309117,
        "Ratio conflicts to triples": 0.0,
        "Ratio perspectives to claims": 0.9285714285714286,
        "Ratio conflicts to claims": 0.0
    }
]