[
    {
        "turn": 0,
        "cardinality conflicts": 0,
        "negation conflicts": 0,
        "subject gaps": 2,
        "object gaps": 2,
        "statement novelty": 0,
        "subject novelty": 0,
        "object novelty": 1,
        "overlaps subject-predicate": 0,
        "overlaps predicate-object": 0,
        "trust": 0.5,
        "Average degree": 10.62431941923775,
        "Sparseness": 0.007882055724454136,
        "Shortest path": 2.542214156079855,
        "Total triples": 2927.0,
        "Total classes": 24,
        "Total predicates": 12,
        "Average population": 12.92156862745098,
        "Total claims": 10.0,
        "Total perspectives": 9.0,
        "Total conflicts": 0,
        "Total sources": 1.0,
        "Ratio claims to triples": 0.0034164673727365906,
        "Ratio perspectives to triples": 0.0030748206354629312,
        "Ratio conflicts to triples": 0.0,
        "Ratio perspectives to claims": 0.9,
        "Ratio conflicts to claims": 0.0
    },
    {
        "turn": 3,
        "cardinality conflicts": 0,
        "negation conflicts": 0,
        "subject gaps": 2,
        "object gaps": 2,
        "statement novelty": 0,
        "subject novelty": 1,
        "object novelty": 1,
        "overlaps subject-predicate": 0,
        "overlaps predicate-object": 0,
        "trust": 0.5,
        "Average degree": 10.60070671378092,
        "Sparseness": 0.007669592578256689,
        "Shortest path": 2.555564589261703,
        "Total triples": 3000.0,
        "Total classes": 24,
        "Total predicates": 12,
        "Average population": 13.470588235294118,
        "Total claims": 11.0,
        "Total perspectives": 10.0,
        "Total conflicts": 0,
        "Total sources": 1.0,
        "Ratio claims to triples": 0.0036666666666666666,
        "Ratio perspectives to triples": 0.0033333333333333335,
        "Ratio conflicts to triples": 0.0,
        "Ratio perspectives to claims": 0.9090909090909091,
        "Ratio conflicts to claims": 0.0
    },
    {
        "turn": 5,
        "cardinality conflicts": 0,
        "negation conflicts": 0,
        "subject gaps": 2,
        "object gaps": 2,
        "statement novelty": 0,
        "subject novelty": 1,
        "object novelty": 1,
        "overlaps subject-predicate": 0,
        "overlaps predicate-object": 0,
        "trust": 0.5,
        "Average degree": 10.586206896551724,
        "Sparseness": 0.007485136741973841,
        "Shortest path": 2.5692037400988625,
        "Total triples": 3070.0,
        "Total classes": 24,
        "Total predicates": 12,
        "Average population": 14.0,
        "Total claims": 12.0,
        "Total perspectives": 11.0,
        "Total conflicts": 0,
        "Total sources": 1.0,
        "Ratio claims to triples": 0.003908794788273616,
        "Ratio perspectives to triples": 0.0035830618892508143,
        "Ratio conflicts to triples": 0.0,
        "Ratio perspectives to claims": 0.9166666666666666,
        "Ratio conflicts to claims": 0.0
    },
    {
        "turn": 7,
        "cardinality conflicts": 0,
        "negation conflicts": 0,
        "subject gaps": 2,
        "object gaps": 2,
        "statement novelty": 0,
        "subject novelty": 1,
        "object novelty": 1,
        "overlaps subject-predicate": 0,
        "overlaps predicate-object": 0,
        "trust": 0.5,
        "Average degree": 10.572390572390573,
        "Sparseness": 0.007309344851432394,
        "Shortest path": 2.582224720504653,
        "Total triples": 3140.0,
        "Total classes": 24,
        "Total predicates": 12,
        "Average population": 14.529411764705882,
        "Total claims": 13.0,
        "Total perspectives": 12.0,
        "Total conflicts": 0,
        "Total sources": 1.0,
        "Ratio claims to triples": 0.004140127388535032,
        "Ratio perspectives to triples": 0.003821656050955414,
        "Ratio conflicts to triples": 0.0,
        "Ratio perspectives to claims": 0.9230769230769231,
        "Ratio conflicts to claims": 0.0
    },
    {
        "turn": 9,
        "cardinality conflicts": 0,
        "negation conflicts": 0,
        "subject gaps": 2,
        "object gaps": 2,
        "statement novelty": 0,
        "subject novelty": 1,
        "object novelty": 0,
        "overlaps subject-predicate": 0,
        "overlaps predicate-object": 1,
        "trust": 0.5,
        "Average degree": 10.574257425742575,
        "Sparseness": 0.007172499428160638,
        "Shortest path": 2.5933066033876115,
        "Total triples": 3204.0,
        "Total classes": 24,
        "Total predicates": 12,
        "Average population": 14.980392156862745,
        "Total claims": 14.0,
        "Total perspectives": 13.0,
        "Total conflicts": 0,
        "Total sources": 1.0,
        "Ratio claims to triples": 0.004369538077403246,
        "Ratio perspectives to triples": 0.004057428214731586,
        "Ratio conflicts to triples": 0.0,
        "Ratio perspectives to claims": 0.9285714285714286,
        "Ratio conflicts to claims": 0.0
    },
    {
        "turn": 11,
        "cardinality conflicts": 0,
        "negation conflicts": 0,
        "subject gaps": 2,
        "object gaps": 2,
        "statement novelty": 0,
        "subject novelty": 0,
        "object novelty": 1,
        "overlaps subject-predicate": 0,
        "overlaps predicate-object": 0,
        "trust": 0.5,
        "Average degree": 10.576051779935275,
        "Sparseness": 0.007040667776835182,
        "Shortest path": 2.603976858481115,
        "Total triples": 3268.0,
        "Total classes": 24,
        "Total predicates": 12,
        "Average population": 15.431372549019608,
        "Total claims": 15.0,
        "Total perspectives": 14.0,
        "Total conflicts": 0,
        "Total sources": 1.0,
        "Ratio claims to triples": 0.004589963280293758,
        "Ratio perspectives to triples": 0.004283965728274173,
        "Ratio conflicts to triples": 0.0,
        "Ratio perspectives to claims": 0.9333333333333333,
        "Ratio conflicts to claims": 0.0
    },
    {
        "turn": 13,
        "cardinality conflicts": 0,
        "negation conflicts": 0,
        "subject gaps": 2,
        "object gaps": 2,
        "statement novelty": 1,
        "subject novelty": 0,
        "object novelty": 0,
        "overlaps subject-predicate": 0,
        "overlaps predicate-object": 0,
        "trust": 0.5,
        "Average degree": 10.616372391653291,
        "Sparseness": 0.007005402842869252,
        "Shortest path": 2.608424127626411,
        "Total triples": 3307.0,
        "Total classes": 24,
        "Total predicates": 12,
        "Average population": 15.607843137254902,
        "Total claims": 15.0,
        "Total perspectives": 14.0,
        "Total conflicts": 0,
        "Total sources": 1.0,
        "Ratio claims to triples": 0.004535833081342607,
        "Ratio perspectives to triples": 0.0042334442092530995,
        "Ratio conflicts to triples": 0.0,
        "Ratio perspectives to claims": 0.9333333333333333,
        "Ratio conflicts to claims": 0.0
    },
    {
        "turn": 15,
        "cardinality conflicts": 0,
        "negation conflicts": 0,
        "subject gaps": 2,
        "object gaps": 2,
        "statement novelty": 1,
        "subject novelty": 0,
        "object novelty": 0,
        "overlaps subject-predicate": 0,
        "overlaps predicate-object": 0,
        "trust": 0.5,
        "Average degree": 10.656050955414013,
        "Sparseness": 0.006970363909286381,
        "Shortest path": 2.61280590010057,
        "Total triples": 3346.0,
        "Total classes": 24,
        "Total predicates": 12,
        "Average population": 15.784313725490197,
        "Total claims": 15.0,
        "Total perspectives": 14.0,
        "Total conflicts": 0,
        "Total sources": 1.0,
        "Ratio claims to triples": 0.004482964734010759,
        "Ratio perspectives to triples": 0.0041841004184100415,
        "Ratio conflicts to triples": 0.0,
        "Ratio perspectives to claims": 0.9333333333333333,
        "Ratio conflicts to claims": 0.0
    },
    {
        "turn": 17,
        "cardinality conflicts": 0,
        "negation conflicts": 0,
        "subject gaps": 2,
        "object gaps": 2,
        "statement novelty": 1,
        "subject novelty": 0,
        "object novelty": 0,
        "overlaps subject-predicate": 0,
        "overlaps predicate-object": 0,
        "trust": 0.5,
        "Average degree": 10.695102685624013,
        "Sparseness": 0.006935553509080609,
        "Shortest path": 2.6171236026956226,
        "Total triples": 3385.0,
        "Total classes": 24,
        "Total predicates": 12,
        "Average population": 15.96078431372549,
        "Total claims": 15.0,
        "Total perspectives": 14.0,
        "Total conflicts": 0,
        "Total sources": 1.0,
        "Ratio claims to triples": 0.004431314623338257,
        "Ratio perspectives to triples": 0.00413589364844904,
        "Ratio conflicts to triples": 0.0,
        "Ratio perspectives to claims": 0.9333333333333333,
        "Ratio conflicts to claims": 0.0
    },
    {
        "turn": 19,
        "cardinality conflicts": 0,
        "negation conflicts": 0,
        "subject gaps": 2,
        "object gaps": 2,
        "statement novelty": 0,
        "subject novelty": 0,
        "object novelty": 1,
        "overlaps subject-predicate": 0,
        "overlaps predicate-object": 0,
        "trust": 0.5,
        "Average degree": 10.694573643410854,
        "Sparseness": 0.0068120906195541136,
        "Shortest path": 2.6269488179498293,
        "Total triples": 3449.0,
        "Total classes": 24,
        "Total predicates": 12,
        "Average population": 16.41176470588235,
        "Total claims": 16.0,
        "Total perspectives": 15.0,
        "Total conflicts": 0,
        "Total sources": 1.0,
        "Ratio claims to triples": 0.004639025804581038,
        "Ratio perspectives to triples": 0.004349086691794723,
        "Ratio conflicts to triples": 0.0,
        "Ratio perspectives to claims": 0.9375,
        "Ratio conflicts to claims": 0.0
    }
]