[
    {
        "turn": 0,
        "cardinality conflicts": 0,
        "negation conflicts": 0,
        "subject gaps": 2,
        "object gaps": 2,
        "statement novelty": 0,
        "subject novelty": 1,
        "object novelty": 1,
        "overlaps subject-predicate": 0,
        "overlaps predicate-object": 0,
        "trust": 0.5,
        "Average degree": 10.780303030303031,
        "Sparseness": 0.00829315886134068,
        "Shortest path": 2.517142487493531,
        "Total triples": 2846.0,
        "Total classes": 24,
        "Total predicates": 12,
        "Average population": 12.019607843137255,
        "Total claims": 7.0,
        "Total perspectives": 6.0,
        "Total conflicts": 0,
        "Total sources": 1.0,
        "Ratio claims to triples": 0.002459592410400562,
        "Ratio perspectives to triples": 0.0021082220660576245,
        "Ratio conflicts to triples": 0.0,
        "Ratio perspectives to claims": 0.8571428571428571,
        "Ratio conflicts to claims": 0.0
    },
    {
        "turn": 3,
        "cardinality conflicts": 0,
        "negation conflicts": 0,
        "subject gaps": 2,
        "object gaps": 2,
        "statement novelty": 1,
        "subject novelty": 0,
        "object novelty": 0,
        "overlaps subject-predicate": 0,
        "overlaps predicate-object": 0,
        "trust": 0.5,
        "Average degree": 10.816479400749063,
        "Sparseness": 0.008223568853539817,
        "Shortest path": 2.5221100266318133,
        "Total triples": 2888.0,
        "Total classes": 24,
        "Total predicates": 12,
        "Average population": 12.215686274509803,
        "Total claims": 7.0,
        "Total perspectives": 6.0,
        "Total conflicts": 0,
        "Total sources": 1.0,
        "Ratio claims to triples": 0.0024238227146814403,
        "Ratio perspectives to triples": 0.002077562326869806,
        "Ratio conflicts to triples": 0.0,
        "Ratio perspectives to claims": 0.8571428571428571,
        "Ratio conflicts to claims": 0.0
    },
    {
        "turn": 5,
        "cardinality conflicts": 0,
        "negation conflicts": 0,
        "subject gaps": 2,
        "object gaps": 2,
        "statement novelty": 0,
        "subject novelty": 0,
        "object novelty": 1,
        "overlaps subject-predicate": 0,
        "overlaps predicate-object": 0,
        "trust": 0.5,
        "Average degree": 10.813186813186814,
        "Sparseness": 0.008050557501106951,
        "Shortest path": 2.535631952145714,
        "Total triples": 2952.0,
        "Total classes": 24,
        "Total predicates": 12,
        "Average population": 12.666666666666666,
        "Total claims": 8.0,
        "Total perspectives": 7.0,
        "Total conflicts": 0,
        "Total sources": 1.0,
        "Ratio claims to triples": 0.0027100271002710027,
        "Ratio perspectives to triples": 0.0023712737127371273,
        "Ratio conflicts to triples": 0.0,
        "Ratio perspectives to claims": 0.875,
        "Ratio conflicts to claims": 0.0
    },
    {
        "turn": 7,
        "cardinality conflicts": 0,
        "negation conflicts": 0,
        "subject gaps": 2,
        "object gaps": 2,
        "statement novelty": 0,
        "subject novelty": 1,
        "object novelty": 1,
        "overlaps subject-predicate": 0,
        "overlaps predicate-object": 0,
        "trust": 0.5,
        "Average degree": 10.792857142857143,
        "Sparseness": 0.007847576530612245,
        "Shortest path": 2.5502363915154613,
        "Total triples": 3022.0,
        "Total classes": 24,
        "Total predicates": 12,
        "Average population": 13.196078431372548,
        "Total claims": 9.0,
        "Total perspectives": 8.0,
        "Total conflicts": 0,
        "Total sources": 1.0,
        "Ratio claims to triples": 0.0029781601588352085,
        "Ratio perspectives to triples": 0.0026472534745201853,
        "Ratio conflicts to triples": 0.0,
        "Ratio perspectives to claims": 0.8888888888888888,
        "Ratio conflicts to claims": 0.0
    },
    {
        "turn": 9,
        "cardinality conflicts": 0,
        "negation conflicts": 0,
        "subject gaps": 2,
        "object gaps": 2,
        "statement novelty": 0,
        "subject novelty": 1,
        "object novelty": 1,
        "overlaps subject-predicate": 0,
        "overlaps predicate-object": 0,
        "trust": 0.5,
        "Average degree": 10.773519163763066,
        "Sparseness": 0.007654578785708215,
        "Shortest path": 2.5641558883801254,
        "Total triples": 3092.0,
        "Total classes": 24,
        "Total predicates": 12,
        "Average population": 13.72549019607843,
        "Total claims": 10.0,
        "Total perspectives": 9.0,
        "Total conflicts": 0,
        "Total sources": 1.0,
        "Ratio claims to triples": 0.003234152652005175,
        "Ratio perspectives to triples": 0.0029107373868046574,
        "Ratio conflicts to triples": 0.0,
        "Ratio perspectives to claims": 0.9,
        "Ratio conflicts to claims": 0.0
    },
    {
        "turn": 11,
        "cardinality conflicts": 0,
        "negation conflicts": 0,
        "subject gaps": 2,
        "object gaps": 2,
        "statement novelty": 1,
        "subject novelty": 0,
        "object novelty": 0,
        "overlaps subject-predicate": 0,
        "overlaps predicate-object": 0,
        "trust": 0.5,
        "Average degree": 10.815198618307427,
        "Sparseness": 0.007612434039989142,
        "Shortest path": 2.5692489735912654,
        "Total triples": 3131.0,
        "Total classes": 24,
        "Total predicates": 12,
        "Average population": 13.901960784313726,
        "Total claims": 10.0,
        "Total perspectives": 9.0,
        "Total conflicts": 0,
        "Total sources": 1.0,
        "Ratio claims to triples": 0.0031938677738741618,
        "Ratio perspectives to triples": 0.0028744809964867456,
        "Ratio conflicts to triples": 0.0,
        "Ratio perspectives to claims": 0.9,
        "Ratio conflicts to claims": 0.0
    },
    {
        "turn": 13,
        "cardinality conflicts": 0,
        "negation conflicts": 0,
        "subject gaps": 2,
        "object gaps": 2,
        "statement novelty": 1,
        "subject novelty": 0,
        "object novelty": 0,
        "overlaps subject-predicate": 0,
        "overlaps predicate-object": 0,
        "trust": 0.5,
        "Average degree": 10.856164383561644,
        "Sparseness": 0.007570604240945768,
        "Shortest path": 2.574261613289786,
        "Total triples": 3170.0,
        "Total classes": 24,
        "Total predicates": 12,
        "Average population": 14.07843137254902,
        "Total claims": 10.0,
        "Total perspectives": 9.0,
        "Total conflicts": 0,
        "Total sources": 1.0,
        "Ratio claims to triples": 0.0031545741324921135,
        "Ratio perspectives to triples": 0.0028391167192429023,
        "Ratio conflicts to triples": 0.0,
        "Ratio perspectives to claims": 0.9,
        "Ratio conflicts to claims": 0.0
    },
    {
        "turn": 15,
        "cardinality conflicts": 0,
        "negation conflicts": 0,
        "subject gaps": 2,
        "object gaps": 2,
        "statement novelty": 0,
        "subject novelty": 0,
        "object novelty": 1,
        "overlaps subject-predicate": 0,
        "overlaps predicate-object": 0,
        "trust": 0.5,
        "Average degree": 10.85234899328859,
        "Sparseness": 0.007423652087743795,
        "Shortest path": 2.5856973661948,
        "Total triples": 3234.0,
        "Total classes": 24,
        "Total predicates": 12,
        "Average population": 14.529411764705882,
        "Total claims": 11.0,
        "Total perspectives": 10.0,
        "Total conflicts": 0,
        "Total sources": 1.0,
        "Ratio claims to triples": 0.003401360544217687,
        "Ratio perspectives to triples": 0.0030921459492888066,
        "Ratio conflicts to triples": 0.0,
        "Ratio perspectives to claims": 0.9090909090909091,
        "Ratio conflicts to claims": 0.0
    },
    {
        "turn": 17,
        "cardinality conflicts": 0,
        "negation conflicts": 0,
        "subject gaps": 2,
        "object gaps": 2,
        "statement novelty": 1,
        "subject novelty": 0,
        "object novelty": 0,
        "overlaps subject-predicate": 0,
        "overlaps predicate-object": 0,
        "trust": 0.5,
        "Average degree": 10.891846921797004,
        "Sparseness": 0.0073837004880938865,
        "Shortest path": 2.5904492512479202,
        "Total triples": 3273.0,
        "Total classes": 24,
        "Total predicates": 12,
        "Average population": 14.705882352941176,
        "Total claims": 11.0,
        "Total perspectives": 10.0,
        "Total conflicts": 0,
        "Total sources": 1.0,
        "Ratio claims to triples": 0.003360831041857623,
        "Ratio perspectives to triples": 0.0030553009471432934,
        "Ratio conflicts to triples": 0.0,
        "Ratio perspectives to claims": 0.9090909090909091,
        "Ratio conflicts to claims": 0.0
    },
    {
        "turn": 19,
        "cardinality conflicts": 0,
        "negation conflicts": 0,
        "subject gaps": 2,
        "object gaps": 2,
        "statement novelty": 0,
        "subject novelty": 1,
        "object novelty": 1,
        "overlaps subject-predicate": 0,
        "overlaps predicate-object": 0,
        "trust": 0.5,
        "Average degree": 10.871544715447154,
        "Sparseness": 0.007212637980038337,
        "Shortest path": 2.6026058631921822,
        "Total triples": 3343.0,
        "Total classes": 24,
        "Total predicates": 12,
        "Average population": 15.235294117647058,
        "Total claims": 12.0,
        "Total perspectives": 11.0,
        "Total conflicts": 0,
        "Total sources": 1.0,
        "Ratio claims to triples": 0.0035895901884534847,
        "Ratio perspectives to triples": 0.003290457672749028,
        "Ratio conflicts to triples": 0.0,
        "Ratio perspectives to claims": 0.9166666666666666,
        "Ratio conflicts to claims": 0.0
    }
]