[
    {
        "turn": 0,
        "cardinality conflicts": 0,
        "negation conflicts": 0,
        "subject gaps": 2,
        "object gaps": 2,
        "statement novelty": 0,
        "subject novelty": 1,
        "object novelty": 0,
        "overlaps subject-predicate": 0,
        "overlaps predicate-object": 1,
        "trust": 0.5,
        "Average degree": 10.522045855379188,
        "Sparseness": 0.007617678987461469,
        "Shortest path": 2.558347511233259,
        "Total triples": 2983.0,
        "Total classes": 24,
        "Total predicates": 12,
        "Average population": 13.549019607843137,
        "Total claims": 12.0,
        "Total perspectives": 11.0,
        "Total conflicts": 0,
        "Total sources": 1.0,
        "Ratio claims to triples": 0.004022795843110962,
        "Ratio perspectives to triples": 0.0036875628561850488,
        "Ratio conflicts to triples": 0.0,
        "Ratio perspectives to claims": 0.9166666666666666,
        "Ratio conflicts to claims": 0.0
    },
    {
        "turn": 3,
        "cardinality conflicts": 0,
        "negation conflicts": 0,
        "subject gaps": 2,
        "object gaps": 2,
        "statement novelty": 1,
        "subject novelty": 1,
        "object novelty": 0,
        "overlaps subject-predicate": 0,
        "overlaps predicate-object": 2,
        "trust": 0.5,
        "Average degree": 10.564459930313589,
        "Sparseness": 0.007554419745292525,
        "Shortest path": 2.561595855300363,
        "Total triples": 3032.0,
        "Total classes": 24,
        "Total predicates": 12,
        "Average population": 13.823529411764707,
        "Total claims": 12.0,
        "Total perspectives": 11.0,
        "Total conflicts": 0,
        "Total sources": 1.0,
        "Ratio claims to triples": 0.00395778364116095,
        "Ratio perspectives to triples": 0.0036279683377308707,
        "Ratio conflicts to triples": 0.0,
        "Ratio perspectives to claims": 0.9166666666666666,
        "Ratio conflicts to claims": 0.0
    },
    {
        "turn": 5,
        "cardinality conflicts": 0,
        "negation conflicts": 0,
        "subject gaps": 2,
        "object gaps": 2,
        "statement novelty": 1,
        "subject novelty": 0,
        "object novelty": 0,
        "overlaps subject-predicate": 0,
        "overlaps predicate-object": 2,
        "trust": 0.5,
        "Average degree": 10.607944732297064,
        "Sparseness": 0.007513997392920317,
        "Shortest path": 2.566703121358266,
        "Total triples": 3071.0,
        "Total classes": 24,
        "Total predicates": 12,
        "Average population": 14.0,
        "Total claims": 12.0,
        "Total perspectives": 11.0,
        "Total conflicts": 0,
        "Total sources": 1.0,
        "Ratio claims to triples": 0.0039075219798111365,
        "Ratio perspectives to triples": 0.0035818951481602084,
        "Ratio conflicts to triples": 0.0,
        "Ratio perspectives to claims": 0.9166666666666666,
        "Ratio conflicts to claims": 0.0
    },
    {
        "turn": 7,
        "cardinality conflicts": 0,
        "negation conflicts": 0,
        "subject gaps": 2,
        "object gaps": 2,
        "statement novelty": 0,
        "subject novelty": 1,
        "object novelty": 1,
        "overlaps subject-predicate": 0,
        "overlaps predicate-object": 0,
        "trust": 0.5,
        "Average degree": 10.593591905564924,
        "Sparseness": 0.00733686147266166,
        "Shortest path": 2.579804931406955,
        "Total triples": 3141.0,
        "Total classes": 24,
        "Total predicates": 12,
        "Average population": 14.529411764705882,
        "Total claims": 13.0,
        "Total perspectives": 12.0,
        "Total conflicts": 0,
        "Total sources": 1.0,
        "Ratio claims to triples": 0.004138809296402419,
        "Ratio perspectives to triples": 0.0038204393505253103,
        "Ratio conflicts to triples": 0.0,
        "Ratio perspectives to claims": 0.9230769230769231,
        "Ratio conflicts to claims": 0.0
    },
    {
        "turn": 9,
        "cardinality conflicts": 0,
        "negation conflicts": 0,
        "subject gaps": 2,
        "object gaps": 2,
        "statement novelty": 0,
        "subject novelty": 0,
        "object novelty": 0,
        "overlaps subject-predicate": 0,
        "overlaps predicate-object": 1,
        "trust": 0.5,
        "Average degree": 10.61028192371476,
        "Sparseness": 0.007230294079629492,
        "Shortest path": 2.5895715222337925,
        "Total triples": 3199.0,
        "Total classes": 24,
        "Total predicates": 12,
        "Average population": 14.901960784313726,
        "Total claims": 14.0,
        "Total perspectives": 13.0,
        "Total conflicts": 0,
        "Total sources": 1.0,
        "Ratio claims to triples": 0.00437636761487965,
        "Ratio perspectives to triples": 0.004063769928102532,
        "Ratio conflicts to triples": 0.0,
        "Ratio perspectives to claims": 0.9285714285714286,
        "Ratio conflicts to claims": 0.0
    },
    {
        "turn": 11,
        "cardinality conflicts": 0,
        "negation conflicts": 0,
        "subject gaps": 2,
        "object gaps": 2,
        "statement novelty": 0,
        "subject novelty": 1,
        "object novelty": 1,
        "overlaps subject-predicate": 0,
        "overlaps predicate-object": 0,
        "trust": 0.5,
        "Average degree": 10.59643435980551,
        "Sparseness": 0.007066135349327141,
        "Shortest path": 2.601685996337536,
        "Total triples": 3269.0,
        "Total classes": 24,
        "Total predicates": 12,
        "Average population": 15.431372549019608,
        "Total claims": 15.0,
        "Total perspectives": 14.0,
        "Total conflicts": 0,
        "Total sources": 1.0,
        "Ratio claims to triples": 0.004588559192413582,
        "Ratio perspectives to triples": 0.004282655246252677,
        "Ratio conflicts to triples": 0.0,
        "Ratio perspectives to claims": 0.9333333333333333,
        "Ratio conflicts to claims": 0.0
    },
    {
        "turn": 13,
        "cardinality conflicts": 0,
        "negation conflicts": 0,
        "subject gaps": 2,
        "object gaps": 2,
        "statement novelty": 1,
        "subject novelty": 0,
        "object novelty": 0,
        "overlaps subject-predicate": 0,
        "overlaps predicate-object": 0,
        "trust": 0.5,
        "Average degree": 10.636655948553054,
        "Sparseness": 0.0070305311152696935,
        "Shortest path": 2.606158514169139,
        "Total triples": 3308.0,
        "Total classes": 24,
        "Total predicates": 12,
        "Average population": 15.607843137254902,
        "Total claims": 15.0,
        "Total perspectives": 14.0,
        "Total conflicts": 0,
        "Total sources": 1.0,
        "Ratio claims to triples": 0.004534461910519952,
        "Ratio perspectives to triples": 0.004232164449818622,
        "Ratio conflicts to triples": 0.0,
        "Ratio perspectives to claims": 0.9333333333333333,
        "Ratio conflicts to claims": 0.0
    },
    {
        "turn": 15,
        "cardinality conflicts": 0,
        "negation conflicts": 0,
        "subject gaps": 2,
        "object gaps": 2,
        "statement novelty": 0,
        "subject novelty": 0,
        "object novelty": 1,
        "overlaps subject-predicate": 1,
        "overlaps predicate-object": 0,
        "trust": 0.5,
        "Average degree": 10.637223974763407,
        "Sparseness": 0.006903740707938182,
        "Shortest path": 2.6163429864298493,
        "Total triples": 3372.0,
        "Total classes": 24,
        "Total predicates": 12,
        "Average population": 16.058823529411764,
        "Total claims": 16.0,
        "Total perspectives": 15.0,
        "Total conflicts": 0,
        "Total sources": 1.0,
        "Ratio claims to triples": 0.004744958481613286,
        "Ratio perspectives to triples": 0.004448398576512456,
        "Ratio conflicts to triples": 0.0,
        "Ratio perspectives to claims": 0.9375,
        "Ratio conflicts to claims": 0.0
    },
    {
        "turn": 17,
        "cardinality conflicts": 0,
        "negation conflicts": 0,
        "subject gaps": 2,
        "object gaps": 2,
        "statement novelty": 1,
        "subject novelty": 0,
        "object novelty": 1,
        "overlaps subject-predicate": 2,
        "overlaps predicate-object": 0,
        "trust": 0.5,
        "Average degree": 10.68125,
        "Sparseness": 0.006865234375,
        "Shortest path": 2.6196205007824727,
        "Total triples": 3418.0,
        "Total classes": 24,
        "Total predicates": 12,
        "Average population": 16.313725490196077,
        "Total claims": 16.0,
        "Total perspectives": 15.0,
        "Total conflicts": 0,
        "Total sources": 1.0,
        "Ratio claims to triples": 0.004681100058513751,
        "Ratio perspectives to triples": 0.004388531304856641,
        "Ratio conflicts to triples": 0.0,
        "Ratio perspectives to claims": 0.9375,
        "Ratio conflicts to claims": 0.0
    },
    {
        "turn": 19,
        "cardinality conflicts": 0,
        "negation conflicts": 0,
        "subject gaps": 2,
        "object gaps": 2,
        "statement novelty": 0,
        "subject novelty": 0,
        "object novelty": 0,
        "overlaps subject-predicate": 0,
        "overlaps predicate-object": 2,
        "trust": 0.5,
        "Average degree": 10.695384615384615,
        "Sparseness": 0.006771597633136095,
        "Shortest path": 2.628133222709494,
        "Total triples": 3476.0,
        "Total classes": 24,
        "Total predicates": 12,
        "Average population": 16.686274509803923,
        "Total claims": 17.0,
        "Total perspectives": 16.0,
        "Total conflicts": 0,
        "Total sources": 1.0,
        "Ratio claims to triples": 0.004890678941311853,
        "Ratio perspectives to triples": 0.004602991944764097,
        "Ratio conflicts to triples": 0.0,
        "Ratio perspectives to claims": 0.9411764705882353,
        "Ratio conflicts to claims": 0.0
    }
]