[
    {
        "turn": 0,
        "cardinality conflicts": 0,
        "negation conflicts": 0,
        "subject gaps": 2,
        "object gaps": 2,
        "statement novelty": 0,
        "subject novelty": 1,
        "object novelty": 1,
        "overlaps subject-predicate": 0,
        "overlaps predicate-object": 0,
        "trust": 0.5,
        "Average degree": 11.009790209790209,
        "Sparseness": 0.006290772164898039,
        "Shortest path": 2.677361853832442,
        "Total triples": 3936.0,
        "Total classes": 24,
        "Total predicates": 12,
        "Average population": 18.764705882352942,
        "Total claims": 17.0,
        "Total perspectives": 16.0,
        "Total conflicts": 0,
        "Total sources": 1.0,
        "Ratio claims to triples": 0.004319105691056911,
        "Ratio perspectives to triples": 0.0040650406504065045,
        "Ratio conflicts to triples": 0.0,
        "Ratio perspectives to claims": 0.9411764705882353,
        "Ratio conflicts to claims": 0.0
    },
    {
        "turn": 3,
        "cardinality conflicts": 0,
        "negation conflicts": 0,
        "subject gaps": 2,
        "object gaps": 2,
        "statement novelty": 0,
        "subject novelty": 0,
        "object novelty": 1,
        "overlaps subject-predicate": 0,
        "overlaps predicate-object": 0,
        "trust": 0.5,
        "Average degree": 10.997252747252746,
        "Sparseness": 0.006177544982490037,
        "Shortest path": 2.68426243632571,
        "Total triples": 4003.0,
        "Total classes": 24,
        "Total predicates": 12,
        "Average population": 19.235294117647058,
        "Total claims": 18.0,
        "Total perspectives": 17.0,
        "Total conflicts": 0,
        "Total sources": 1.0,
        "Ratio claims to triples": 0.0044966275293529855,
        "Ratio perspectives to triples": 0.004246814888833375,
        "Ratio conflicts to triples": 0.0,
        "Ratio perspectives to claims": 0.9444444444444444,
        "Ratio conflicts to claims": 0.0
    },
    {
        "turn": 5,
        "cardinality conflicts": 0,
        "negation conflicts": 0,
        "subject gaps": 2,
        "object gaps": 2,
        "statement novelty": 1,
        "subject novelty": 0,
        "object novelty": 0,
        "overlaps subject-predicate": 0,
        "overlaps predicate-object": 0,
        "trust": 0.5,
        "Average degree": 11.028649386084584,
        "Sparseness": 0.006149390737573261,
        "Shortest path": 2.687566628646404,
        "Total triples": 4042.0,
        "Total classes": 24,
        "Total predicates": 12,
        "Average population": 19.41176470588235,
        "Total claims": 18.0,
        "Total perspectives": 17.0,
        "Total conflicts": 0,
        "Total sources": 1.0,
        "Ratio claims to triples": 0.004453240969816922,
        "Ratio perspectives to triples": 0.004205838693715982,
        "Ratio conflicts to triples": 0.0,
        "Ratio perspectives to claims": 0.9444444444444444,
        "Ratio conflicts to claims": 0.0
    },
    {
        "turn": 7,
        "cardinality conflicts": 0,
        "negation conflicts": 0,
        "subject gaps": 2,
        "object gaps": 2,
        "statement novelty": 0,
        "subject novelty": 0,
        "object novelty": 1,
        "overlaps subject-predicate": 0,
        "overlaps predicate-object": 0,
        "trust": 0.5,
        "Average degree": 11.022818791946309,
        "Sparseness": 0.006051979640556732,
        "Shortest path": 2.6950422169300716,
        "Total triples": 4106.0,
        "Total classes": 24,
        "Total predicates": 12,
        "Average population": 19.862745098039216,
        "Total claims": 19.0,
        "Total perspectives": 18.0,
        "Total conflicts": 0,
        "Total sources": 1.0,
        "Ratio claims to triples": 0.004627374573794447,
        "Ratio perspectives to triples": 0.00438382854359474,
        "Ratio conflicts to triples": 0.0,
        "Ratio perspectives to claims": 0.9473684210526315,
        "Ratio conflicts to claims": 0.0
    },
    {
        "turn": 9,
        "cardinality conflicts": 0,
        "negation conflicts": 0,
        "subject gaps": 2,
        "object gaps": 2,
        "statement novelty": 0,
        "subject novelty": 1,
        "object novelty": 0,
        "overlaps subject-predicate": 0,
        "overlaps predicate-object": 1,
        "trust": 0.5,
        "Average degree": 11.017173051519155,
        "Sparseness": 0.005957605719580699,
        "Shortest path": 2.7022883423147626,
        "Total triples": 4170.0,
        "Total classes": 24,
        "Total predicates": 12,
        "Average population": 20.313725490196077,
        "Total claims": 20.0,
        "Total perspectives": 19.0,
        "Total conflicts": 0,
        "Total sources": 1.0,
        "Ratio claims to triples": 0.004796163069544364,
        "Ratio perspectives to triples": 0.004556354916067146,
        "Ratio conflicts to triples": 0.0,
        "Ratio perspectives to claims": 0.95,
        "Ratio conflicts to claims": 0.0
    },
    {
        "turn": 11,
        "cardinality conflicts": 0,
        "negation conflicts": 0,
        "subject gaps": 2,
        "object gaps": 2,
        "statement novelty": 1,
        "subject novelty": 1,
        "object novelty": 0,
        "overlaps subject-predicate": 0,
        "overlaps predicate-object": 2,
        "trust": 0.5,
        "Average degree": 11.051114023591088,
        "Sparseness": 0.005927831952577344,
        "Shortest path": 2.7044371747109595,
        "Total triples": 4216.0,
        "Total classes": 24,
        "Total predicates": 12,
        "Average population": 20.568627450980394,
        "Total claims": 20.0,
        "Total perspectives": 19.0,
        "Total conflicts": 0,
        "Total sources": 1.0,
        "Ratio claims to triples": 0.004743833017077799,
        "Ratio perspectives to triples": 0.004506641366223909,
        "Ratio conflicts to triples": 0.0,
        "Ratio perspectives to claims": 0.95,
        "Ratio conflicts to claims": 0.0
    },
    {
        "turn": 13,
        "cardinality conflicts": 0,
        "negation conflicts": 0,
        "subject gaps": 2,
        "object gaps": 2,
        "statement novelty": 1,
        "subject novelty": 0,
        "object novelty": 0,
        "overlaps subject-predicate": 0,
        "overlaps predicate-object": 2,
        "trust": 0.5,
        "Average degree": 11.080729166666666,
        "Sparseness": 0.005901760525173611,
        "Shortest path": 2.7074743318122554,
        "Total triples": 4255.0,
        "Total classes": 24,
        "Total predicates": 12,
        "Average population": 20.745098039215687,
        "Total claims": 20.0,
        "Total perspectives": 19.0,
        "Total conflicts": 0,
        "Total sources": 1.0,
        "Ratio claims to triples": 0.004700352526439483,
        "Ratio perspectives to triples": 0.004465334900117509,
        "Ratio conflicts to triples": 0.0,
        "Ratio perspectives to claims": 0.95,
        "Ratio conflicts to claims": 0.0
    },
    {
        "turn": 15,
        "cardinality conflicts": 0,
        "negation conflicts": 0,
        "subject gaps": 2,
        "object gaps": 2,
        "statement novelty": 0,
        "subject novelty": 0,
        "object novelty": 1,
        "overlaps subject-predicate": 0,
        "overlaps predicate-object": 0,
        "trust": 0.5,
        "Average degree": 11.074358974358974,
        "Sparseness": 0.005811965811965812,
        "Shortest path": 2.7143313254994896,
        "Total triples": 4319.0,
        "Total classes": 24,
        "Total predicates": 12,
        "Average population": 21.19607843137255,
        "Total claims": 21.0,
        "Total perspectives": 20.0,
        "Total conflicts": 0,
        "Total sources": 1.0,
        "Ratio claims to triples": 0.004862236628849271,
        "Ratio perspectives to triples": 0.0046307015512850195,
        "Ratio conflicts to triples": 0.0,
        "Ratio perspectives to claims": 0.9523809523809523,
        "Ratio conflicts to claims": 0.0
    },
    {
        "turn": 17,
        "cardinality conflicts": 0,
        "negation conflicts": 0,
        "subject gaps": 2,
        "object gaps": 2,
        "statement novelty": 1,
        "subject novelty": 0,
        "object novelty": 0,
        "overlaps subject-predicate": 0,
        "overlaps predicate-object": 0,
        "trust": 0.5,
        "Average degree": 11.103184713375796,
        "Sparseness": 0.0057868473366059475,
        "Shortest path": 2.717246197842194,
        "Total triples": 4358.0,
        "Total classes": 24,
        "Total predicates": 12,
        "Average population": 21.372549019607842,
        "Total claims": 21.0,
        "Total perspectives": 20.0,
        "Total conflicts": 0,
        "Total sources": 1.0,
        "Ratio claims to triples": 0.0048187241854061496,
        "Ratio perspectives to triples": 0.004589261128958238,
        "Ratio conflicts to triples": 0.0,
        "Ratio perspectives to claims": 0.9523809523809523,
        "Ratio conflicts to claims": 0.0
    },
    {
        "turn": 19,
        "cardinality conflicts": 0,
        "negation conflicts": 0,
        "subject gaps": 2,
        "object gaps": 2,
        "statement novelty": 1,
        "subject novelty": 0,
        "object novelty": 0,
        "overlaps subject-predicate": 0,
        "overlaps predicate-object": 0,
        "trust": 0.5,
        "Average degree": 11.131645569620254,
        "Sparseness": 0.005761897131869893,
        "Shortest path": 2.720126421844668,
        "Total triples": 4397.0,
        "Total classes": 24,
        "Total predicates": 12,
        "Average population": 21.54901960784314,
        "Total claims": 21.0,
        "Total perspectives": 20.0,
        "Total conflicts": 0,
        "Total sources": 1.0,
        "Ratio claims to triples": 0.0047759836251989995,
        "Ratio perspectives to triples": 0.004548555833522857,
        "Ratio conflicts to triples": 0.0,
        "Ratio perspectives to claims": 0.9523809523809523,
        "Ratio conflicts to claims": 0.0
    }
]