[
    {
        "turn": 0,
        "cardinality conflicts": 0,
        "negation conflicts": 0,
        "subject gaps": 2,
        "object gaps": 2,
        "statement novelty": 0,
        "subject novelty": 0,
        "object novelty": 1,
        "overlaps subject-predicate": 0,
        "overlaps predicate-object": 0,
        "trust": 0.5,
        "Average degree": 10.703703703703704,
        "Sparseness": 0.008079561042524006,
        "Shortest path": 2.531175702604274,
        "Total triples": 2890.0,
        "Total classes": 24,
        "Total predicates": 12,
        "Average population": 12.490196078431373,
        "Total claims": 9.0,
        "Total perspectives": 8.0,
        "Total conflicts": 0,
        "Total sources": 1.0,
        "Ratio claims to triples": 0.0031141868512110727,
        "Ratio perspectives to triples": 0.002768166089965398,
        "Ratio conflicts to triples": 0.0,
        "Ratio perspectives to claims": 0.8888888888888888,
        "Ratio conflicts to claims": 0.0
    },
    {
        "turn": 3,
        "cardinality conflicts": 0,
        "negation conflicts": 0,
        "subject gaps": 2,
        "object gaps": 2,
        "statement novelty": 1,
        "subject novelty": 0,
        "object novelty": 0,
        "overlaps subject-predicate": 0,
        "overlaps predicate-object": 0,
        "trust": 0.5,
        "Average degree": 10.739926739926739,
        "Sparseness": 0.008013659112560212,
        "Shortest path": 2.5358940753436165,
        "Total triples": 2932.0,
        "Total classes": 24,
        "Total predicates": 12,
        "Average population": 12.686274509803921,
        "Total claims": 9.0,
        "Total perspectives": 8.0,
        "Total conflicts": 0,
        "Total sources": 1.0,
        "Ratio claims to triples": 0.0030695770804911324,
        "Ratio perspectives to triples": 0.002728512960436562,
        "Ratio conflicts to triples": 0.0,
        "Ratio perspectives to claims": 0.8888888888888888,
        "Ratio conflicts to claims": 0.0
    },
    {
        "turn": 5,
        "cardinality conflicts": 0,
        "negation conflicts": 0,
        "subject gaps": 2,
        "object gaps": 2,
        "statement novelty": 1,
        "subject novelty": 0,
        "object novelty": 0,
        "overlaps subject-predicate": 0,
        "overlaps predicate-object": 0,
        "trust": 0.5,
        "Average degree": 10.784029038112523,
        "Sparseness": 0.007967694441059154,
        "Shortest path": 2.541468404553704,
        "Total triples": 2971.0,
        "Total classes": 24,
        "Total predicates": 12,
        "Average population": 12.862745098039216,
        "Total claims": 9.0,
        "Total perspectives": 8.0,
        "Total conflicts": 0,
        "Total sources": 1.0,
        "Ratio claims to triples": 0.0030292830696735107,
        "Ratio perspectives to triples": 0.0026926960619320095,
        "Ratio conflicts to triples": 0.0,
        "Ratio perspectives to claims": 0.8888888888888888,
        "Ratio conflicts to claims": 0.0
    },
    {
        "turn": 7,
        "cardinality conflicts": 0,
        "negation conflicts": 0,
        "subject gaps": 2,
        "object gaps": 2,
        "statement novelty": 1,
        "subject novelty": 0,
        "object novelty": 0,
        "overlaps subject-predicate": 0,
        "overlaps predicate-object": 0,
        "trust": 0.5,
        "Average degree": 10.827338129496402,
        "Sparseness": 0.007922079602505046,
        "Shortest path": 2.5469505476699723,
        "Total triples": 3010.0,
        "Total classes": 24,
        "Total predicates": 12,
        "Average population": 13.03921568627451,
        "Total claims": 9.0,
        "Total perspectives": 8.0,
        "Total conflicts": 0,
        "Total sources": 1.0,
        "Ratio claims to triples": 0.002990033222591362,
        "Ratio perspectives to triples": 0.0026578073089701,
        "Ratio conflicts to triples": 0.0,
        "Ratio perspectives to claims": 0.8888888888888888,
        "Ratio conflicts to claims": 0.0
    },
    {
        "turn": 9,
        "cardinality conflicts": 0,
        "negation conflicts": 0,
        "subject gaps": 2,
        "object gaps": 2,
        "statement novelty": 0,
        "subject novelty": 1,
        "object novelty": 1,
        "overlaps subject-predicate": 0,
        "overlaps predicate-object": 0,
        "trust": 0.5,
        "Average degree": 10.807017543859649,
        "Sparseness": 0.007725453985841797,
        "Shortest path": 2.56104584836432,
        "Total triples": 3080.0,
        "Total classes": 24,
        "Total predicates": 12,
        "Average population": 13.568627450980392,
        "Total claims": 10.0,
        "Total perspectives": 9.0,
        "Total conflicts": 0,
        "Total sources": 1.0,
        "Ratio claims to triples": 0.003246753246753247,
        "Ratio perspectives to triples": 0.002922077922077922,
        "Ratio conflicts to triples": 0.0,
        "Ratio perspectives to claims": 0.9,
        "Ratio conflicts to claims": 0.0
    },
    {
        "turn": 11,
        "cardinality conflicts": 0,
        "negation conflicts": 0,
        "subject gaps": 2,
        "object gaps": 2,
        "statement novelty": 1,
        "subject novelty": 0,
        "object novelty": 0,
        "overlaps subject-predicate": 0,
        "overlaps predicate-object": 0,
        "trust": 0.5,
        "Average degree": 10.848695652173912,
        "Sparseness": 0.00768241965973535,
        "Shortest path": 2.5661990607483713,
        "Total triples": 3119.0,
        "Total classes": 24,
        "Total predicates": 12,
        "Average population": 13.745098039215685,
        "Total claims": 10.0,
        "Total perspectives": 9.0,
        "Total conflicts": 0,
        "Total sources": 1.0,
        "Ratio claims to triples": 0.0032061558191728116,
        "Ratio perspectives to triples": 0.0028855402372555306,
        "Ratio conflicts to triples": 0.0,
        "Ratio perspectives to claims": 0.9,
        "Ratio conflicts to claims": 0.0
    },
    {
        "turn": 13,
        "cardinality conflicts": 0,
        "negation conflicts": 0,
        "subject gaps": 2,
        "object gaps": 2,
        "statement novelty": 0,
        "subject novelty": 0,
        "object novelty": 1,
        "overlaps subject-predicate": 0,
        "overlaps predicate-object": 0,
        "trust": 0.5,
        "Average degree": 10.844974446337309,
        "Sparseness": 0.007531147607590933,
        "Shortest path": 2.5779604746760003,
        "Total triples": 3183.0,
        "Total classes": 24,
        "Total predicates": 12,
        "Average population": 14.196078431372548,
        "Total claims": 11.0,
        "Total perspectives": 10.0,
        "Total conflicts": 0,
        "Total sources": 1.0,
        "Ratio claims to triples": 0.0034558592522777255,
        "Ratio perspectives to triples": 0.0031416902293433867,
        "Ratio conflicts to triples": 0.0,
        "Ratio perspectives to claims": 0.9090909090909091,
        "Ratio conflicts to claims": 0.0
    },
    {
        "turn": 15,
        "cardinality conflicts": 0,
        "negation conflicts": 0,
        "subject gaps": 2,
        "object gaps": 2,
        "statement novelty": 0,
        "subject novelty": 0,
        "object novelty": 1,
        "overlaps subject-predicate": 0,
        "overlaps predicate-object": 0,
        "trust": 0.5,
        "Average degree": 10.841402337228715,
        "Sparseness": 0.0073857096273421755,
        "Shortest path": 2.5892708583424997,
        "Total triples": 3247.0,
        "Total classes": 24,
        "Total predicates": 12,
        "Average population": 14.647058823529411,
        "Total claims": 12.0,
        "Total perspectives": 11.0,
        "Total conflicts": 0,
        "Total sources": 1.0,
        "Ratio claims to triples": 0.0036957191253464737,
        "Ratio perspectives to triples": 0.0033877425315676007,
        "Ratio conflicts to triples": 0.0,
        "Ratio perspectives to claims": 0.9166666666666666,
        "Ratio conflicts to claims": 0.0
    },
    {
        "turn": 17,
        "cardinality conflicts": 0,
        "negation conflicts": 0,
        "subject gaps": 2,
        "object gaps": 2,
        "statement novelty": 0,
        "subject novelty": 0,
        "object novelty": 0,
        "overlaps subject-predicate": 0,
        "overlaps predicate-object": 1,
        "trust": 0.5,
        "Average degree": 10.853858784893267,
        "Sparseness": 0.00727726683221842,
        "Shortest path": 2.5988138449572205,
        "Total triples": 3305.0,
        "Total classes": 24,
        "Total predicates": 12,
        "Average population": 15.019607843137255,
        "Total claims": 13.0,
        "Total perspectives": 12.0,
        "Total conflicts": 0,
        "Total sources": 1.0,
        "Ratio claims to triples": 0.003933434190620273,
        "Ratio perspectives to triples": 0.003630862329803328,
        "Ratio conflicts to triples": 0.0,
        "Ratio perspectives to claims": 0.9230769230769231,
        "Ratio conflicts to claims": 0.0
    },
    {
        "turn": 19,
        "cardinality conflicts": 0,
        "negation conflicts": 0,
        "subject gaps": 2,
        "object gaps": 2,
        "statement novelty": 0,
        "subject novelty": 0,
        "object novelty": 1,
        "overlaps subject-predicate": 0,
        "overlaps predicate-object": 0,
        "trust": 0.5,
        "Average degree": 10.85024154589372,
        "Sparseness": 0.007141356857802983,
        "Shortest path": 2.6093553581632123,
        "Total triples": 3369.0,
        "Total classes": 24,
        "Total predicates": 12,
        "Average population": 15.470588235294118,
        "Total claims": 14.0,
        "Total perspectives": 13.0,
        "Total conflicts": 0,
        "Total sources": 1.0,
        "Ratio claims to triples": 0.004155535767289997,
        "Ratio perspectives to triples": 0.00385871178391214,
        "Ratio conflicts to triples": 0.0,
        "Ratio perspectives to claims": 0.9285714285714286,
        "Ratio conflicts to claims": 0.0
    }
]