[
    {
        "turn": 0,
        "cardinality conflicts": 0,
        "negation conflicts": 0,
        "subject gaps": 2,
        "object gaps": 2,
        "statement novelty": 0,
        "subject novelty": 0,
        "object novelty": 1,
        "overlaps subject-predicate": 0,
        "overlaps predicate-object": 0,
        "trust": 0.5,
        "Average degree": 10.815047021943574,
        "Sparseness": 0.006935368166586413,
        "Shortest path": 2.6240016141493974,
        "Total triples": 3450.0,
        "Total classes": 24,
        "Total predicates": 12,
        "Average population": 16.019607843137255,
        "Total claims": 15.0,
        "Total perspectives": 14.0,
        "Total conflicts": 0,
        "Total sources": 1.0,
        "Ratio claims to triples": 0.004347826086956522,
        "Ratio perspectives to triples": 0.004057971014492754,
        "Ratio conflicts to triples": 0.0,
        "Ratio perspectives to claims": 0.9333333333333333,
        "Ratio conflicts to claims": 0.0
    },
    {
        "turn": 3,
        "cardinality conflicts": 0,
        "negation conflicts": 0,
        "subject gaps": 2,
        "object gaps": 2,
        "statement novelty": 1,
        "subject novelty": 0,
        "object novelty": 0,
        "overlaps subject-predicate": 0,
        "overlaps predicate-object": 0,
        "trust": 0.5,
        "Average degree": 10.84472049689441,
        "Sparseness": 0.0068863083985957335,
        "Shortest path": 2.62725674487795,
        "Total triples": 3492.0,
        "Total classes": 24,
        "Total predicates": 12,
        "Average population": 16.215686274509803,
        "Total claims": 15.0,
        "Total perspectives": 14.0,
        "Total conflicts": 0,
        "Total sources": 1.0,
        "Ratio claims to triples": 0.00429553264604811,
        "Ratio perspectives to triples": 0.004009163802978236,
        "Ratio conflicts to triples": 0.0,
        "Ratio perspectives to claims": 0.9333333333333333,
        "Ratio conflicts to claims": 0.0
    },
    {
        "turn": 5,
        "cardinality conflicts": 0,
        "negation conflicts": 0,
        "subject gaps": 2,
        "object gaps": 2,
        "statement novelty": 1,
        "subject novelty": 0,
        "object novelty": 0,
        "overlaps subject-predicate": 0,
        "overlaps predicate-object": 0,
        "trust": 0.5,
        "Average degree": 10.88135593220339,
        "Sparseness": 0.006851835584435934,
        "Shortest path": 2.6313749548212826,
        "Total triples": 3531.0,
        "Total classes": 24,
        "Total predicates": 12,
        "Average population": 16.392156862745097,
        "Total claims": 15.0,
        "Total perspectives": 14.0,
        "Total conflicts": 0,
        "Total sources": 1.0,
        "Ratio claims to triples": 0.004248088360237893,
        "Ratio perspectives to triples": 0.003964882469555367,
        "Ratio conflicts to triples": 0.0,
        "Ratio perspectives to claims": 0.9333333333333333,
        "Ratio conflicts to claims": 0.0
    },
    {
        "turn": 7,
        "cardinality conflicts": 0,
        "negation conflicts": 0,
        "subject gaps": 2,
        "object gaps": 2,
        "statement novelty": 1,
        "subject novelty": 0,
        "object novelty": 0,
        "overlaps subject-predicate": 0,
        "overlaps predicate-object": 0,
        "trust": 0.5,
        "Average degree": 10.917431192660551,
        "Sparseness": 0.006817607945459136,
        "Shortest path": 2.6354346675658333,
        "Total triples": 3570.0,
        "Total classes": 24,
        "Total predicates": 12,
        "Average population": 16.568627450980394,
        "Total claims": 15.0,
        "Total perspectives": 14.0,
        "Total conflicts": 0,
        "Total sources": 1.0,
        "Ratio claims to triples": 0.004201680672268907,
        "Ratio perspectives to triples": 0.00392156862745098,
        "Ratio conflicts to triples": 0.0,
        "Ratio perspectives to claims": 0.9333333333333333,
        "Ratio conflicts to claims": 0.0
    },
    {
        "turn": 9,
        "cardinality conflicts": 0,
        "negation conflicts": 0,
        "subject gaps": 2,
        "object gaps": 2,
        "statement novelty": 1,
        "subject novelty": 0,
        "object novelty": 0,
        "overlaps subject-predicate": 0,
        "overlaps predicate-object": 0,
        "trust": 0.5,
        "Average degree": 10.952959028831563,
        "Sparseness": 0.006783626269627269,
        "Shortest path": 2.6394371134305916,
        "Total triples": 3609.0,
        "Total classes": 24,
        "Total predicates": 12,
        "Average population": 16.745098039215687,
        "Total claims": 15.0,
        "Total perspectives": 14.0,
        "Total conflicts": 0,
        "Total sources": 1.0,
        "Ratio claims to triples": 0.004156275976724855,
        "Ratio perspectives to triples": 0.0038791909116098642,
        "Ratio conflicts to triples": 0.0,
        "Ratio perspectives to claims": 0.9333333333333333,
        "Ratio conflicts to claims": 0.0
    },
    {
        "turn": 11,
        "cardinality conflicts": 0,
        "negation conflicts": 0,
        "subject gaps": 2,
        "object gaps": 2,
        "statement novelty": 1,
        "subject novelty": 0,
        "object novelty": 0,
        "overlaps subject-predicate": 0,
        "overlaps predicate-object": 0,
        "trust": 0.5,
        "Average degree": 10.987951807228916,
        "Sparseness": 0.006749891130788213,
        "Shortest path": 2.643383488705955,
        "Total triples": 3648.0,
        "Total classes": 24,
        "Total predicates": 12,
        "Average population": 16.92156862745098,
        "Total claims": 15.0,
        "Total perspectives": 14.0,
        "Total conflicts": 0,
        "Total sources": 1.0,
        "Ratio claims to triples": 0.004111842105263158,
        "Ratio perspectives to triples": 0.003837719298245614,
        "Ratio conflicts to triples": 0.0,
        "Ratio perspectives to claims": 0.9333333333333333,
        "Ratio conflicts to claims": 0.0
    },
    {
        "turn": 13,
        "cardinality conflicts": 0,
        "negation conflicts": 0,
        "subject gaps": 2,
        "object gaps": 2,
        "statement novelty": 1,
        "subject novelty": 0,
        "object novelty": 0,
        "overlaps subject-predicate": 0,
        "overlaps predicate-object": 1,
        "trust": 0.5,
        "Average degree": 11.022421524663677,
        "Sparseness": 0.006716402903738261,
        "Shortest path": 2.6472749568128315,
        "Total triples": 3687.0,
        "Total classes": 24,
        "Total predicates": 12,
        "Average population": 17.098039215686274,
        "Total claims": 15.0,
        "Total perspectives": 14.0,
        "Total conflicts": 0,
        "Total sources": 1.0,
        "Ratio claims to triples": 0.0040683482506102524,
        "Ratio perspectives to triples": 0.003797125033902902,
        "Ratio conflicts to triples": 0.0,
        "Ratio perspectives to claims": 0.9333333333333333,
        "Ratio conflicts to claims": 0.0
    },
    {
        "turn": 15,
        "cardinality conflicts": 0,
        "negation conflicts": 0,
        "subject gaps": 2,
        "object gaps": 2,
        "statement novelty": 1,
        "subject novelty": 0,
        "object novelty": 0,
        "overlaps subject-predicate": 0,
        "overlaps predicate-object": 1,
        "trust": 0.5,
        "Average degree": 11.056379821958457,
        "Sparseness": 0.006683161778302178,
        "Shortest path": 2.651112649415126,
        "Total triples": 3726.0,
        "Total classes": 24,
        "Total predicates": 12,
        "Average population": 17.274509803921568,
        "Total claims": 15.0,
        "Total perspectives": 14.0,
        "Total conflicts": 0,
        "Total sources": 1.0,
        "Ratio claims to triples": 0.004025764895330112,
        "Ratio perspectives to triples": 0.003757380568974772,
        "Ratio conflicts to triples": 0.0,
        "Ratio perspectives to claims": 0.9333333333333333,
        "Ratio conflicts to claims": 0.0
    },
    {
        "turn": 17,
        "cardinality conflicts": 0,
        "negation conflicts": 0,
        "subject gaps": 2,
        "object gaps": 2,
        "statement novelty": 1,
        "subject novelty": 0,
        "object novelty": 0,
        "overlaps subject-predicate": 0,
        "overlaps predicate-object": 1,
        "trust": 0.5,
        "Average degree": 11.089837997054492,
        "Sparseness": 0.006650167772497457,
        "Shortest path": 2.65489766748776,
        "Total triples": 3765.0,
        "Total classes": 24,
        "Total predicates": 12,
        "Average population": 17.45098039215686,
        "Total claims": 15.0,
        "Total perspectives": 14.0,
        "Total conflicts": 0,
        "Total sources": 1.0,
        "Ratio claims to triples": 0.00398406374501992,
        "Ratio perspectives to triples": 0.0037184594953519256,
        "Ratio conflicts to triples": 0.0,
        "Ratio perspectives to claims": 0.9333333333333333,
        "Ratio conflicts to claims": 0.0
    },
    {
        "turn": 19,
        "cardinality conflicts": 0,
        "negation conflicts": 0,
        "subject gaps": 2,
        "object gaps": 2,
        "statement novelty": 1,
        "subject novelty": 0,
        "object novelty": 0,
        "overlaps subject-predicate": 0,
        "overlaps predicate-object": 1,
        "trust": 0.5,
        "Average degree": 11.12280701754386,
        "Sparseness": 0.006617420744844568,
        "Shortest path": 2.658631082342264,
        "Total triples": 3804.0,
        "Total classes": 24,
        "Total predicates": 12,
        "Average population": 17.627450980392158,
        "Total claims": 15.0,
        "Total perspectives": 14.0,
        "Total conflicts": 0,
        "Total sources": 1.0,
        "Ratio claims to triples": 0.003943217665615142,
        "Ratio perspectives to triples": 0.003680336487907466,
        "Ratio conflicts to triples": 0.0,
        "Ratio perspectives to claims": 0.9333333333333333,
        "Ratio conflicts to claims": 0.0
    }
]