[
    {
        "turn": 0,
        "cardinality conflicts": 0,
        "negation conflicts": 0,
        "subject gaps": 2,
        "object gaps": 2,
        "statement novelty": 0,
        "subject novelty": 0,
        "object novelty": 1,
        "overlaps subject-predicate": 0,
        "overlaps predicate-object": 0,
        "trust": 0.5,
        "Average degree": 10.970178926441353,
        "Sparseness": 0.00879415356765965,
        "Shortest path": 2.487790389139268,
        "Total triples": 2759.0,
        "Total classes": 24,
        "Total predicates": 12,
        "Average population": 11.03921568627451,
        "Total claims": 4.0,
        "Total perspectives": 3.0,
        "Total conflicts": 0,
        "Total sources": 1.0,
        "Ratio claims to triples": 0.0014498006524102935,
        "Ratio perspectives to triples": 0.0010873504893077202,
        "Ratio conflicts to triples": 0.0,
        "Ratio perspectives to claims": 0.75,
        "Ratio conflicts to claims": 0.0
    },
    {
        "turn": 3,
        "cardinality conflicts": 0,
        "negation conflicts": 0,
        "subject gaps": 2,
        "object gaps": 2,
        "statement novelty": 1,
        "subject novelty": 0,
        "object novelty": 0,
        "overlaps subject-predicate": 0,
        "overlaps predicate-object": 0,
        "trust": 0.5,
        "Average degree": 11.00589390962672,
        "Sparseness": 0.008715421045927721,
        "Shortest path": 2.4933171418405706,
        "Total triples": 2801.0,
        "Total classes": 24,
        "Total predicates": 12,
        "Average population": 11.235294117647058,
        "Total claims": 4.0,
        "Total perspectives": 3.0,
        "Total conflicts": 0,
        "Total sources": 1.0,
        "Ratio claims to triples": 0.0014280614066404856,
        "Ratio perspectives to triples": 0.0010710460549803642,
        "Ratio conflicts to triples": 0.0,
        "Ratio perspectives to claims": 0.75,
        "Ratio conflicts to claims": 0.0
    },
    {
        "turn": 5,
        "cardinality conflicts": 0,
        "negation conflicts": 0,
        "subject gaps": 2,
        "object gaps": 2,
        "statement novelty": 0,
        "subject novelty": 1,
        "object novelty": 1,
        "overlaps subject-predicate": 0,
        "overlaps predicate-object": 0,
        "trust": 0.5,
        "Average degree": 10.978967495219885,
        "Sparseness": 0.008478077278826011,
        "Shortest path": 2.5100107689940883,
        "Total triples": 2871.0,
        "Total classes": 24,
        "Total predicates": 12,
        "Average population": 11.764705882352942,
        "Total claims": 5.0,
        "Total perspectives": 4.0,
        "Total conflicts": 0,
        "Total sources": 1.0,
        "Ratio claims to triples": 0.0017415534656913968,
        "Ratio perspectives to triples": 0.0013932427725531174,
        "Ratio conflicts to triples": 0.0,
        "Ratio perspectives to claims": 0.8,
        "Ratio conflicts to claims": 0.0
    },
    {
        "turn": 7,
        "cardinality conflicts": 0,
        "negation conflicts": 0,
        "subject gaps": 2,
        "object gaps": 2,
        "statement novelty": 0,
        "subject novelty": 0,
        "object novelty": 1,
        "overlaps subject-predicate": 0,
        "overlaps predicate-object": 0,
        "trust": 0.5,
        "Average degree": 10.97196261682243,
        "Sparseness": 0.008294174163682418,
        "Shortest path": 2.5240715460814167,
        "Total triples": 2935.0,
        "Total classes": 24,
        "Total predicates": 12,
        "Average population": 12.215686274509803,
        "Total claims": 6.0,
        "Total perspectives": 5.0,
        "Total conflicts": 0,
        "Total sources": 1.0,
        "Ratio claims to triples": 0.0020442930153321977,
        "Ratio perspectives to triples": 0.0017035775127768314,
        "Ratio conflicts to triples": 0.0,
        "Ratio perspectives to claims": 0.8333333333333334,
        "Ratio conflicts to claims": 0.0
    },
    {
        "turn": 9,
        "cardinality conflicts": 0,
        "negation conflicts": 0,
        "subject gaps": 2,
        "object gaps": 2,
        "statement novelty": 0,
        "subject novelty": 1,
        "object novelty": 0,
        "overlaps subject-predicate": 0,
        "overlaps predicate-object": 1,
        "trust": 0.5,
        "Average degree": 10.96526508226691,
        "Sparseness": 0.008118071314699759,
        "Shortest path": 2.5375441134124865,
        "Total triples": 2999.0,
        "Total classes": 24,
        "Total predicates": 12,
        "Average population": 12.666666666666666,
        "Total claims": 7.0,
        "Total perspectives": 6.0,
        "Total conflicts": 0,
        "Total sources": 1.0,
        "Ratio claims to triples": 0.002334111370456819,
        "Ratio perspectives to triples": 0.0020006668889629878,
        "Ratio conflicts to triples": 0.0,
        "Ratio perspectives to claims": 0.8571428571428571,
        "Ratio conflicts to claims": 0.0
    },
    {
        "turn": 11,
        "cardinality conflicts": 0,
        "negation conflicts": 0,
        "subject gaps": 2,
        "object gaps": 2,
        "statement novelty": 1,
        "subject novelty": 0,
        "object novelty": 0,
        "overlaps subject-predicate": 0,
        "overlaps predicate-object": 1,
        "trust": 0.5,
        "Average degree": 11.007246376811594,
        "Sparseness": 0.008070127074144087,
        "Shortest path": 2.543103448275862,
        "Total triples": 3038.0,
        "Total classes": 24,
        "Total predicates": 12,
        "Average population": 12.843137254901961,
        "Total claims": 7.0,
        "Total perspectives": 6.0,
        "Total conflicts": 0,
        "Total sources": 1.0,
        "Ratio claims to triples": 0.002304147465437788,
        "Ratio perspectives to triples": 0.0019749835418038184,
        "Ratio conflicts to triples": 0.0,
        "Ratio perspectives to claims": 0.8571428571428571,
        "Ratio conflicts to claims": 0.0
    },
    {
        "turn": 13,
        "cardinality conflicts": 0,
        "negation conflicts": 0,
        "subject gaps": 2,
        "object gaps": 2,
        "statement novelty": 0,
        "subject novelty": 1,
        "object novelty": 1,
        "overlaps subject-predicate": 0,
        "overlaps predicate-object": 0,
        "trust": 0.5,
        "Average degree": 10.982332155477032,
        "Sparseness": 0.007866248798211989,
        "Shortest path": 2.557403295912943,
        "Total triples": 3108.0,
        "Total classes": 24,
        "Total predicates": 12,
        "Average population": 13.372549019607844,
        "Total claims": 8.0,
        "Total perspectives": 7.0,
        "Total conflicts": 0,
        "Total sources": 1.0,
        "Ratio claims to triples": 0.002574002574002574,
        "Ratio perspectives to triples": 0.0022522522522522522,
        "Ratio conflicts to triples": 0.0,
        "Ratio perspectives to claims": 0.875,
        "Ratio conflicts to claims": 0.0
    },
    {
        "turn": 15,
        "cardinality conflicts": 0,
        "negation conflicts": 0,
        "subject gaps": 2,
        "object gaps": 2,
        "statement novelty": 0,
        "subject novelty": 1,
        "object novelty": 0,
        "overlaps subject-predicate": 0,
        "overlaps predicate-object": 1,
        "trust": 0.5,
        "Average degree": 10.975778546712803,
        "Sparseness": 0.007707642389339208,
        "Shortest path": 2.5695249860572225,
        "Total triples": 3172.0,
        "Total classes": 24,
        "Total predicates": 12,
        "Average population": 13.823529411764707,
        "Total claims": 9.0,
        "Total perspectives": 8.0,
        "Total conflicts": 0,
        "Total sources": 1.0,
        "Ratio claims to triples": 0.0028373266078184113,
        "Ratio perspectives to triples": 0.0025220680958385876,
        "Ratio conflicts to triples": 0.0,
        "Ratio perspectives to claims": 0.8888888888888888,
        "Ratio conflicts to claims": 0.0
    },
    {
        "turn": 17,
        "cardinality conflicts": 0,
        "negation conflicts": 0,
        "subject gaps": 2,
        "object gaps": 2,
        "statement novelty": 1,
        "subject novelty": 0,
        "object novelty": 0,
        "overlaps subject-predicate": 0,
        "overlaps predicate-object": 1,
        "trust": 0.5,
        "Average degree": 11.015437392795883,
        "Sparseness": 0.007664266863593703,
        "Shortest path": 2.574549226951483,
        "Total triples": 3211.0,
        "Total classes": 24,
        "Total predicates": 12,
        "Average population": 14.0,
        "Total claims": 9.0,
        "Total perspectives": 8.0,
        "Total conflicts": 0,
        "Total sources": 1.0,
        "Ratio claims to triples": 0.002802865151043289,
        "Ratio perspectives to triples": 0.002491435689816257,
        "Ratio conflicts to triples": 0.0,
        "Ratio perspectives to claims": 0.8888888888888888,
        "Ratio conflicts to claims": 0.0
    },
    {
        "turn": 19,
        "cardinality conflicts": 0,
        "negation conflicts": 0,
        "subject gaps": 2,
        "object gaps": 2,
        "statement novelty": 1,
        "subject novelty": 0,
        "object novelty": 0,
        "overlaps subject-predicate": 0,
        "overlaps predicate-object": 1,
        "trust": 0.5,
        "Average degree": 11.054421768707483,
        "Sparseness": 0.0076212457772224535,
        "Shortest path": 2.5794944894482494,
        "Total triples": 3250.0,
        "Total classes": 24,
        "Total predicates": 12,
        "Average population": 14.176470588235293,
        "Total claims": 9.0,
        "Total perspectives": 8.0,
        "Total conflicts": 0,
        "Total sources": 1.0,
        "Ratio claims to triples": 0.002769230769230769,
        "Ratio perspectives to triples": 0.0024615384615384616,
        "Ratio conflicts to triples": 0.0,
        "Ratio perspectives to claims": 0.8888888888888888,
        "Ratio conflicts to claims": 0.0
    }
]