[
    {
        "turn": 0,
        "cardinality conflicts": 0,
        "negation conflicts": 0,
        "subject gaps": 2,
        "object gaps": 2,
        "statement novelty": 0,
        "subject novelty": 1,
        "object novelty": 1,
        "overlaps subject-predicate": 0,
        "overlaps predicate-object": 0,
        "trust": 0.5,
        "Average degree": 11.154716981132076,
        "Sparseness": 0.005729203749851667,
        "Shortest path": 2.725421795542037,
        "Total triples": 4434.0,
        "Total classes": 24,
        "Total predicates": 12,
        "Average population": 21.58823529411765,
        "Total claims": 21.0,
        "Total perspectives": 20.0,
        "Total conflicts": 0,
        "Total sources": 1.0,
        "Ratio claims to triples": 0.004736129905277402,
        "Ratio perspectives to triples": 0.0045105999097880016,
        "Ratio conflicts to triples": 0.0,
        "Ratio perspectives to claims": 0.9523809523809523,
        "Ratio conflicts to claims": 0.0
    },
    {
        "turn": 3,
        "cardinality conflicts": 0,
        "negation conflicts": 0,
        "subject gaps": 2,
        "object gaps": 2,
        "statement novelty": 0,
        "subject novelty": 0,
        "object novelty": 1,
        "overlaps subject-predicate": 1,
        "overlaps predicate-object": 0,
        "trust": 0.5,
        "Average degree": 11.141089108910892,
        "Sparseness": 0.005635170571512597,
        "Shortest path": 2.7309218840099625,
        "Total triples": 4501.0,
        "Total classes": 24,
        "Total predicates": 12,
        "Average population": 22.058823529411764,
        "Total claims": 22.0,
        "Total perspectives": 21.0,
        "Total conflicts": 0,
        "Total sources": 1.0,
        "Ratio claims to triples": 0.004887802710508776,
        "Ratio perspectives to triples": 0.004665629860031105,
        "Ratio conflicts to triples": 0.0,
        "Ratio perspectives to claims": 0.9545454545454546,
        "Ratio conflicts to claims": 0.0
    },
    {
        "turn": 5,
        "cardinality conflicts": 0,
        "negation conflicts": 0,
        "subject gaps": 2,
        "object gaps": 2,
        "statement novelty": 1,
        "subject novelty": 0,
        "object novelty": 0,
        "overlaps subject-predicate": 0,
        "overlaps predicate-object": 1,
        "trust": 0.5,
        "Average degree": 11.16851168511685,
        "Sparseness": 0.0056114583286054264,
        "Shortest path": 2.7336599228061247,
        "Total triples": 4540.0,
        "Total classes": 24,
        "Total predicates": 12,
        "Average population": 22.235294117647058,
        "Total claims": 22.0,
        "Total perspectives": 21.0,
        "Total conflicts": 0,
        "Total sources": 1.0,
        "Ratio claims to triples": 0.004845814977973568,
        "Ratio perspectives to triples": 0.004625550660792952,
        "Ratio conflicts to triples": 0.0,
        "Ratio perspectives to claims": 0.9545454545454546,
        "Ratio conflicts to claims": 0.0
    },
    {
        "turn": 7,
        "cardinality conflicts": 0,
        "negation conflicts": 0,
        "subject gaps": 2,
        "object gaps": 2,
        "statement novelty": 1,
        "subject novelty": 0,
        "object novelty": 0,
        "overlaps subject-predicate": 0,
        "overlaps predicate-object": 1,
        "trust": 0.5,
        "Average degree": 11.19559902200489,
        "Sparseness": 0.005587902989580407,
        "Shortest path": 2.7363513121234884,
        "Total triples": 4579.0,
        "Total classes": 24,
        "Total predicates": 12,
        "Average population": 22.41176470588235,
        "Total claims": 22.0,
        "Total perspectives": 21.0,
        "Total conflicts": 0,
        "Total sources": 1.0,
        "Ratio claims to triples": 0.0048045424765232585,
        "Ratio perspectives to triples": 0.004586154182135838,
        "Ratio conflicts to triples": 0.0,
        "Ratio perspectives to claims": 0.9545454545454546,
        "Ratio conflicts to claims": 0.0
    },
    {
        "turn": 9,
        "cardinality conflicts": 0,
        "negation conflicts": 0,
        "subject gaps": 2,
        "object gaps": 2,
        "statement novelty": 0,
        "subject novelty": 1,
        "object novelty": 1,
        "overlaps subject-predicate": 0,
        "overlaps predicate-object": 0,
        "trust": 0.5,
        "Average degree": 11.17548076923077,
        "Sparseness": 0.005489552514792899,
        "Shortest path": 2.7430545913172266,
        "Total triples": 4649.0,
        "Total classes": 24,
        "Total predicates": 12,
        "Average population": 22.941176470588236,
        "Total claims": 23.0,
        "Total perspectives": 22.0,
        "Total conflicts": 0,
        "Total sources": 1.0,
        "Ratio claims to triples": 0.004947300494730049,
        "Ratio perspectives to triples": 0.004732200473220047,
        "Ratio conflicts to triples": 0.0,
        "Ratio perspectives to claims": 0.9565217391304348,
        "Ratio conflicts to claims": 0.0
    },
    {
        "turn": 11,
        "cardinality conflicts": 0,
        "negation conflicts": 0,
        "subject gaps": 2,
        "object gaps": 2,
        "statement novelty": 1,
        "subject novelty": 0,
        "object novelty": 0,
        "overlaps subject-predicate": 0,
        "overlaps predicate-object": 0,
        "trust": 0.5,
        "Average degree": 11.201911589008363,
        "Sparseness": 0.005466984693870268,
        "Shortest path": 2.745634042747795,
        "Total triples": 4688.0,
        "Total classes": 24,
        "Total predicates": 12,
        "Average population": 23.11764705882353,
        "Total claims": 23.0,
        "Total perspectives": 22.0,
        "Total conflicts": 0,
        "Total sources": 1.0,
        "Ratio claims to triples": 0.004906143344709898,
        "Ratio perspectives to triples": 0.00469283276450512,
        "Ratio conflicts to triples": 0.0,
        "Ratio perspectives to claims": 0.9565217391304348,
        "Ratio conflicts to claims": 0.0
    },
    {
        "turn": 13,
        "cardinality conflicts": 0,
        "negation conflicts": 0,
        "subject gaps": 2,
        "object gaps": 2,
        "statement novelty": 0,
        "subject novelty": 1,
        "object novelty": 0,
        "overlaps subject-predicate": 0,
        "overlaps predicate-object": 1,
        "trust": 0.5,
        "Average degree": 11.19434628975265,
        "Sparseness": 0.005389837139515622,
        "Shortest path": 2.7514306509322846,
        "Total triples": 4752.0,
        "Total classes": 24,
        "Total predicates": 12,
        "Average population": 23.568627450980394,
        "Total claims": 24.0,
        "Total perspectives": 23.0,
        "Total conflicts": 0,
        "Total sources": 1.0,
        "Ratio claims to triples": 0.005050505050505051,
        "Ratio perspectives to triples": 0.00484006734006734,
        "Ratio conflicts to triples": 0.0,
        "Ratio perspectives to claims": 0.9583333333333334,
        "Ratio conflicts to claims": 0.0
    },
    {
        "turn": 15,
        "cardinality conflicts": 0,
        "negation conflicts": 0,
        "subject gaps": 2,
        "object gaps": 2,
        "statement novelty": 1,
        "subject novelty": 0,
        "object novelty": 0,
        "overlaps subject-predicate": 0,
        "overlaps predicate-object": 1,
        "trust": 0.5,
        "Average degree": 11.220140515222482,
        "Sparseness": 0.005368043481837777,
        "Shortest path": 2.7539144114586622,
        "Total triples": 4791.0,
        "Total classes": 24,
        "Total predicates": 12,
        "Average population": 23.745098039215687,
        "Total claims": 24.0,
        "Total perspectives": 23.0,
        "Total conflicts": 0,
        "Total sources": 1.0,
        "Ratio claims to triples": 0.005009392611145898,
        "Ratio perspectives to triples": 0.00480066791901482,
        "Ratio conflicts to triples": 0.0,
        "Ratio perspectives to claims": 0.9583333333333334,
        "Ratio conflicts to claims": 0.0
    },
    {
        "turn": 17,
        "cardinality conflicts": 0,
        "negation conflicts": 0,
        "subject gaps": 2,
        "object gaps": 2,
        "statement novelty": 0,
        "subject novelty": 0,
        "object novelty": 1,
        "overlaps subject-predicate": 3,
        "overlaps predicate-object": 0,
        "trust": 0.5,
        "Average degree": 11.212471131639722,
        "Sparseness": 0.0052936438937751015,
        "Shortest path": 2.759489513943585,
        "Total triples": 4855.0,
        "Total classes": 24,
        "Total predicates": 12,
        "Average population": 24.19607843137255,
        "Total claims": 25.0,
        "Total perspectives": 24.0,
        "Total conflicts": 0,
        "Total sources": 1.0,
        "Ratio claims to triples": 0.005149330587023687,
        "Ratio perspectives to triples": 0.004943357363542739,
        "Ratio conflicts to triples": 0.0,
        "Ratio perspectives to claims": 0.96,
        "Ratio conflicts to claims": 0.0
    },
    {
        "turn": 19,
        "cardinality conflicts": 0,
        "negation conflicts": 0,
        "subject gaps": 2,
        "object gaps": 2,
        "statement novelty": 1,
        "subject novelty": 0,
        "object novelty": 0,
        "overlaps subject-predicate": 3,
        "overlaps predicate-object": 0,
        "trust": 0.5,
        "Average degree": 11.237657864523536,
        "Sparseness": 0.005272586111217295,
        "Shortest path": 2.761882893226177,
        "Total triples": 4894.0,
        "Total classes": 24,
        "Total predicates": 12,
        "Average population": 24.372549019607842,
        "Total claims": 25.0,
        "Total perspectives": 24.0,
        "Total conflicts": 0,
        "Total sources": 1.0,
        "Ratio claims to triples": 0.005108295872496935,
        "Ratio perspectives to triples": 0.004903964037597058,
        "Ratio conflicts to triples": 0.0,
        "Ratio perspectives to claims": 0.96,
        "Ratio conflicts to claims": 0.0
    }
]