[
    {
        "turn": 0,
        "cardinality conflicts": 0,
        "negation conflicts": 0,
        "subject gaps": 2,
        "object gaps": 2,
        "statement novelty": 0,
        "subject novelty": 1,
        "object novelty": 1,
        "overlaps subject-predicate": 0,
        "overlaps predicate-object": 0,
        "trust": 0.5,
        "Average degree": 10.869976359338061,
        "Sparseness": 0.010384007064254536,
        "Shortest path": 2.347540138706822,
        "Total triples": 2299.0,
        "Total classes": 24,
        "Total predicates": 12,
        "Average population": 8.607843137254902,
        "Total claims": 2.0,
        "Total perspectives": 1.0,
        "Total conflicts": 0,
        "Total sources": 1.0,
        "Ratio claims to triples": 0.0008699434536755111,
        "Ratio perspectives to triples": 0.00043497172683775554,
        "Ratio conflicts to triples": 0.0,
        "Ratio perspectives to claims": 0.5,
        "Ratio conflicts to claims": 0.0
    },
    {
        "turn": 3,
        "cardinality conflicts": 0,
        "negation conflicts": 0,
        "subject gaps": 2,
        "object gaps": 2,
        "statement novelty": 1,
        "subject novelty": 0,
        "object novelty": 0,
        "overlaps subject-predicate": 0,
        "overlaps predicate-object": 0,
        "trust": 0.5,
        "Average degree": 10.888372093023255,
        "Sparseness": 0.010227149810708491,
        "Shortest path": 2.359635713124085,
        "Total triples": 2341.0,
        "Total classes": 24,
        "Total predicates": 12,
        "Average population": 8.803921568627452,
        "Total claims": 2.0,
        "Total perspectives": 1.0,
        "Total conflicts": 0,
        "Total sources": 1.0,
        "Ratio claims to triples": 0.0008543357539513029,
        "Ratio perspectives to triples": 0.00042716787697565144,
        "Ratio conflicts to triples": 0.0,
        "Ratio perspectives to claims": 0.5,
        "Ratio conflicts to claims": 0.0
    },
    {
        "turn": 5,
        "cardinality conflicts": 0,
        "negation conflicts": 0,
        "subject gaps": 2,
        "object gaps": 2,
        "statement novelty": 0,
        "subject novelty": 1,
        "object novelty": 1,
        "overlaps subject-predicate": 0,
        "overlaps predicate-object": 0,
        "trust": 0.5,
        "Average degree": 10.835955056179776,
        "Sparseness": 0.009857341244792324,
        "Shortest path": 2.3867395485373013,
        "Total triples": 2411.0,
        "Total classes": 24,
        "Total predicates": 12,
        "Average population": 9.333333333333334,
        "Total claims": 3.0,
        "Total perspectives": 2.0,
        "Total conflicts": 0,
        "Total sources": 1.0,
        "Ratio claims to triples": 0.001244296972210701,
        "Ratio perspectives to triples": 0.0008295313148071339,
        "Ratio conflicts to triples": 0.0,
        "Ratio perspectives to claims": 0.6666666666666666,
        "Ratio conflicts to claims": 0.0
    },
    {
        "turn": 7,
        "cardinality conflicts": 0,
        "negation conflicts": 0,
        "subject gaps": 2,
        "object gaps": 2,
        "statement novelty": 0,
        "subject novelty": 0,
        "object novelty": 1,
        "overlaps subject-predicate": 0,
        "overlaps predicate-object": 0,
        "trust": 0.5,
        "Average degree": 10.807860262008735,
        "Sparseness": 0.009567895349058943,
        "Shortest path": 2.4095821428912694,
        "Total triples": 2475.0,
        "Total classes": 24,
        "Total predicates": 12,
        "Average population": 9.784313725490197,
        "Total claims": 4.0,
        "Total perspectives": 3.0,
        "Total conflicts": 0,
        "Total sources": 1.0,
        "Ratio claims to triples": 0.0016161616161616162,
        "Ratio perspectives to triples": 0.0012121212121212121,
        "Ratio conflicts to triples": 0.0,
        "Ratio perspectives to claims": 0.75,
        "Ratio conflicts to claims": 0.0
    },
    {
        "turn": 9,
        "cardinality conflicts": 0,
        "negation conflicts": 0,
        "subject gaps": 2,
        "object gaps": 2,
        "statement novelty": 1,
        "subject novelty": 0,
        "object novelty": 0,
        "overlaps subject-predicate": 0,
        "overlaps predicate-object": 0,
        "trust": 0.5,
        "Average degree": 10.836206896551724,
        "Sparseness": 0.00946139268727705,
        "Shortest path": 2.4208125418932003,
        "Total triples": 2514.0,
        "Total classes": 24,
        "Total predicates": 12,
        "Average population": 9.96078431372549,
        "Total claims": 4.0,
        "Total perspectives": 3.0,
        "Total conflicts": 0,
        "Total sources": 1.0,
        "Ratio claims to triples": 0.0015910898965791568,
        "Ratio perspectives to triples": 0.0011933174224343676,
        "Ratio conflicts to triples": 0.0,
        "Ratio perspectives to claims": 0.75,
        "Ratio conflicts to claims": 0.0
    },
    {
        "turn": 11,
        "cardinality conflicts": 0,
        "negation conflicts": 0,
        "subject gaps": 2,
        "object gaps": 2,
        "statement novelty": 1,
        "subject novelty": 0,
        "object novelty": 0,
        "overlaps subject-predicate": 0,
        "overlaps predicate-object": 0,
        "trust": 0.5,
        "Average degree": 10.863829787234042,
        "Sparseness": 0.009357175192394748,
        "Shortest path": 2.431774259402078,
        "Total triples": 2553.0,
        "Total classes": 24,
        "Total predicates": 12,
        "Average population": 10.137254901960784,
        "Total claims": 4.0,
        "Total perspectives": 3.0,
        "Total conflicts": 0,
        "Total sources": 1.0,
        "Ratio claims to triples": 0.0015667841754798276,
        "Ratio perspectives to triples": 0.0011750881316098707,
        "Ratio conflicts to triples": 0.0,
        "Ratio perspectives to claims": 0.75,
        "Ratio conflicts to claims": 0.0
    },
    {
        "turn": 13,
        "cardinality conflicts": 0,
        "negation conflicts": 0,
        "subject gaps": 2,
        "object gaps": 2,
        "statement novelty": 1,
        "subject novelty": 0,
        "object novelty": 0,
        "overlaps subject-predicate": 0,
        "overlaps predicate-object": 0,
        "trust": 0.5,
        "Average degree": 10.890756302521009,
        "Sparseness": 0.009255172657298213,
        "Shortest path": 2.4424767801857583,
        "Total triples": 2592.0,
        "Total classes": 24,
        "Total predicates": 12,
        "Average population": 10.313725490196079,
        "Total claims": 4.0,
        "Total perspectives": 3.0,
        "Total conflicts": 0,
        "Total sources": 1.0,
        "Ratio claims to triples": 0.0015432098765432098,
        "Ratio perspectives to triples": 0.0011574074074074073,
        "Ratio conflicts to triples": 0.0,
        "Ratio perspectives to claims": 0.75,
        "Ratio conflicts to claims": 0.0
    },
    {
        "turn": 15,
        "cardinality conflicts": 0,
        "negation conflicts": 0,
        "subject gaps": 2,
        "object gaps": 2,
        "statement novelty": 1,
        "subject novelty": 0,
        "object novelty": 0,
        "overlaps subject-predicate": 0,
        "overlaps predicate-object": 0,
        "trust": 0.5,
        "Average degree": 10.91701244813278,
        "Sparseness": 0.009155317573733234,
        "Shortest path": 2.452929150024586,
        "Total triples": 2631.0,
        "Total classes": 24,
        "Total predicates": 12,
        "Average population": 10.490196078431373,
        "Total claims": 4.0,
        "Total perspectives": 3.0,
        "Total conflicts": 0,
        "Total sources": 1.0,
        "Ratio claims to triples": 0.0015203344735841885,
        "Ratio perspectives to triples": 0.0011402508551881414,
        "Ratio conflicts to triples": 0.0,
        "Ratio perspectives to claims": 0.75,
        "Ratio conflicts to claims": 0.0
    },
    {
        "turn": 17,
        "cardinality conflicts": 0,
        "negation conflicts": 0,
        "subject gaps": 2,
        "object gaps": 2,
        "statement novelty": 1,
        "subject novelty": 0,
        "object novelty": 0,
        "overlaps subject-predicate": 0,
        "overlaps predicate-object": 0,
        "trust": 0.5,
        "Average degree": 10.942622950819672,
        "Sparseness": 0.009057545014780973,
        "Shortest path": 2.463140000673242,
        "Total triples": 2670.0,
        "Total classes": 24,
        "Total predicates": 12,
        "Average population": 10.666666666666666,
        "Total claims": 4.0,
        "Total perspectives": 3.0,
        "Total conflicts": 0,
        "Total sources": 1.0,
        "Ratio claims to triples": 0.00149812734082397,
        "Ratio perspectives to triples": 0.0011235955056179776,
        "Ratio conflicts to triples": 0.0,
        "Ratio perspectives to claims": 0.75,
        "Ratio conflicts to claims": 0.0
    },
    {
        "turn": 19,
        "cardinality conflicts": 0,
        "negation conflicts": 0,
        "subject gaps": 2,
        "object gaps": 2,
        "statement novelty": 0,
        "subject novelty": 0,
        "object novelty": 1,
        "overlaps subject-predicate": 0,
        "overlaps predicate-object": 0,
        "trust": 0.5,
        "Average degree": 10.914171656686626,
        "Sparseness": 0.008812713893570145,
        "Shortest path": 2.4822355289421156,
        "Total triples": 2734.0,
        "Total classes": 24,
        "Total predicates": 12,
        "Average population": 11.117647058823529,
        "Total claims": 5.0,
        "Total perspectives": 4.0,
        "Total conflicts": 0,
        "Total sources": 1.0,
        "Ratio claims to triples": 0.0018288222384784199,
        "Ratio perspectives to triples": 0.001463057790782736,
        "Ratio conflicts to triples": 0.0,
        "Ratio perspectives to claims": 0.8,
        "Ratio conflicts to claims": 0.0
    }
]