[
    {
        "turn": 0,
        "cardinality conflicts": 0,
        "negation conflicts": 0,
        "subject gaps": 2,
        "object gaps": 2,
        "statement novelty": 0,
        "subject novelty": 1,
        "object novelty": 1,
        "overlaps subject-predicate": 0,
        "overlaps predicate-object": 0,
        "trust": 0.5,
        "Average degree": 10.869976359338061,
        "Sparseness": 0.010384007064254536,
        "Shortest path": 2.347540138706822,
        "Total triples": 2299.0,
        "Total classes": 24,
        "Total predicates": 12,
        "Average population": 8.607843137254902,
        "Total claims": 2.0,
        "Total perspectives": 1.0,
        "Total conflicts": 0,
        "Total sources": 1.0,
        "Ratio claims to triples": 0.0008699434536755111,
        "Ratio perspectives to triples": 0.00043497172683775554,
        "Ratio conflicts to triples": 0.0,
        "Ratio perspectives to claims": 0.5,
        "Ratio conflicts to claims": 0.0
    },
    {
        "turn": 3,
        "cardinality conflicts": 0,
        "negation conflicts": 0,
        "subject gaps": 2,
        "object gaps": 2,
        "statement novelty": 1,
        "subject novelty": 0,
        "object novelty": 0,
        "overlaps subject-predicate": 0,
        "overlaps predicate-object": 0,
        "trust": 0.5,
        "Average degree": 10.888372093023255,
        "Sparseness": 0.010227149810708491,
        "Shortest path": 2.359635713124085,
        "Total triples": 2341.0,
        "Total classes": 24,
        "Total predicates": 12,
        "Average population": 8.803921568627452,
        "Total claims": 2.0,
        "Total perspectives": 1.0,
        "Total conflicts": 0,
        "Total sources": 1.0,
        "Ratio claims to triples": 0.0008543357539513029,
        "Ratio perspectives to triples": 0.00042716787697565144,
        "Ratio conflicts to triples": 0.0,
        "Ratio perspectives to claims": 0.5,
        "Ratio conflicts to claims": 0.0
    },
    {
        "turn": 5,
        "cardinality conflicts": 0,
        "negation conflicts": 0,
        "subject gaps": 2,
        "object gaps": 2,
        "statement novelty": 1,
        "subject novelty": 0,
        "object novelty": 0,
        "overlaps subject-predicate": 0,
        "overlaps predicate-object": 0,
        "trust": 0.5,
        "Average degree": 10.917431192660551,
        "Sparseness": 0.010105420419156637,
        "Shortest path": 2.372192344194875,
        "Total triples": 2380.0,
        "Total classes": 24,
        "Total predicates": 12,
        "Average population": 8.980392156862745,
        "Total claims": 2.0,
        "Total perspectives": 1.0,
        "Total conflicts": 0,
        "Total sources": 1.0,
        "Ratio claims to triples": 0.0008403361344537816,
        "Ratio perspectives to triples": 0.0004201680672268908,
        "Ratio conflicts to triples": 0.0,
        "Ratio perspectives to claims": 0.5,
        "Ratio conflicts to claims": 0.0
    },
    {
        "turn": 7,
        "cardinality conflicts": 0,
        "negation conflicts": 0,
        "subject gaps": 2,
        "object gaps": 2,
        "statement novelty": 0,
        "subject novelty": 0,
        "object novelty": 1,
        "overlaps subject-predicate": 0,
        "overlaps predicate-object": 0,
        "trust": 0.5,
        "Average degree": 10.88641425389755,
        "Sparseness": 0.009801538682843836,
        "Shortest path": 2.395879732739421,
        "Total triples": 2444.0,
        "Total classes": 24,
        "Total predicates": 12,
        "Average population": 9.431372549019608,
        "Total claims": 3.0,
        "Total perspectives": 2.0,
        "Total conflicts": 0,
        "Total sources": 1.0,
        "Ratio claims to triples": 0.0012274959083469722,
        "Ratio perspectives to triples": 0.0008183306055646482,
        "Ratio conflicts to triples": 0.0,
        "Ratio perspectives to claims": 0.6666666666666666,
        "Ratio conflicts to claims": 0.0
    },
    {
        "turn": 9,
        "cardinality conflicts": 0,
        "negation conflicts": 0,
        "subject gaps": 2,
        "object gaps": 2,
        "statement novelty": 0,
        "subject novelty": 1,
        "object novelty": 1,
        "overlaps subject-predicate": 0,
        "overlaps predicate-object": 0,
        "trust": 0.5,
        "Average degree": 10.836206896551724,
        "Sparseness": 0.00946139268727705,
        "Shortest path": 2.4208125418932003,
        "Total triples": 2514.0,
        "Total classes": 24,
        "Total predicates": 12,
        "Average population": 9.96078431372549,
        "Total claims": 4.0,
        "Total perspectives": 3.0,
        "Total conflicts": 0,
        "Total sources": 1.0,
        "Ratio claims to triples": 0.0015910898965791568,
        "Ratio perspectives to triples": 0.0011933174224343676,
        "Ratio conflicts to triples": 0.0,
        "Ratio perspectives to claims": 0.75,
        "Ratio conflicts to claims": 0.0
    },
    {
        "turn": 11,
        "cardinality conflicts": 0,
        "negation conflicts": 0,
        "subject gaps": 2,
        "object gaps": 2,
        "statement novelty": 0,
        "subject novelty": 0,
        "object novelty": 1,
        "overlaps subject-predicate": 0,
        "overlaps predicate-object": 0,
        "trust": 0.5,
        "Average degree": 10.80922431865828,
        "Sparseness": 0.009194432358073037,
        "Shortest path": 2.4419075806423196,
        "Total triples": 2578.0,
        "Total classes": 24,
        "Total predicates": 12,
        "Average population": 10.411764705882353,
        "Total claims": 5.0,
        "Total perspectives": 4.0,
        "Total conflicts": 0,
        "Total sources": 1.0,
        "Ratio claims to triples": 0.001939487975174554,
        "Ratio perspectives to triples": 0.0015515903801396431,
        "Ratio conflicts to triples": 0.0,
        "Ratio perspectives to claims": 0.8,
        "Ratio conflicts to claims": 0.0
    },
    {
        "turn": 13,
        "cardinality conflicts": 0,
        "negation conflicts": 0,
        "subject gaps": 2,
        "object gaps": 2,
        "statement novelty": 0,
        "subject novelty": 0,
        "object novelty": 1,
        "overlaps subject-predicate": 0,
        "overlaps predicate-object": 0,
        "trust": 0.5,
        "Average degree": 10.783673469387756,
        "Sparseness": 0.00894210745522699,
        "Shortest path": 2.4619339760444054,
        "Total triples": 2642.0,
        "Total classes": 24,
        "Total predicates": 12,
        "Average population": 10.862745098039216,
        "Total claims": 6.0,
        "Total perspectives": 5.0,
        "Total conflicts": 0,
        "Total sources": 1.0,
        "Ratio claims to triples": 0.002271006813020439,
        "Ratio perspectives to triples": 0.0018925056775170325,
        "Ratio conflicts to triples": 0.0,
        "Ratio perspectives to claims": 0.8333333333333334,
        "Ratio conflicts to claims": 0.0
    },
    {
        "turn": 15,
        "cardinality conflicts": 0,
        "negation conflicts": 0,
        "subject gaps": 2,
        "object gaps": 2,
        "statement novelty": 1,
        "subject novelty": 0,
        "object novelty": 0,
        "overlaps subject-predicate": 0,
        "overlaps predicate-object": 0,
        "trust": 0.5,
        "Average degree": 10.810483870967742,
        "Sparseness": 0.008849017950052029,
        "Shortest path": 2.47188009123493,
        "Total triples": 2681.0,
        "Total classes": 24,
        "Total predicates": 12,
        "Average population": 11.03921568627451,
        "Total claims": 6.0,
        "Total perspectives": 5.0,
        "Total conflicts": 0,
        "Total sources": 1.0,
        "Ratio claims to triples": 0.002237970906378217,
        "Ratio perspectives to triples": 0.001864975755315181,
        "Ratio conflicts to triples": 0.0,
        "Ratio perspectives to claims": 0.8333333333333334,
        "Ratio conflicts to claims": 0.0
    },
    {
        "turn": 17,
        "cardinality conflicts": 0,
        "negation conflicts": 0,
        "subject gaps": 2,
        "object gaps": 2,
        "statement novelty": 1,
        "subject novelty": 0,
        "object novelty": 0,
        "overlaps subject-predicate": 0,
        "overlaps predicate-object": 0,
        "trust": 0.5,
        "Average degree": 10.836653386454183,
        "Sparseness": 0.008757797495277853,
        "Shortest path": 2.481602531987817,
        "Total triples": 2720.0,
        "Total classes": 24,
        "Total predicates": 12,
        "Average population": 11.215686274509803,
        "Total claims": 6.0,
        "Total perspectives": 5.0,
        "Total conflicts": 0,
        "Total sources": 1.0,
        "Ratio claims to triples": 0.0022058823529411764,
        "Ratio perspectives to triples": 0.001838235294117647,
        "Ratio conflicts to triples": 0.0,
        "Ratio perspectives to claims": 0.8333333333333334,
        "Ratio conflicts to claims": 0.0
    },
    {
        "turn": 19,
        "cardinality conflicts": 0,
        "negation conflicts": 0,
        "subject gaps": 2,
        "object gaps": 2,
        "statement novelty": 1,
        "subject novelty": 0,
        "object novelty": 0,
        "overlaps subject-predicate": 0,
        "overlaps predicate-object": 0,
        "trust": 0.5,
        "Average degree": 10.862204724409448,
        "Sparseness": 0.008668392336784674,
        "Shortest path": 2.4911087297519763,
        "Total triples": 2759.0,
        "Total classes": 24,
        "Total predicates": 12,
        "Average population": 11.392156862745098,
        "Total claims": 6.0,
        "Total perspectives": 5.0,
        "Total conflicts": 0,
        "Total sources": 1.0,
        "Ratio claims to triples": 0.0021747009786154403,
        "Ratio perspectives to triples": 0.001812250815512867,
        "Ratio conflicts to triples": 0.0,
        "Ratio perspectives to claims": 0.8333333333333334,
        "Ratio conflicts to claims": 0.0
    }
]