[
    {
        "turn": 0,
        "cardinality conflicts": 0,
        "negation conflicts": 0,
        "subject gaps": 2,
        "object gaps": 2,
        "statement novelty": 0,
        "subject novelty": 0,
        "object novelty": 1,
        "overlaps subject-predicate": 0,
        "overlaps predicate-object": 0,
        "trust": 0.5,
        "Average degree": 10.909340659340659,
        "Sparseness": 0.0061341474459606325,
        "Shortest path": 2.687319558021071,
        "Total triples": 3971.0,
        "Total classes": 24,
        "Total predicates": 12,
        "Average population": 19.19607843137255,
        "Total claims": 18.0,
        "Total perspectives": 17.0,
        "Total conflicts": 0,
        "Total sources": 1.0,
        "Ratio claims to triples": 0.004532863258625032,
        "Ratio perspectives to triples": 0.004281037522034752,
        "Ratio conflicts to triples": 0.0,
        "Ratio perspectives to claims": 0.9444444444444444,
        "Ratio conflicts to claims": 0.0
    },
    {
        "turn": 3,
        "cardinality conflicts": 0,
        "negation conflicts": 0,
        "subject gaps": 2,
        "object gaps": 2,
        "statement novelty": 1,
        "subject novelty": 0,
        "object novelty": 0,
        "overlaps subject-predicate": 0,
        "overlaps predicate-object": 0,
        "trust": 0.5,
        "Average degree": 10.934604904632153,
        "Sparseness": 0.006095523762148357,
        "Shortest path": 2.6896855518919303,
        "Total triples": 4013.0,
        "Total classes": 24,
        "Total predicates": 12,
        "Average population": 19.392156862745097,
        "Total claims": 18.0,
        "Total perspectives": 17.0,
        "Total conflicts": 0,
        "Total sources": 1.0,
        "Ratio claims to triples": 0.00448542237727386,
        "Ratio perspectives to triples": 0.00423623224520309,
        "Ratio conflicts to triples": 0.0,
        "Ratio perspectives to claims": 0.9444444444444444,
        "Ratio conflicts to claims": 0.0
    },
    {
        "turn": 5,
        "cardinality conflicts": 0,
        "negation conflicts": 0,
        "subject gaps": 2,
        "object gaps": 2,
        "statement novelty": 0,
        "subject novelty": 0,
        "object novelty": 0,
        "overlaps subject-predicate": 0,
        "overlaps predicate-object": 1,
        "trust": 0.5,
        "Average degree": 10.943548387096774,
        "Sparseness": 0.006021288588276101,
        "Shortest path": 2.69626912111608,
        "Total triples": 4071.0,
        "Total classes": 24,
        "Total predicates": 12,
        "Average population": 19.764705882352942,
        "Total claims": 19.0,
        "Total perspectives": 18.0,
        "Total conflicts": 0,
        "Total sources": 1.0,
        "Ratio claims to triples": 0.004667157946450504,
        "Ratio perspectives to triples": 0.004421518054532056,
        "Ratio conflicts to triples": 0.0,
        "Ratio perspectives to claims": 0.9473684210526315,
        "Ratio conflicts to claims": 0.0
    },
    {
        "turn": 7,
        "cardinality conflicts": 0,
        "negation conflicts": 0,
        "subject gaps": 2,
        "object gaps": 2,
        "statement novelty": 0,
        "subject novelty": 0,
        "object novelty": 1,
        "overlaps subject-predicate": 0,
        "overlaps predicate-object": 0,
        "trust": 0.5,
        "Average degree": 10.93915343915344,
        "Sparseness": 0.005927885557515187,
        "Shortest path": 2.703500473036897,
        "Total triples": 4135.0,
        "Total classes": 24,
        "Total predicates": 12,
        "Average population": 20.215686274509803,
        "Total claims": 20.0,
        "Total perspectives": 19.0,
        "Total conflicts": 0,
        "Total sources": 1.0,
        "Ratio claims to triples": 0.0048367593712212815,
        "Ratio perspectives to triples": 0.004594921402660218,
        "Ratio conflicts to triples": 0.0,
        "Ratio perspectives to claims": 0.95,
        "Ratio conflicts to claims": 0.0
    },
    {
        "turn": 9,
        "cardinality conflicts": 0,
        "negation conflicts": 0,
        "subject gaps": 2,
        "object gaps": 2,
        "statement novelty": 0,
        "subject novelty": 1,
        "object novelty": 1,
        "overlaps subject-predicate": 0,
        "overlaps predicate-object": 0,
        "trust": 0.5,
        "Average degree": 10.922077922077921,
        "Sparseness": 0.0058171698431438695,
        "Shortest path": 2.7112931281981996,
        "Total triples": 4205.0,
        "Total classes": 24,
        "Total predicates": 12,
        "Average population": 20.745098039215687,
        "Total claims": 21.0,
        "Total perspectives": 20.0,
        "Total conflicts": 0,
        "Total sources": 1.0,
        "Ratio claims to triples": 0.004994054696789536,
        "Ratio perspectives to triples": 0.0047562425683709865,
        "Ratio conflicts to triples": 0.0,
        "Ratio perspectives to claims": 0.9523809523809523,
        "Ratio conflicts to claims": 0.0
    },
    {
        "turn": 11,
        "cardinality conflicts": 0,
        "negation conflicts": 0,
        "subject gaps": 2,
        "object gaps": 2,
        "statement novelty": 1,
        "subject novelty": 0,
        "object novelty": 0,
        "overlaps subject-predicate": 0,
        "overlaps predicate-object": 0,
        "trust": 0.5,
        "Average degree": 10.95225806451613,
        "Sparseness": 0.005792299687825182,
        "Shortest path": 2.71425856464116,
        "Total triples": 4244.0,
        "Total classes": 24,
        "Total predicates": 12,
        "Average population": 20.92156862745098,
        "Total claims": 21.0,
        "Total perspectives": 20.0,
        "Total conflicts": 0,
        "Total sources": 1.0,
        "Ratio claims to triples": 0.004948162111215834,
        "Ratio perspectives to triples": 0.00471253534401508,
        "Ratio conflicts to triples": 0.0,
        "Ratio perspectives to claims": 0.9523809523809523,
        "Ratio conflicts to claims": 0.0
    },
    {
        "turn": 13,
        "cardinality conflicts": 0,
        "negation conflicts": 0,
        "subject gaps": 2,
        "object gaps": 2,
        "statement novelty": 0,
        "subject novelty": 1,
        "object novelty": 0,
        "overlaps subject-predicate": 0,
        "overlaps predicate-object": 1,
        "trust": 0.5,
        "Average degree": 10.947903430749683,
        "Sparseness": 0.00570580703909947,
        "Shortest path": 2.7209488798574806,
        "Total triples": 4308.0,
        "Total classes": 24,
        "Total predicates": 12,
        "Average population": 21.372549019607842,
        "Total claims": 22.0,
        "Total perspectives": 21.0,
        "Total conflicts": 0,
        "Total sources": 1.0,
        "Ratio claims to triples": 0.00510677808727948,
        "Ratio perspectives to triples": 0.004874651810584958,
        "Ratio conflicts to triples": 0.0,
        "Ratio perspectives to claims": 0.9545454545454546,
        "Ratio conflicts to claims": 0.0
    },
    {
        "turn": 15,
        "cardinality conflicts": 0,
        "negation conflicts": 0,
        "subject gaps": 2,
        "object gaps": 2,
        "statement novelty": 0,
        "subject novelty": 0,
        "object novelty": 1,
        "overlaps subject-predicate": 0,
        "overlaps predicate-object": 0,
        "trust": 0.5,
        "Average degree": 10.943679599499374,
        "Sparseness": 0.005621858361750686,
        "Shortest path": 2.7274443932108117,
        "Total triples": 4372.0,
        "Total classes": 24,
        "Total predicates": 12,
        "Average population": 21.823529411764707,
        "Total claims": 23.0,
        "Total perspectives": 22.0,
        "Total conflicts": 0,
        "Total sources": 1.0,
        "Ratio claims to triples": 0.0052607502287282705,
        "Ratio perspectives to triples": 0.005032021957913998,
        "Ratio conflicts to triples": 0.0,
        "Ratio perspectives to claims": 0.9565217391304348,
        "Ratio conflicts to claims": 0.0
    },
    {
        "turn": 17,
        "cardinality conflicts": 0,
        "negation conflicts": 0,
        "subject gaps": 2,
        "object gaps": 2,
        "statement novelty": 1,
        "subject novelty": 0,
        "object novelty": 0,
        "overlaps subject-predicate": 0,
        "overlaps predicate-object": 0,
        "trust": 0.5,
        "Average degree": 10.972636815920398,
        "Sparseness": 0.005598561916784238,
        "Shortest path": 2.7302125734961558,
        "Total triples": 4411.0,
        "Total classes": 24,
        "Total predicates": 12,
        "Average population": 22.0,
        "Total claims": 23.0,
        "Total perspectives": 22.0,
        "Total conflicts": 0,
        "Total sources": 1.0,
        "Ratio claims to triples": 0.0052142371344366355,
        "Ratio perspectives to triples": 0.004987531172069825,
        "Ratio conflicts to triples": 0.0,
        "Ratio perspectives to claims": 0.9565217391304348,
        "Ratio conflicts to claims": 0.0
    },
    {
        "turn": 19,
        "cardinality conflicts": 0,
        "negation conflicts": 0,
        "subject gaps": 2,
        "object gaps": 2,
        "statement novelty": 0,
        "subject novelty": 0,
        "object novelty": 0,
        "overlaps subject-predicate": 0,
        "overlaps predicate-object": 1,
        "trust": 0.5,
        "Average degree": 10.98034398034398,
        "Sparseness": 0.005535801604597673,
        "Shortest path": 2.7357709940735773,
        "Total triples": 4469.0,
        "Total classes": 24,
        "Total predicates": 12,
        "Average population": 22.372549019607842,
        "Total claims": 24.0,
        "Total perspectives": 23.0,
        "Total conflicts": 0,
        "Total sources": 1.0,
        "Ratio claims to triples": 0.005370328932647125,
        "Ratio perspectives to triples": 0.005146565227120161,
        "Ratio conflicts to triples": 0.0,
        "Ratio perspectives to claims": 0.9583333333333334,
        "Ratio conflicts to claims": 0.0
    }
]