[
    {
        "turn": 0,
        "cardinality conflicts": 0,
        "negation conflicts": 0,
        "subject gaps": 2,
        "object gaps": 2,
        "statement novelty": 0,
        "subject novelty": 0,
        "object novelty": 1,
        "overlaps subject-predicate": 0,
        "overlaps predicate-object": 0,
        "trust": 0.5,
        "Average degree": 11.260025873221217,
        "Sparseness": 0.005922725089493565,
        "Shortest path": 2.7150627727245307,
        "Total triples": 4352.0,
        "Total classes": 24,
        "Total predicates": 12,
        "Average population": 20.686274509803923,
        "Total claims": 18.0,
        "Total perspectives": 17.0,
        "Total conflicts": 0,
        "Total sources": 1.0,
        "Ratio claims to triples": 0.004136029411764706,
        "Ratio perspectives to triples": 0.00390625,
        "Ratio conflicts to triples": 0.0,
        "Ratio perspectives to claims": 0.9444444444444444,
        "Ratio conflicts to claims": 0.0
    },
    {
        "turn": 3,
        "cardinality conflicts": 0,
        "negation conflicts": 0,
        "subject gaps": 2,
        "object gaps": 2,
        "statement novelty": 0,
        "subject novelty": 1,
        "object novelty": 1,
        "overlaps subject-predicate": 0,
        "overlaps predicate-object": 0,
        "trust": 0.5,
        "Average degree": 11.230964467005077,
        "Sparseness": 0.005802455615965369,
        "Shortest path": 2.7216216564864326,
        "Total triples": 4425.0,
        "Total classes": 24,
        "Total predicates": 12,
        "Average population": 21.235294117647058,
        "Total claims": 19.0,
        "Total perspectives": 18.0,
        "Total conflicts": 0,
        "Total sources": 1.0,
        "Ratio claims to triples": 0.004293785310734463,
        "Ratio perspectives to triples": 0.004067796610169492,
        "Ratio conflicts to triples": 0.0,
        "Ratio perspectives to claims": 0.9473684210526315,
        "Ratio conflicts to claims": 0.0
    },
    {
        "turn": 5,
        "cardinality conflicts": 0,
        "negation conflicts": 0,
        "subject gaps": 2,
        "object gaps": 2,
        "statement novelty": 1,
        "subject novelty": 0,
        "object novelty": 0,
        "overlaps subject-predicate": 0,
        "overlaps predicate-object": 0,
        "trust": 0.5,
        "Average degree": 11.258511979823455,
        "Sparseness": 0.005777221558752578,
        "Shortest path": 2.724483167106118,
        "Total triples": 4464.0,
        "Total classes": 24,
        "Total predicates": 12,
        "Average population": 21.41176470588235,
        "Total claims": 19.0,
        "Total perspectives": 18.0,
        "Total conflicts": 0,
        "Total sources": 1.0,
        "Ratio claims to triples": 0.004256272401433692,
        "Ratio perspectives to triples": 0.004032258064516129,
        "Ratio conflicts to triples": 0.0,
        "Ratio perspectives to claims": 0.9473684210526315,
        "Ratio conflicts to claims": 0.0
    },
    {
        "turn": 7,
        "cardinality conflicts": 0,
        "negation conflicts": 0,
        "subject gaps": 2,
        "object gaps": 2,
        "statement novelty": 1,
        "subject novelty": 0,
        "object novelty": 0,
        "overlaps subject-predicate": 0,
        "overlaps predicate-object": 0,
        "trust": 0.5,
        "Average degree": 11.285714285714286,
        "Sparseness": 0.005752162360789191,
        "Shortest path": 2.727295025518627,
        "Total triples": 4503.0,
        "Total classes": 24,
        "Total predicates": 12,
        "Average population": 21.58823529411765,
        "Total claims": 19.0,
        "Total perspectives": 18.0,
        "Total conflicts": 0,
        "Total sources": 1.0,
        "Ratio claims to triples": 0.004219409282700422,
        "Ratio perspectives to triples": 0.003997335109926716,
        "Ratio conflicts to triples": 0.0,
        "Ratio perspectives to claims": 0.9473684210526315,
        "Ratio conflicts to claims": 0.0
    },
    {
        "turn": 9,
        "cardinality conflicts": 0,
        "negation conflicts": 0,
        "subject gaps": 2,
        "object gaps": 2,
        "statement novelty": 0,
        "subject novelty": 1,
        "object novelty": 1,
        "overlaps subject-predicate": 0,
        "overlaps predicate-object": 0,
        "trust": 0.5,
        "Average degree": 11.263546798029557,
        "Sparseness": 0.005648038049940547,
        "Shortest path": 2.734315113008935,
        "Total triples": 4573.0,
        "Total classes": 24,
        "Total predicates": 12,
        "Average population": 22.11764705882353,
        "Total claims": 20.0,
        "Total perspectives": 19.0,
        "Total conflicts": 0,
        "Total sources": 1.0,
        "Ratio claims to triples": 0.004373496610540126,
        "Ratio perspectives to triples": 0.0041548217800131204,
        "Ratio conflicts to triples": 0.0,
        "Ratio perspectives to claims": 0.95,
        "Ratio conflicts to claims": 0.0
    },
    {
        "turn": 11,
        "cardinality conflicts": 0,
        "negation conflicts": 0,
        "subject gaps": 2,
        "object gaps": 2,
        "statement novelty": 1,
        "subject novelty": 0,
        "object novelty": 0,
        "overlaps subject-predicate": 0,
        "overlaps predicate-object": 0,
        "trust": 0.5,
        "Average degree": 11.290085679314565,
        "Sparseness": 0.005624062718636562,
        "Shortest path": 2.7370071039431685,
        "Total triples": 4612.0,
        "Total classes": 24,
        "Total predicates": 12,
        "Average population": 22.294117647058822,
        "Total claims": 20.0,
        "Total perspectives": 19.0,
        "Total conflicts": 0,
        "Total sources": 1.0,
        "Ratio claims to triples": 0.004336513443191674,
        "Ratio perspectives to triples": 0.00411968777103209,
        "Ratio conflicts to triples": 0.0,
        "Ratio perspectives to claims": 0.95,
        "Ratio conflicts to claims": 0.0
    },
    {
        "turn": 13,
        "cardinality conflicts": 0,
        "negation conflicts": 0,
        "subject gaps": 2,
        "object gaps": 2,
        "statement novelty": 1,
        "subject novelty": 0,
        "object novelty": 0,
        "overlaps subject-predicate": 0,
        "overlaps predicate-object": 0,
        "trust": 0.5,
        "Average degree": 11.316301703163017,
        "Sparseness": 0.005600251004907619,
        "Shortest path": 2.739668258103138,
        "Total triples": 4651.0,
        "Total classes": 24,
        "Total predicates": 12,
        "Average population": 22.470588235294116,
        "Total claims": 20.0,
        "Total perspectives": 19.0,
        "Total conflicts": 0,
        "Total sources": 1.0,
        "Ratio claims to triples": 0.0043001505052676844,
        "Ratio perspectives to triples": 0.0040851429800043,
        "Ratio conflicts to triples": 0.0,
        "Ratio perspectives to claims": 0.95,
        "Ratio conflicts to claims": 0.0
    },
    {
        "turn": 15,
        "cardinality conflicts": 0,
        "negation conflicts": 0,
        "subject gaps": 2,
        "object gaps": 2,
        "statement novelty": 0,
        "subject novelty": 0,
        "object novelty": 1,
        "overlaps subject-predicate": 0,
        "overlaps predicate-object": 0,
        "trust": 0.5,
        "Average degree": 11.30695443645084,
        "Sparseness": 0.005519325546756839,
        "Shortest path": 2.745653657146312,
        "Total triples": 4715.0,
        "Total classes": 24,
        "Total predicates": 12,
        "Average population": 22.92156862745098,
        "Total claims": 21.0,
        "Total perspectives": 20.0,
        "Total conflicts": 0,
        "Total sources": 1.0,
        "Ratio claims to triples": 0.004453870625662778,
        "Ratio perspectives to triples": 0.0042417815482502655,
        "Ratio conflicts to triples": 0.0,
        "Ratio perspectives to claims": 0.9523809523809523,
        "Ratio conflicts to claims": 0.0
    },
    {
        "turn": 17,
        "cardinality conflicts": 0,
        "negation conflicts": 0,
        "subject gaps": 2,
        "object gaps": 2,
        "statement novelty": 1,
        "subject novelty": 0,
        "object novelty": 0,
        "overlaps subject-predicate": 0,
        "overlaps predicate-object": 0,
        "trust": 0.5,
        "Average degree": 11.33253873659118,
        "Sparseness": 0.005496355414883204,
        "Shortest path": 2.7482142907939613,
        "Total triples": 4754.0,
        "Total classes": 24,
        "Total predicates": 12,
        "Average population": 23.098039215686274,
        "Total claims": 21.0,
        "Total perspectives": 20.0,
        "Total conflicts": 0,
        "Total sources": 1.0,
        "Ratio claims to triples": 0.004417332772402188,
        "Ratio perspectives to triples": 0.004206983592763988,
        "Ratio conflicts to triples": 0.0,
        "Ratio perspectives to claims": 0.9523809523809523,
        "Ratio conflicts to claims": 0.0
    },
    {
        "turn": 19,
        "cardinality conflicts": 0,
        "negation conflicts": 0,
        "subject gaps": 2,
        "object gaps": 2,
        "statement novelty": 1,
        "subject novelty": 0,
        "object novelty": 0,
        "overlaps subject-predicate": 0,
        "overlaps predicate-object": 0,
        "trust": 0.5,
        "Average degree": 11.35781990521327,
        "Sparseness": 0.005473540576357225,
        "Shortest path": 2.750746319002884,
        "Total triples": 4793.0,
        "Total classes": 24,
        "Total predicates": 12,
        "Average population": 23.274509803921568,
        "Total claims": 21.0,
        "Total perspectives": 20.0,
        "Total conflicts": 0,
        "Total sources": 1.0,
        "Ratio claims to triples": 0.004381389526392656,
        "Ratio perspectives to triples": 0.004172751929897768,
        "Ratio conflicts to triples": 0.0,
        "Ratio perspectives to claims": 0.9523809523809523,
        "Ratio conflicts to claims": 0.0
    }
]