[
    {
        "turn": 0,
        "cardinality conflicts": 0,
        "negation conflicts": 0,
        "subject gaps": 2,
        "object gaps": 2,
        "statement novelty": 0,
        "subject novelty": 0,
        "object novelty": 0,
        "overlaps subject-predicate": 0,
        "overlaps predicate-object": 1,
        "trust": 0.5,
        "Average degree": 11.044226044226043,
        "Sparseness": 0.00555693061835568,
        "Shortest path": 2.7355564219032855,
        "Total triples": 4495.0,
        "Total classes": 24,
        "Total predicates": 12,
        "Average population": 22.294117647058822,
        "Total claims": 23.0,
        "Total perspectives": 22.0,
        "Total conflicts": 0,
        "Total sources": 1.0,
        "Ratio claims to triples": 0.005116796440489433,
        "Ratio perspectives to triples": 0.00489432703003337,
        "Ratio conflicts to triples": 0.0,
        "Ratio perspectives to claims": 0.9565217391304348,
        "Ratio conflicts to claims": 0.0
    },
    {
        "turn": 3,
        "cardinality conflicts": 0,
        "negation conflicts": 0,
        "subject gaps": 2,
        "object gaps": 2,
        "statement novelty": 1,
        "subject novelty": 0,
        "object novelty": 0,
        "overlaps subject-predicate": 2,
        "overlaps predicate-object": 0,
        "trust": 0.5,
        "Average degree": 11.065853658536586,
        "Sparseness": 0.005524985127900059,
        "Shortest path": 2.7373566812591204,
        "Total triples": 4537.0,
        "Total classes": 24,
        "Total predicates": 12,
        "Average population": 22.49019607843137,
        "Total claims": 23.0,
        "Total perspectives": 22.0,
        "Total conflicts": 0,
        "Total sources": 1.0,
        "Ratio claims to triples": 0.005069429138197046,
        "Ratio perspectives to triples": 0.00484901917566674,
        "Ratio conflicts to triples": 0.0,
        "Ratio perspectives to claims": 0.9565217391304348,
        "Ratio conflicts to claims": 0.0
    },
    {
        "turn": 5,
        "cardinality conflicts": 0,
        "negation conflicts": 0,
        "subject gaps": 2,
        "object gaps": 2,
        "statement novelty": 1,
        "subject novelty": 0,
        "object novelty": 0,
        "overlaps subject-predicate": 2,
        "overlaps predicate-object": 0,
        "trust": 0.5,
        "Average degree": 11.093333333333334,
        "Sparseness": 0.005502295684113866,
        "Shortest path": 2.740020594292439,
        "Total triples": 4576.0,
        "Total classes": 24,
        "Total predicates": 12,
        "Average population": 22.666666666666668,
        "Total claims": 23.0,
        "Total perspectives": 22.0,
        "Total conflicts": 0,
        "Total sources": 1.0,
        "Ratio claims to triples": 0.005026223776223776,
        "Ratio perspectives to triples": 0.004807692307692308,
        "Ratio conflicts to triples": 0.0,
        "Ratio perspectives to claims": 0.9565217391304348,
        "Ratio conflicts to claims": 0.0
    },
    {
        "turn": 7,
        "cardinality conflicts": 0,
        "negation conflicts": 0,
        "subject gaps": 2,
        "object gaps": 2,
        "statement novelty": 1,
        "subject novelty": 0,
        "object novelty": 0,
        "overlaps subject-predicate": 2,
        "overlaps predicate-object": 0,
        "trust": 0.5,
        "Average degree": 11.120481927710843,
        "Sparseness": 0.005479750326607635,
        "Shortest path": 2.7426395570218145,
        "Total triples": 4615.0,
        "Total classes": 24,
        "Total predicates": 12,
        "Average population": 22.84313725490196,
        "Total claims": 23.0,
        "Total perspectives": 22.0,
        "Total conflicts": 0,
        "Total sources": 1.0,
        "Ratio claims to triples": 0.004983748645720477,
        "Ratio perspectives to triples": 0.004767063921993499,
        "Ratio conflicts to triples": 0.0,
        "Ratio perspectives to claims": 0.9565217391304348,
        "Ratio conflicts to claims": 0.0
    },
    {
        "turn": 9,
        "cardinality conflicts": 0,
        "negation conflicts": 0,
        "subject gaps": 2,
        "object gaps": 2,
        "statement novelty": 1,
        "subject novelty": 0,
        "object novelty": 0,
        "overlaps subject-predicate": 2,
        "overlaps predicate-object": 0,
        "trust": 0.5,
        "Average degree": 11.147305389221557,
        "Sparseness": 0.005457348775502887,
        "Shortest path": 2.745226094573443,
        "Total triples": 4654.0,
        "Total classes": 24,
        "Total predicates": 12,
        "Average population": 23.019607843137255,
        "Total claims": 23.0,
        "Total perspectives": 22.0,
        "Total conflicts": 0,
        "Total sources": 1.0,
        "Ratio claims to triples": 0.004941985388912763,
        "Ratio perspectives to triples": 0.004727116458960034,
        "Ratio conflicts to triples": 0.0,
        "Ratio perspectives to claims": 0.9565217391304348,
        "Ratio conflicts to claims": 0.0
    },
    {
        "turn": 11,
        "cardinality conflicts": 0,
        "negation conflicts": 0,
        "subject gaps": 2,
        "object gaps": 2,
        "statement novelty": 1,
        "subject novelty": 0,
        "object novelty": 0,
        "overlaps subject-predicate": 2,
        "overlaps predicate-object": 0,
        "trust": 0.5,
        "Average degree": 11.173809523809524,
        "Sparseness": 0.005435090702947846,
        "Shortest path": 2.7477836426584936,
        "Total triples": 4693.0,
        "Total classes": 24,
        "Total predicates": 12,
        "Average population": 23.19607843137255,
        "Total claims": 23.0,
        "Total perspectives": 22.0,
        "Total conflicts": 0,
        "Total sources": 1.0,
        "Ratio claims to triples": 0.004900916258256978,
        "Ratio perspectives to triples": 0.004687832942680588,
        "Ratio conflicts to triples": 0.0,
        "Ratio perspectives to claims": 0.9565217391304348,
        "Ratio conflicts to claims": 0.0
    },
    {
        "turn": 13,
        "cardinality conflicts": 0,
        "negation conflicts": 0,
        "subject gaps": 2,
        "object gaps": 2,
        "statement novelty": 1,
        "subject novelty": 0,
        "object novelty": 1,
        "overlaps subject-predicate": 2,
        "overlaps predicate-object": 0,
        "trust": 0.5,
        "Average degree": 11.203309692671395,
        "Sparseness": 0.005409967081915173,
        "Shortest path": 2.7494285674318406,
        "Total triples": 4739.0,
        "Total classes": 24,
        "Total predicates": 12,
        "Average population": 23.45098039215686,
        "Total claims": 23.0,
        "Total perspectives": 22.0,
        "Total conflicts": 0,
        "Total sources": 1.0,
        "Ratio claims to triples": 0.00485334458746571,
        "Ratio perspectives to triples": 0.0046423296054019835,
        "Ratio conflicts to triples": 0.0,
        "Ratio perspectives to claims": 0.9565217391304348,
        "Ratio conflicts to claims": 0.0
    },
    {
        "turn": 15,
        "cardinality conflicts": 0,
        "negation conflicts": 0,
        "subject gaps": 2,
        "object gaps": 2,
        "statement novelty": 1,
        "subject novelty": 0,
        "object novelty": 0,
        "overlaps subject-predicate": 2,
        "overlaps predicate-object": 0,
        "trust": 0.5,
        "Average degree": 11.229142185663925,
        "Sparseness": 0.005388006920730571,
        "Shortest path": 2.751931983134029,
        "Total triples": 4778.0,
        "Total classes": 24,
        "Total predicates": 12,
        "Average population": 23.627450980392158,
        "Total claims": 23.0,
        "Total perspectives": 22.0,
        "Total conflicts": 0,
        "Total sources": 1.0,
        "Ratio claims to triples": 0.004813729593972373,
        "Ratio perspectives to triples": 0.0046044370029300966,
        "Ratio conflicts to triples": 0.0,
        "Ratio perspectives to claims": 0.9565217391304348,
        "Ratio conflicts to claims": 0.0
    },
    {
        "turn": 17,
        "cardinality conflicts": 0,
        "negation conflicts": 0,
        "subject gaps": 2,
        "object gaps": 2,
        "statement novelty": 1,
        "subject novelty": 0,
        "object novelty": 0,
        "overlaps subject-predicate": 0,
        "overlaps predicate-object": 0,
        "trust": 0.5,
        "Average degree": 11.254672897196262,
        "Sparseness": 0.005366189186828544,
        "Shortest path": 2.7544078264196314,
        "Total triples": 4817.0,
        "Total classes": 24,
        "Total predicates": 12,
        "Average population": 23.80392156862745,
        "Total claims": 23.0,
        "Total perspectives": 22.0,
        "Total conflicts": 0,
        "Total sources": 1.0,
        "Ratio claims to triples": 0.004774756072244135,
        "Ratio perspectives to triples": 0.004567157982146564,
        "Ratio conflicts to triples": 0.0,
        "Ratio perspectives to claims": 0.9565217391304348,
        "Ratio conflicts to claims": 0.0
    },
    {
        "turn": 19,
        "cardinality conflicts": 0,
        "negation conflicts": 0,
        "subject gaps": 2,
        "object gaps": 2,
        "statement novelty": 1,
        "subject novelty": 0,
        "object novelty": 0,
        "overlaps subject-predicate": 0,
        "overlaps predicate-object": 0,
        "trust": 0.5,
        "Average degree": 11.279907084785133,
        "Sparseness": 0.005344513375447344,
        "Shortest path": 2.7568565486319314,
        "Total triples": 4856.0,
        "Total classes": 24,
        "Total predicates": 12,
        "Average population": 23.980392156862745,
        "Total claims": 23.0,
        "Total perspectives": 22.0,
        "Total conflicts": 0,
        "Total sources": 1.0,
        "Ratio claims to triples": 0.004736408566721581,
        "Ratio perspectives to triples": 0.004530477759472817,
        "Ratio conflicts to triples": 0.0,
        "Ratio perspectives to claims": 0.9565217391304348,
        "Ratio conflicts to claims": 0.0
    }
]