[
    {
        "turn": 0,
        "cardinality conflicts": 0,
        "negation conflicts": 0,
        "subject gaps": 2,
        "object gaps": 2,
        "statement novelty": 0,
        "subject novelty": 1,
        "object novelty": 1,
        "overlaps subject-predicate": 0,
        "overlaps predicate-object": 0,
        "trust": 0.5,
        "Average degree": 10.820717131474103,
        "Sparseness": 0.005915250022486416,
        "Shortest path": 2.698786414625187,
        "Total triples": 4074.0,
        "Total classes": 24,
        "Total predicates": 12,
        "Average population": 20.294117647058822,
        "Total claims": 22.0,
        "Total perspectives": 21.0,
        "Total conflicts": 0,
        "Total sources": 1.0,
        "Ratio claims to triples": 0.005400098183603338,
        "Ratio perspectives to triples": 0.005154639175257732,
        "Ratio conflicts to triples": 0.0,
        "Ratio perspectives to claims": 0.9545454545454546,
        "Ratio conflicts to claims": 0.0
    },
    {
        "turn": 3,
        "cardinality conflicts": 0,
        "negation conflicts": 0,
        "subject gaps": 2,
        "object gaps": 2,
        "statement novelty": 0,
        "subject novelty": 0,
        "object novelty": 0,
        "overlaps subject-predicate": 0,
        "overlaps predicate-object": 1,
        "trust": 0.5,
        "Average degree": 10.824607329842932,
        "Sparseness": 0.005835229297442505,
        "Shortest path": 2.704195343539212,
        "Total triples": 4135.0,
        "Total classes": 24,
        "Total predicates": 12,
        "Average population": 20.686274509803923,
        "Total claims": 23.0,
        "Total perspectives": 22.0,
        "Total conflicts": 0,
        "Total sources": 1.0,
        "Ratio claims to triples": 0.005562273276904474,
        "Ratio perspectives to triples": 0.00532043530834341,
        "Ratio conflicts to triples": 0.0,
        "Ratio perspectives to claims": 0.9565217391304348,
        "Ratio conflicts to claims": 0.0
    },
    {
        "turn": 5,
        "cardinality conflicts": 0,
        "negation conflicts": 0,
        "subject gaps": 2,
        "object gaps": 2,
        "statement novelty": 1,
        "subject novelty": 0,
        "object novelty": 0,
        "overlaps subject-predicate": 0,
        "overlaps predicate-object": 1,
        "trust": 0.5,
        "Average degree": 10.855656697009103,
        "Sparseness": 0.005810325672474174,
        "Shortest path": 2.7072259698742958,
        "Total triples": 4174.0,
        "Total classes": 24,
        "Total predicates": 12,
        "Average population": 20.862745098039216,
        "Total claims": 23.0,
        "Total perspectives": 22.0,
        "Total conflicts": 0,
        "Total sources": 1.0,
        "Ratio claims to triples": 0.005510301868711069,
        "Ratio perspectives to triples": 0.005270723526593196,
        "Ratio conflicts to triples": 0.0,
        "Ratio perspectives to claims": 0.9565217391304348,
        "Ratio conflicts to claims": 0.0
    },
    {
        "turn": 7,
        "cardinality conflicts": 0,
        "negation conflicts": 0,
        "subject gaps": 2,
        "object gaps": 2,
        "statement novelty": 1,
        "subject novelty": 0,
        "object novelty": 0,
        "overlaps subject-predicate": 0,
        "overlaps predicate-object": 2,
        "trust": 0.5,
        "Average degree": 10.88888888888889,
        "Sparseness": 0.005787245691698549,
        "Shortest path": 2.71020989400002,
        "Total triples": 4214.0,
        "Total classes": 24,
        "Total predicates": 12,
        "Average population": 21.03921568627451,
        "Total claims": 23.0,
        "Total perspectives": 22.0,
        "Total conflicts": 0,
        "Total sources": 1.0,
        "Ratio claims to triples": 0.005457997152349312,
        "Ratio perspectives to triples": 0.005220692928334125,
        "Ratio conflicts to triples": 0.0,
        "Ratio perspectives to claims": 0.9565217391304348,
        "Ratio conflicts to claims": 0.0
    },
    {
        "turn": 9,
        "cardinality conflicts": 0,
        "negation conflicts": 0,
        "subject gaps": 2,
        "object gaps": 2,
        "statement novelty": 1,
        "subject novelty": 0,
        "object novelty": 0,
        "overlaps subject-predicate": 0,
        "overlaps predicate-object": 2,
        "trust": 0.5,
        "Average degree": 10.919127086007702,
        "Sparseness": 0.005762629749802667,
        "Shortest path": 2.713167959713693,
        "Total triples": 4253.0,
        "Total classes": 24,
        "Total predicates": 12,
        "Average population": 21.215686274509803,
        "Total claims": 23.0,
        "Total perspectives": 22.0,
        "Total conflicts": 0,
        "Total sources": 1.0,
        "Ratio claims to triples": 0.005407947331295556,
        "Ratio perspectives to triples": 0.005172819186456619,
        "Ratio conflicts to triples": 0.0,
        "Ratio perspectives to claims": 0.9565217391304348,
        "Ratio conflicts to claims": 0.0
    },
    {
        "turn": 11,
        "cardinality conflicts": 0,
        "negation conflicts": 0,
        "subject gaps": 2,
        "object gaps": 2,
        "statement novelty": 0,
        "subject novelty": 1,
        "object novelty": 1,
        "overlaps subject-predicate": 0,
        "overlaps predicate-object": 0,
        "trust": 0.5,
        "Average degree": 10.902900378310214,
        "Sparseness": 0.005657956043501699,
        "Shortest path": 2.7205758722152167,
        "Total triples": 4323.0,
        "Total classes": 24,
        "Total predicates": 12,
        "Average population": 21.745098039215687,
        "Total claims": 24.0,
        "Total perspectives": 23.0,
        "Total conflicts": 0,
        "Total sources": 1.0,
        "Ratio claims to triples": 0.005551700208188758,
        "Ratio perspectives to triples": 0.005320379366180893,
        "Ratio conflicts to triples": 0.0,
        "Ratio perspectives to claims": 0.9583333333333334,
        "Ratio conflicts to claims": 0.0
    },
    {
        "turn": 13,
        "cardinality conflicts": 0,
        "negation conflicts": 0,
        "subject gaps": 2,
        "object gaps": 2,
        "statement novelty": 0,
        "subject novelty": 0,
        "object novelty": 1,
        "overlaps subject-predicate": 0,
        "overlaps predicate-object": 0,
        "trust": 0.5,
        "Average degree": 10.899378881987577,
        "Sparseness": 0.005575402183557733,
        "Shortest path": 2.727029449028151,
        "Total triples": 4387.0,
        "Total classes": 24,
        "Total predicates": 12,
        "Average population": 22.19607843137255,
        "Total claims": 25.0,
        "Total perspectives": 24.0,
        "Total conflicts": 0,
        "Total sources": 1.0,
        "Ratio claims to triples": 0.005698655117392295,
        "Ratio perspectives to triples": 0.0054707089126966035,
        "Ratio conflicts to triples": 0.0,
        "Ratio perspectives to claims": 0.96,
        "Ratio conflicts to claims": 0.0
    },
    {
        "turn": 15,
        "cardinality conflicts": 0,
        "negation conflicts": 0,
        "subject gaps": 2,
        "object gaps": 2,
        "statement novelty": 0,
        "subject novelty": 0,
        "object novelty": 1,
        "overlaps subject-predicate": 0,
        "overlaps predicate-object": 0,
        "trust": 0.5,
        "Average degree": 10.895960832313342,
        "Sparseness": 0.005495221644102,
        "Shortest path": 2.733299133606931,
        "Total triples": 4451.0,
        "Total classes": 24,
        "Total predicates": 12,
        "Average population": 22.647058823529413,
        "Total claims": 26.0,
        "Total perspectives": 25.0,
        "Total conflicts": 0,
        "Total sources": 1.0,
        "Ratio claims to triples": 0.005841383958660975,
        "Ratio perspectives to triples": 0.0056167153448663226,
        "Ratio conflicts to triples": 0.0,
        "Ratio perspectives to claims": 0.9615384615384616,
        "Ratio conflicts to claims": 0.0
    },
    {
        "turn": 17,
        "cardinality conflicts": 0,
        "negation conflicts": 0,
        "subject gaps": 2,
        "object gaps": 2,
        "statement novelty": 1,
        "subject novelty": 0,
        "object novelty": 0,
        "overlaps subject-predicate": 0,
        "overlaps predicate-object": 0,
        "trust": 0.5,
        "Average degree": 10.924574209245742,
        "Sparseness": 0.005472972572977901,
        "Shortest path": 2.7359756513183435,
        "Total triples": 4490.0,
        "Total classes": 24,
        "Total predicates": 12,
        "Average population": 22.823529411764707,
        "Total claims": 26.0,
        "Total perspectives": 25.0,
        "Total conflicts": 0,
        "Total sources": 1.0,
        "Ratio claims to triples": 0.005790645879732739,
        "Ratio perspectives to triples": 0.005567928730512249,
        "Ratio conflicts to triples": 0.0,
        "Ratio perspectives to claims": 0.9615384615384616,
        "Ratio conflicts to claims": 0.0
    },
    {
        "turn": 19,
        "cardinality conflicts": 0,
        "negation conflicts": 0,
        "subject gaps": 2,
        "object gaps": 2,
        "statement novelty": 1,
        "subject novelty": 0,
        "object novelty": 0,
        "overlaps subject-predicate": 0,
        "overlaps predicate-object": 0,
        "trust": 0.5,
        "Average degree": 10.952841596130593,
        "Sparseness": 0.005450858203117575,
        "Shortest path": 2.7386217578048373,
        "Total triples": 4529.0,
        "Total classes": 24,
        "Total predicates": 12,
        "Average population": 23.0,
        "Total claims": 26.0,
        "Total perspectives": 25.0,
        "Total conflicts": 0,
        "Total sources": 1.0,
        "Ratio claims to triples": 0.005740781629498786,
        "Ratio perspectives to triples": 0.005519982336056524,
        "Ratio conflicts to triples": 0.0,
        "Ratio perspectives to claims": 0.9615384615384616,
        "Ratio conflicts to claims": 0.0
    }
]