[
    {
        "turn": 0,
        "cardinality conflicts": 0,
        "negation conflicts": 0,
        "subject gaps": 2,
        "object gaps": 2,
        "statement novelty": 0,
        "subject novelty": 0,
        "object novelty": 1,
        "overlaps subject-predicate": 0,
        "overlaps predicate-object": 0,
        "trust": 0.5,
        "Average degree": 10.647272727272727,
        "Sparseness": 0.007914049586776859,
        "Shortest path": 2.539526411657559,
        "Total triples": 2928.0,
        "Total classes": 24,
        "Total predicates": 12,
        "Average population": 12.92156862745098,
        "Total claims": 10.0,
        "Total perspectives": 9.0,
        "Total conflicts": 0,
        "Total sources": 1.0,
        "Ratio claims to triples": 0.0034153005464480873,
        "Ratio perspectives to triples": 0.0030737704918032786,
        "Ratio conflicts to triples": 0.0,
        "Ratio perspectives to claims": 0.9,
        "Ratio conflicts to claims": 0.0
    },
    {
        "turn": 3,
        "cardinality conflicts": 0,
        "negation conflicts": 0,
        "subject gaps": 2,
        "object gaps": 2,
        "statement novelty": 1,
        "subject novelty": 0,
        "object novelty": 0,
        "overlaps subject-predicate": 0,
        "overlaps predicate-object": 0,
        "trust": 0.5,
        "Average degree": 10.683453237410072,
        "Sparseness": 0.007850913513793282,
        "Shortest path": 2.5440793311296908,
        "Total triples": 2970.0,
        "Total classes": 24,
        "Total predicates": 12,
        "Average population": 13.117647058823529,
        "Total claims": 10.0,
        "Total perspectives": 9.0,
        "Total conflicts": 0,
        "Total sources": 1.0,
        "Ratio claims to triples": 0.003367003367003367,
        "Ratio perspectives to triples": 0.0030303030303030303,
        "Ratio conflicts to triples": 0.0,
        "Ratio perspectives to claims": 0.9,
        "Ratio conflicts to claims": 0.0
    },
    {
        "turn": 5,
        "cardinality conflicts": 0,
        "negation conflicts": 0,
        "subject gaps": 2,
        "object gaps": 2,
        "statement novelty": 1,
        "subject novelty": 0,
        "object novelty": 0,
        "overlaps subject-predicate": 0,
        "overlaps predicate-object": 2,
        "trust": 0.5,
        "Average degree": 10.727272727272727,
        "Sparseness": 0.007806914695873488,
        "Shortest path": 2.549490705373058,
        "Total triples": 3009.0,
        "Total classes": 24,
        "Total predicates": 12,
        "Average population": 13.294117647058824,
        "Total claims": 10.0,
        "Total perspectives": 9.0,
        "Total conflicts": 0,
        "Total sources": 1.0,
        "Ratio claims to triples": 0.003323363243602526,
        "Ratio perspectives to triples": 0.0029910269192422734,
        "Ratio conflicts to triples": 0.0,
        "Ratio perspectives to claims": 0.9,
        "Ratio conflicts to claims": 0.0
    },
    {
        "turn": 7,
        "cardinality conflicts": 0,
        "negation conflicts": 0,
        "subject gaps": 2,
        "object gaps": 2,
        "statement novelty": 1,
        "subject novelty": 0,
        "object novelty": 0,
        "overlaps subject-predicate": 0,
        "overlaps predicate-object": 2,
        "trust": 0.5,
        "Average degree": 10.770318021201414,
        "Sparseness": 0.007763238397283023,
        "Shortest path": 2.554814096750993,
        "Total triples": 3048.0,
        "Total classes": 24,
        "Total predicates": 12,
        "Average population": 13.470588235294118,
        "Total claims": 10.0,
        "Total perspectives": 9.0,
        "Total conflicts": 0,
        "Total sources": 1.0,
        "Ratio claims to triples": 0.0032808398950131233,
        "Ratio perspectives to triples": 0.002952755905511811,
        "Ratio conflicts to triples": 0.0,
        "Ratio perspectives to claims": 0.9,
        "Ratio conflicts to claims": 0.0
    },
    {
        "turn": 9,
        "cardinality conflicts": 0,
        "negation conflicts": 0,
        "subject gaps": 2,
        "object gaps": 2,
        "statement novelty": 1,
        "subject novelty": 0,
        "object novelty": 0,
        "overlaps subject-predicate": 0,
        "overlaps predicate-object": 2,
        "trust": 0.5,
        "Average degree": 10.812609457092819,
        "Sparseness": 0.007719887989547327,
        "Shortest path": 2.5600577626202106,
        "Total triples": 3087.0,
        "Total classes": 24,
        "Total predicates": 12,
        "Average population": 13.647058823529411,
        "Total claims": 10.0,
        "Total perspectives": 9.0,
        "Total conflicts": 0,
        "Total sources": 1.0,
        "Ratio claims to triples": 0.003239390994493035,
        "Ratio perspectives to triples": 0.0029154518950437317,
        "Ratio conflicts to triples": 0.0,
        "Ratio perspectives to claims": 0.9,
        "Ratio conflicts to claims": 0.0
    },
    {
        "turn": 11,
        "cardinality conflicts": 0,
        "negation conflicts": 0,
        "subject gaps": 2,
        "object gaps": 2,
        "statement novelty": 0,
        "subject novelty": 0,
        "object novelty": 1,
        "overlaps subject-predicate": 0,
        "overlaps predicate-object": 0,
        "trust": 0.5,
        "Average degree": 10.809605488850773,
        "Sparseness": 0.007567176342864876,
        "Shortest path": 2.5720146416508993,
        "Total triples": 3151.0,
        "Total classes": 24,
        "Total predicates": 12,
        "Average population": 14.098039215686274,
        "Total claims": 11.0,
        "Total perspectives": 10.0,
        "Total conflicts": 0,
        "Total sources": 1.0,
        "Ratio claims to triples": 0.003490955252300857,
        "Ratio perspectives to triples": 0.0031735956839098697,
        "Ratio conflicts to triples": 0.0,
        "Ratio perspectives to claims": 0.9090909090909091,
        "Ratio conflicts to claims": 0.0
    },
    {
        "turn": 13,
        "cardinality conflicts": 0,
        "negation conflicts": 0,
        "subject gaps": 2,
        "object gaps": 2,
        "statement novelty": 0,
        "subject novelty": 1,
        "object novelty": 0,
        "overlaps subject-predicate": 0,
        "overlaps predicate-object": 1,
        "trust": 0.5,
        "Average degree": 10.806722689075631,
        "Sparseness": 0.007420379916672552,
        "Shortest path": 2.583510171745466,
        "Total triples": 3215.0,
        "Total classes": 24,
        "Total predicates": 12,
        "Average population": 14.549019607843137,
        "Total claims": 12.0,
        "Total perspectives": 11.0,
        "Total conflicts": 0,
        "Total sources": 1.0,
        "Ratio claims to triples": 0.0037325038880248835,
        "Ratio perspectives to triples": 0.003421461897356143,
        "Ratio conflicts to triples": 0.0,
        "Ratio perspectives to claims": 0.9166666666666666,
        "Ratio conflicts to claims": 0.0
    },
    {
        "turn": 15,
        "cardinality conflicts": 0,
        "negation conflicts": 0,
        "subject gaps": 2,
        "object gaps": 2,
        "statement novelty": 1,
        "subject novelty": 1,
        "object novelty": 0,
        "overlaps subject-predicate": 0,
        "overlaps predicate-object": 2,
        "trust": 0.5,
        "Average degree": 10.851913477537437,
        "Sparseness": 0.007375394863247887,
        "Shortest path": 2.5872989462007765,
        "Total triples": 3261.0,
        "Total classes": 24,
        "Total predicates": 12,
        "Average population": 14.803921568627452,
        "Total claims": 12.0,
        "Total perspectives": 11.0,
        "Total conflicts": 0,
        "Total sources": 1.0,
        "Ratio claims to triples": 0.0036798528058877645,
        "Ratio perspectives to triples": 0.0033731984053971173,
        "Ratio conflicts to triples": 0.0,
        "Ratio perspectives to claims": 0.9166666666666666,
        "Ratio conflicts to claims": 0.0
    },
    {
        "turn": 17,
        "cardinality conflicts": 0,
        "negation conflicts": 0,
        "subject gaps": 2,
        "object gaps": 2,
        "statement novelty": 1,
        "subject novelty": 0,
        "object novelty": 0,
        "overlaps subject-predicate": 0,
        "overlaps predicate-object": 2,
        "trust": 0.5,
        "Average degree": 10.891089108910892,
        "Sparseness": 0.007335882103061791,
        "Shortest path": 2.592002836647301,
        "Total triples": 3300.0,
        "Total classes": 24,
        "Total predicates": 12,
        "Average population": 14.980392156862745,
        "Total claims": 12.0,
        "Total perspectives": 11.0,
        "Total conflicts": 0,
        "Total sources": 1.0,
        "Ratio claims to triples": 0.0036363636363636364,
        "Ratio perspectives to triples": 0.0033333333333333335,
        "Ratio conflicts to triples": 0.0,
        "Ratio perspectives to claims": 0.9166666666666666,
        "Ratio conflicts to claims": 0.0
    },
    {
        "turn": 19,
        "cardinality conflicts": 0,
        "negation conflicts": 0,
        "subject gaps": 2,
        "object gaps": 2,
        "statement novelty": 0,
        "subject novelty": 0,
        "object novelty": 1,
        "overlaps subject-predicate": 0,
        "overlaps predicate-object": 0,
        "trust": 0.5,
        "Average degree": 10.88673139158576,
        "Sparseness": 0.007197767095024141,
        "Shortest path": 2.602723272122652,
        "Total triples": 3364.0,
        "Total classes": 24,
        "Total predicates": 12,
        "Average population": 15.431372549019608,
        "Total claims": 13.0,
        "Total perspectives": 12.0,
        "Total conflicts": 0,
        "Total sources": 1.0,
        "Ratio claims to triples": 0.0038644470868014267,
        "Ratio perspectives to triples": 0.0035671819262782403,
        "Ratio conflicts to triples": 0.0,
        "Ratio perspectives to claims": 0.9230769230769231,
        "Ratio conflicts to claims": 0.0
    }
]