[
    {
        "turn": 0,
        "cardinality conflicts": 0,
        "negation conflicts": 0,
        "subject gaps": 2,
        "object gaps": 2,
        "statement novelty": 0,
        "subject novelty": 1,
        "object novelty": 1,
        "overlaps subject-predicate": 0,
        "overlaps predicate-object": 0,
        "trust": 0.5,
        "Average degree": 10.650602409638553,
        "Sparseness": 0.006597927856002323,
        "Shortest path": 2.6417389013065837,
        "Total triples": 3536.0,
        "Total classes": 24,
        "Total predicates": 12,
        "Average population": 17.03921568627451,
        "Total claims": 17.0,
        "Total perspectives": 16.0,
        "Total conflicts": 0,
        "Total sources": 1.0,
        "Ratio claims to triples": 0.004807692307692308,
        "Ratio perspectives to triples": 0.004524886877828055,
        "Ratio conflicts to triples": 0.0,
        "Ratio perspectives to claims": 0.9411764705882353,
        "Ratio conflicts to claims": 0.0
    },
    {
        "turn": 3,
        "cardinality conflicts": 0,
        "negation conflicts": 0,
        "subject gaps": 2,
        "object gaps": 2,
        "statement novelty": 0,
        "subject novelty": 1,
        "object novelty": 0,
        "overlaps subject-predicate": 0,
        "overlaps predicate-object": 1,
        "trust": 0.5,
        "Average degree": 10.644017725258493,
        "Sparseness": 0.0064735157496034505,
        "Shortest path": 2.6497950407733386,
        "Total triples": 3603.0,
        "Total classes": 24,
        "Total predicates": 12,
        "Average population": 17.50980392156863,
        "Total claims": 18.0,
        "Total perspectives": 17.0,
        "Total conflicts": 0,
        "Total sources": 1.0,
        "Ratio claims to triples": 0.004995836802664446,
        "Ratio perspectives to triples": 0.004718290313627533,
        "Ratio conflicts to triples": 0.0,
        "Ratio perspectives to claims": 0.9444444444444444,
        "Ratio conflicts to claims": 0.0
    },
    {
        "turn": 5,
        "cardinality conflicts": 0,
        "negation conflicts": 0,
        "subject gaps": 2,
        "object gaps": 2,
        "statement novelty": 0,
        "subject novelty": 0,
        "object novelty": 0,
        "overlaps subject-predicate": 0,
        "overlaps predicate-object": 2,
        "trust": 0.5,
        "Average degree": 10.657933042212518,
        "Sparseness": 0.00639025020711106,
        "Shortest path": 2.6574450116915136,
        "Total triples": 3661.0,
        "Total classes": 24,
        "Total predicates": 12,
        "Average population": 17.88235294117647,
        "Total claims": 19.0,
        "Total perspectives": 18.0,
        "Total conflicts": 0,
        "Total sources": 1.0,
        "Ratio claims to triples": 0.00518983884184649,
        "Ratio perspectives to triples": 0.004916689429117728,
        "Ratio conflicts to triples": 0.0,
        "Ratio perspectives to claims": 0.9473684210526315,
        "Ratio conflicts to claims": 0.0
    },
    {
        "turn": 7,
        "cardinality conflicts": 0,
        "negation conflicts": 0,
        "subject gaps": 2,
        "object gaps": 2,
        "statement novelty": 0,
        "subject novelty": 0,
        "object novelty": 1,
        "overlaps subject-predicate": 0,
        "overlaps predicate-object": 0,
        "trust": 0.5,
        "Average degree": 10.658082975679543,
        "Sparseness": 0.006285292089046072,
        "Shortest path": 2.6658714249992825,
        "Total triples": 3725.0,
        "Total classes": 24,
        "Total predicates": 12,
        "Average population": 18.333333333333332,
        "Total claims": 20.0,
        "Total perspectives": 19.0,
        "Total conflicts": 0,
        "Total sources": 1.0,
        "Ratio claims to triples": 0.005369127516778523,
        "Ratio perspectives to triples": 0.005100671140939597,
        "Ratio conflicts to triples": 0.0,
        "Ratio perspectives to claims": 0.95,
        "Ratio conflicts to claims": 0.0
    },
    {
        "turn": 9,
        "cardinality conflicts": 0,
        "negation conflicts": 0,
        "subject gaps": 2,
        "object gaps": 2,
        "statement novelty": 0,
        "subject novelty": 0,
        "object novelty": 0,
        "overlaps subject-predicate": 0,
        "overlaps predicate-object": 3,
        "trust": 0.5,
        "Average degree": 10.671368124118477,
        "Sparseness": 0.006206719569667443,
        "Shortest path": 2.673077382802228,
        "Total triples": 3783.0,
        "Total classes": 24,
        "Total predicates": 12,
        "Average population": 18.705882352941178,
        "Total claims": 21.0,
        "Total perspectives": 20.0,
        "Total conflicts": 0,
        "Total sources": 1.0,
        "Ratio claims to triples": 0.0055511498810467885,
        "Ratio perspectives to triples": 0.005286809410520751,
        "Ratio conflicts to triples": 0.0,
        "Ratio perspectives to claims": 0.9523809523809523,
        "Ratio conflicts to claims": 0.0
    },
    {
        "turn": 11,
        "cardinality conflicts": 0,
        "negation conflicts": 0,
        "subject gaps": 2,
        "object gaps": 2,
        "statement novelty": 0,
        "subject novelty": 0,
        "object novelty": 1,
        "overlaps subject-predicate": 0,
        "overlaps predicate-object": 0,
        "trust": 0.5,
        "Average degree": 10.67128987517337,
        "Sparseness": 0.006107636758162592,
        "Shortest path": 2.6810063183849593,
        "Total triples": 3847.0,
        "Total classes": 24,
        "Total predicates": 12,
        "Average population": 19.15686274509804,
        "Total claims": 22.0,
        "Total perspectives": 21.0,
        "Total conflicts": 0,
        "Total sources": 1.0,
        "Ratio claims to triples": 0.005718741876787107,
        "Ratio perspectives to triples": 0.005458799064205874,
        "Ratio conflicts to triples": 0.0,
        "Ratio perspectives to claims": 0.9545454545454546,
        "Ratio conflicts to claims": 0.0
    },
    {
        "turn": 13,
        "cardinality conflicts": 0,
        "negation conflicts": 0,
        "subject gaps": 2,
        "object gaps": 2,
        "statement novelty": 0,
        "subject novelty": 0,
        "object novelty": 1,
        "overlaps subject-predicate": 0,
        "overlaps predicate-object": 0,
        "trust": 0.5,
        "Average degree": 10.671214188267394,
        "Sparseness": 0.006011662252530761,
        "Shortest path": 2.6886848716629763,
        "Total triples": 3911.0,
        "Total classes": 24,
        "Total predicates": 12,
        "Average population": 19.607843137254903,
        "Total claims": 23.0,
        "Total perspectives": 22.0,
        "Total conflicts": 0,
        "Total sources": 1.0,
        "Ratio claims to triples": 0.005880848887752493,
        "Ratio perspectives to triples": 0.005625159805676298,
        "Ratio conflicts to triples": 0.0,
        "Ratio perspectives to claims": 0.9565217391304348,
        "Ratio conflicts to claims": 0.0
    },
    {
        "turn": 15,
        "cardinality conflicts": 0,
        "negation conflicts": 0,
        "subject gaps": 2,
        "object gaps": 2,
        "statement novelty": 0,
        "subject novelty": 0,
        "object novelty": 0,
        "overlaps subject-predicate": 0,
        "overlaps predicate-object": 4,
        "trust": 0.5,
        "Average degree": 10.68371467025572,
        "Sparseness": 0.005939690136201678,
        "Shortest path": 2.695279935280951,
        "Total triples": 3969.0,
        "Total classes": 24,
        "Total predicates": 12,
        "Average population": 19.980392156862745,
        "Total claims": 24.0,
        "Total perspectives": 23.0,
        "Total conflicts": 0,
        "Total sources": 1.0,
        "Ratio claims to triples": 0.006046863189720333,
        "Ratio perspectives to triples": 0.005794910556815319,
        "Ratio conflicts to triples": 0.0,
        "Ratio perspectives to claims": 0.9583333333333334,
        "Ratio conflicts to claims": 0.0
    },
    {
        "turn": 17,
        "cardinality conflicts": 0,
        "negation conflicts": 0,
        "subject gaps": 2,
        "object gaps": 2,
        "statement novelty": 1,
        "subject novelty": 1,
        "object novelty": 0,
        "overlaps subject-predicate": 0,
        "overlaps predicate-object": 5,
        "trust": 0.5,
        "Average degree": 10.720961281708945,
        "Sparseness": 0.005910862903987693,
        "Shortest path": 2.697511119996002,
        "Total triples": 4015.0,
        "Total classes": 24,
        "Total predicates": 12,
        "Average population": 20.235294117647058,
        "Total claims": 24.0,
        "Total perspectives": 23.0,
        "Total conflicts": 0,
        "Total sources": 1.0,
        "Ratio claims to triples": 0.005977584059775841,
        "Ratio perspectives to triples": 0.00572851805728518,
        "Ratio conflicts to triples": 0.0,
        "Ratio perspectives to claims": 0.9583333333333334,
        "Ratio conflicts to claims": 0.0
    },
    {
        "turn": 19,
        "cardinality conflicts": 0,
        "negation conflicts": 0,
        "subject gaps": 2,
        "object gaps": 2,
        "statement novelty": 1,
        "subject novelty": 1,
        "object novelty": 0,
        "overlaps subject-predicate": 0,
        "overlaps predicate-object": 5,
        "trust": 0.5,
        "Average degree": 10.757615894039736,
        "Sparseness": 0.0058821981492039824,
        "Shortest path": 2.6997101551109317,
        "Total triples": 4061.0,
        "Total classes": 24,
        "Total predicates": 12,
        "Average population": 20.49019607843137,
        "Total claims": 24.0,
        "Total perspectives": 23.0,
        "Total conflicts": 0,
        "Total sources": 1.0,
        "Ratio claims to triples": 0.005909874415168678,
        "Ratio perspectives to triples": 0.005663629647869982,
        "Ratio conflicts to triples": 0.0,
        "Ratio perspectives to claims": 0.9583333333333334,
        "Ratio conflicts to claims": 0.0
    }
]