[
    {
        "turn": 0,
        "cardinality conflicts": 0,
        "negation conflicts": 0,
        "subject gaps": 2,
        "object gaps": 2,
        "statement novelty": 0,
        "subject novelty": 0,
        "object novelty": 1,
        "overlaps subject-predicate": 0,
        "overlaps predicate-object": 0,
        "trust": 0.5,
        "Average degree": 10.86449864498645,
        "Sparseness": 0.00603880700053613,
        "Shortest path": 2.694123616948517,
        "Total triples": 4009.0,
        "Total classes": 24,
        "Total predicates": 12,
        "Average population": 19.58823529411765,
        "Total claims": 20.0,
        "Total perspectives": 19.0,
        "Total conflicts": 0,
        "Total sources": 1.0,
        "Ratio claims to triples": 0.004988775255674732,
        "Ratio perspectives to triples": 0.004739336492890996,
        "Ratio conflicts to triples": 0.0,
        "Ratio perspectives to claims": 0.95,
        "Ratio conflicts to claims": 0.0
    },
    {
        "turn": 3,
        "cardinality conflicts": 0,
        "negation conflicts": 0,
        "subject gaps": 2,
        "object gaps": 2,
        "statement novelty": 0,
        "subject novelty": 0,
        "object novelty": 1,
        "overlaps subject-predicate": 0,
        "overlaps predicate-object": 0,
        "trust": 0.5,
        "Average degree": 10.85486018641811,
        "Sparseness": 0.005934386641158438,
        "Shortest path": 2.7005308477585444,
        "Total triples": 4076.0,
        "Total classes": 24,
        "Total predicates": 12,
        "Average population": 20.058823529411764,
        "Total claims": 21.0,
        "Total perspectives": 20.0,
        "Total conflicts": 0,
        "Total sources": 1.0,
        "Ratio claims to triples": 0.005152109911678116,
        "Ratio perspectives to triples": 0.004906771344455349,
        "Ratio conflicts to triples": 0.0,
        "Ratio perspectives to claims": 0.9523809523809523,
        "Ratio conflicts to claims": 0.0
    },
    {
        "turn": 5,
        "cardinality conflicts": 0,
        "negation conflicts": 0,
        "subject gaps": 2,
        "object gaps": 2,
        "statement novelty": 1,
        "subject novelty": 0,
        "object novelty": 0,
        "overlaps subject-predicate": 0,
        "overlaps predicate-object": 0,
        "trust": 0.5,
        "Average degree": 10.886243386243386,
        "Sparseness": 0.005908639175834943,
        "Shortest path": 2.7036336241634253,
        "Total triples": 4115.0,
        "Total classes": 24,
        "Total predicates": 12,
        "Average population": 20.235294117647058,
        "Total claims": 21.0,
        "Total perspectives": 20.0,
        "Total conflicts": 0,
        "Total sources": 1.0,
        "Ratio claims to triples": 0.005103280680437424,
        "Ratio perspectives to triples": 0.004860267314702308,
        "Ratio conflicts to triples": 0.0,
        "Ratio perspectives to claims": 0.9523809523809523,
        "Ratio conflicts to claims": 0.0
    },
    {
        "turn": 7,
        "cardinality conflicts": 0,
        "negation conflicts": 0,
        "subject gaps": 2,
        "object gaps": 2,
        "statement novelty": 1,
        "subject novelty": 0,
        "object novelty": 0,
        "overlaps subject-predicate": 0,
        "overlaps predicate-object": 0,
        "trust": 0.5,
        "Average degree": 10.917214191852825,
        "Sparseness": 0.005883053800501104,
        "Shortest path": 2.7066982502247736,
        "Total triples": 4154.0,
        "Total classes": 24,
        "Total predicates": 12,
        "Average population": 20.41176470588235,
        "Total claims": 21.0,
        "Total perspectives": 20.0,
        "Total conflicts": 0,
        "Total sources": 1.0,
        "Ratio claims to triples": 0.0050553683196918634,
        "Ratio perspectives to triples": 0.004814636494944632,
        "Ratio conflicts to triples": 0.0,
        "Ratio perspectives to claims": 0.9523809523809523,
        "Ratio conflicts to claims": 0.0
    },
    {
        "turn": 9,
        "cardinality conflicts": 0,
        "negation conflicts": 0,
        "subject gaps": 2,
        "object gaps": 2,
        "statement novelty": 1,
        "subject novelty": 0,
        "object novelty": 0,
        "overlaps subject-predicate": 0,
        "overlaps predicate-object": 0,
        "trust": 0.5,
        "Average degree": 10.947780678851174,
        "Sparseness": 0.005857630769860044,
        "Shortest path": 2.709725421935528,
        "Total triples": 4193.0,
        "Total classes": 24,
        "Total predicates": 12,
        "Average population": 20.58823529411765,
        "Total claims": 21.0,
        "Total perspectives": 20.0,
        "Total conflicts": 0,
        "Total sources": 1.0,
        "Ratio claims to triples": 0.005008347245409015,
        "Ratio perspectives to triples": 0.004769854519437157,
        "Ratio conflicts to triples": 0.0,
        "Ratio perspectives to claims": 0.9523809523809523,
        "Ratio conflicts to claims": 0.0
    },
    {
        "turn": 11,
        "cardinality conflicts": 0,
        "negation conflicts": 0,
        "subject gaps": 2,
        "object gaps": 2,
        "statement novelty": 1,
        "subject novelty": 0,
        "object novelty": 0,
        "overlaps subject-predicate": 0,
        "overlaps predicate-object": 0,
        "trust": 0.5,
        "Average degree": 10.977950713359274,
        "Sparseness": 0.005832370243640664,
        "Shortest path": 2.7127158185523945,
        "Total triples": 4232.0,
        "Total classes": 24,
        "Total predicates": 12,
        "Average population": 20.764705882352942,
        "Total claims": 21.0,
        "Total perspectives": 20.0,
        "Total conflicts": 0,
        "Total sources": 1.0,
        "Ratio claims to triples": 0.00496219281663516,
        "Ratio perspectives to triples": 0.004725897920604915,
        "Ratio conflicts to triples": 0.0,
        "Ratio perspectives to claims": 0.9523809523809523,
        "Ratio conflicts to claims": 0.0
    },
    {
        "turn": 13,
        "cardinality conflicts": 0,
        "negation conflicts": 0,
        "subject gaps": 2,
        "object gaps": 2,
        "statement novelty": 0,
        "subject novelty": 0,
        "object novelty": 1,
        "overlaps subject-predicate": 1,
        "overlaps predicate-object": 0,
        "trust": 0.5,
        "Average degree": 10.973180076628353,
        "Sparseness": 0.005744679809946028,
        "Shortest path": 2.7194637975130083,
        "Total triples": 4296.0,
        "Total classes": 24,
        "Total predicates": 12,
        "Average population": 21.215686274509803,
        "Total claims": 22.0,
        "Total perspectives": 21.0,
        "Total conflicts": 0,
        "Total sources": 1.0,
        "Ratio claims to triples": 0.005121042830540037,
        "Ratio perspectives to triples": 0.004888268156424581,
        "Ratio conflicts to triples": 0.0,
        "Ratio perspectives to claims": 0.9545454545454546,
        "Ratio conflicts to claims": 0.0
    },
    {
        "turn": 15,
        "cardinality conflicts": 0,
        "negation conflicts": 0,
        "subject gaps": 2,
        "object gaps": 2,
        "statement novelty": 0,
        "subject novelty": 0,
        "object novelty": 1,
        "overlaps subject-predicate": 0,
        "overlaps predicate-object": 0,
        "trust": 0.5,
        "Average degree": 10.968553459119496,
        "Sparseness": 0.005659586250543886,
        "Shortest path": 2.7260142895616495,
        "Total triples": 4360.0,
        "Total classes": 24,
        "Total predicates": 12,
        "Average population": 21.666666666666668,
        "Total claims": 23.0,
        "Total perspectives": 22.0,
        "Total conflicts": 0,
        "Total sources": 1.0,
        "Ratio claims to triples": 0.005275229357798165,
        "Ratio perspectives to triples": 0.005045871559633028,
        "Ratio conflicts to triples": 0.0,
        "Ratio perspectives to claims": 0.9565217391304348,
        "Ratio conflicts to claims": 0.0
    },
    {
        "turn": 17,
        "cardinality conflicts": 0,
        "negation conflicts": 0,
        "subject gaps": 2,
        "object gaps": 2,
        "statement novelty": 0,
        "subject novelty": 0,
        "object novelty": 1,
        "overlaps subject-predicate": 0,
        "overlaps predicate-object": 0,
        "trust": 0.5,
        "Average degree": 10.964064436183396,
        "Sparseness": 0.0055769759339361746,
        "Shortest path": 2.7323758305890458,
        "Total triples": 4424.0,
        "Total classes": 24,
        "Total predicates": 12,
        "Average population": 22.11764705882353,
        "Total claims": 24.0,
        "Total perspectives": 23.0,
        "Total conflicts": 0,
        "Total sources": 1.0,
        "Ratio claims to triples": 0.0054249547920434,
        "Ratio perspectives to triples": 0.005198915009041591,
        "Ratio conflicts to triples": 0.0,
        "Ratio perspectives to claims": 0.9583333333333334,
        "Ratio conflicts to claims": 0.0
    },
    {
        "turn": 19,
        "cardinality conflicts": 0,
        "negation conflicts": 0,
        "subject gaps": 2,
        "object gaps": 2,
        "statement novelty": 0,
        "subject novelty": 0,
        "object novelty": 1,
        "overlaps subject-predicate": 2,
        "overlaps predicate-object": 0,
        "trust": 0.5,
        "Average degree": 10.95970695970696,
        "Sparseness": 0.005496741760478025,
        "Shortest path": 2.7385564720528044,
        "Total triples": 4488.0,
        "Total classes": 24,
        "Total predicates": 12,
        "Average population": 22.568627450980394,
        "Total claims": 25.0,
        "Total perspectives": 24.0,
        "Total conflicts": 0,
        "Total sources": 1.0,
        "Ratio claims to triples": 0.005570409982174688,
        "Ratio perspectives to triples": 0.0053475935828877,
        "Ratio conflicts to triples": 0.0,
        "Ratio perspectives to claims": 0.96,
        "Ratio conflicts to claims": 0.0
    }
]